gen,evals,gen_feats,explored,Pam50 naive Bayes adjusted balanced accuracy_min,Pam50 naive Bayes adjusted balanced accuracy_avg,Pam50 naive Bayes adjusted balanced accuracy_max,Pam50 naive Bayes adjusted balanced accuracy_std,adjusted root leanness_min,adjusted root leanness_avg,adjusted root leanness_max,adjusted root leanness_std
0,500,1065,1065,0.17231692670046278,0.4353471598176188,0.6804014198808825,0.11657759141307099,0.14002800840280097,0.2558856911812946,1.0,0.15222798263943055
1,507,1278,1321,0.17231692670046278,0.46059464088930996,0.6804014198808825,0.12369821967737434,0.13130643285972254,0.28034244961685695,1.0,0.14290207099149896
2,500,1310,1560,0.17506598685083874,0.4956993843159904,0.6804014198808825,0.11689718559618334,0.12803687993289598,0.27673355232002755,1.0,0.14152366776600273
3,500,1309,1773,0.17506598685083874,0.518865600968468,0.6823502008902922,0.11552414838061667,0.12803687993289598,0.27382700903083296,1.0,0.13860179908581677
4,500,1399,2017,0.17506598685083874,0.5354330939558358,0.6873120176873202,0.11469851855940953,0.12598815766974242,0.27273706648821006,1.0,0.1383824621519903
5,500,1429,2265,0.17506598685083874,0.5492285700576308,0.6960904579019014,0.11201350785478481,0.12403473458920845,0.2724416862720332,1.0,0.13728136383657633
6,500,1421,2487,0.17506598685083874,0.5607134080457012,0.6991022146345058,0.11202409602454907,0.12803687993289598,0.27115648268340303,1.0,0.13838120819730612
7,500,1385,2691,0.17506598685083874,0.5722622278701672,0.7148746086707669,0.10791803672974712,0.12803687993289598,0.2698787507586659,1.0,0.1345330756609408
8,500,1442,2912,0.17506598685083874,0.5783314869170085,0.7261976606188187,0.10887588237016826,0.12803687993289598,0.2744401230683361,1.0,0.1360559078891208
9,500,1408,3114,0.17506598685083874,0.5849808939897393,0.736131603396285,0.10801685831140659,0.11867816581938534,0.2761629538322363,1.0,0.13582974036532056
10,500,1411,3328,0.17506598685083874,0.5944645143003825,0.736131603396285,0.10986286497928788,0.11785113019775792,0.2740217232248536,1.0,0.13753151401918812
11,500,1449,3532,0.17506598685083874,0.6065915071959994,0.736131603396285,0.10661324282599666,0.11785113019775792,0.2684556510820191,1.0,0.13599559089444246
12,500,1461,3747,0.17506598685083874,0.6113325915089183,0.7586111658025729,0.10952398473381458,0.11785113019775792,0.27202066145973774,1.0,0.138638155964167
13,500,1446,3929,0.17506598685083874,0.6204149951653786,0.7586111658025729,0.10736719776028389,0.11785113019775792,0.26945163088380925,1.0,0.13667713142977278
14,500,1425,4105,0.17506598685083874,0.6235633496781575,0.7586111658025729,0.10953394536867123,0.11952286093343936,0.27385611665695414,1.0,0.13841320891004344
15,500,1459,4296,0.17506598685083874,0.6300070960882763,0.7612093571505674,0.10927248479079432,0.13130643285972254,0.27452338332016235,1.0,0.13695020341111017
16,500,1395,4485,0.17506598685083874,0.6366420040832911,0.7612093571505674,0.10792945329722438,0.13018891098082386,0.2764939860220218,1.0,0.13599125794456818
17,500,1448,4671,0.17506598685083874,0.6444265264602734,0.7612093571505674,0.10777036975874724,0.13018891098082386,0.2747755222636151,1.0,0.13651986207605685
18,500,1478,4881,0.17506598685083874,0.6535793685034595,0.7612093571505674,0.10500294742785822,0.12909944487358055,0.27088488170628255,1.0,0.13444379608591464
19,500,1478,5065,0.17506598685083874,0.6545148535398804,0.7777272057663911,0.10790276215509668,0.12309149097933274,0.27658479954400056,1.0,0.13614690165825574
20,500,1427,5228,0.17506598685083874,0.6575800021899486,0.7777272057663911,0.10765266645714743,0.12309149097933274,0.27850930656982703,1.0,0.13568247304475134
21,500,1462,5403,0.17506598685083874,0.660738755931611,0.7777272057663911,0.10878287553163245,0.12803687993289598,0.28054053905521026,1.0,0.1357610328564467
22,500,1420,5556,0.17506598685083874,0.6636167776564456,0.7777272057663911,0.11007517653354125,0.12803687993289598,0.2823742121669593,1.0,0.13633520015929057
23,500,1432,5710,0.17506598685083874,0.6703731527224447,0.7797570703366354,0.10889225571670966,0.12598815766974242,0.2803652403684715,1.0,0.134454122873122
24,500,1468,5872,0.17506598685083874,0.6740362297382696,0.7886572041087359,0.10934572262318007,0.12598815766974242,0.28114466750317924,1.0,0.13416278307587906
25,500,1461,6021,0.17506598685083874,0.6800057686423479,0.7935444392079154,0.11012876203651963,0.12309149097933274,0.2792747054031164,1.0,0.13507640048471814
26,500,1428,6178,0.17506598685083874,0.6858218453150451,0.7935444392079154,0.1104978401074579,0.12598815766974242,0.27784493248586034,1.0,0.13571637928626762
27,500,1463,6325,0.17506598685083874,0.6906536609302262,0.7967591777076761,0.11088635110513544,0.12598815766974242,0.27609121110110574,1.0,0.13698711390253193
28,500,1406,6472,0.17506598685083874,0.6959845903905126,0.7967591777076761,0.11155979091560478,0.125,0.2749332990629222,1.0,0.13783655536854403
29,500,1469,6627,0.17506598685083874,0.69973356718061,0.800755666104771,0.11092527381178506,0.125,0.2753055958903171,1.0,0.13748177560090832
30,500,1417,6778,0.17506598685083874,0.7028205836722337,0.800755666104771,0.11100333402704886,0.125,0.2775356479032568,1.0,0.13654787604998417
31,500,1453,6945,0.17506598685083874,0.7088912401890017,0.8050961051855978,0.11121268139024824,0.12403473458920845,0.27408388568778613,1.0,0.1372380360883451
32,500,1409,7093,0.17506598685083874,0.7130020693764915,0.8050961051855978,0.1105948023975966,0.1203858530857692,0.2723775270492629,1.0,0.13691177778844768
33,500,1482,7260,0.17506598685083874,0.7182619081405219,0.8050961051855978,0.10911291975602119,0.1203858530857692,0.26893475487876106,1.0,0.13639230017048332
34,500,1428,7398,0.17506598685083874,0.7216424297783808,0.8086959543594305,0.10906771310328867,0.12403473458920845,0.2673359044483299,1.0,0.13646303874177526
35,500,1425,7539,0.17506598685083874,0.7268562435384205,0.8089772057663911,0.10628517759799704,0.12403473458920845,0.2630615769368802,1.0,0.13432962260387374
36,500,1433,7673,0.17506598685083874,0.7247465880629735,0.8089772057663911,0.10986355840823468,0.12403473458920845,0.2693944481184372,1.0,0.13602230602921736
37,500,1472,7827,0.17506598685083874,0.7277667156990206,0.8098700629092481,0.10850033756485974,0.12403473458920845,0.2696613544681257,1.0,0.1357236846935552
38,500,1435,7960,0.17506598685083874,0.7302577845865362,0.8128761576916588,0.10782255059565998,0.12403473458920845,0.2702992396461708,1.0,0.1354749096052812
39,500,1459,8088,0.17506598685083874,0.7315383724027015,0.8182575087966941,0.10783121232130267,0.1270001270001905,0.2713364487717066,1.0,0.13523532181264641
40,500,1454,8221,0.17506598685083874,0.7339812433081906,0.8182575087966941,0.10800887618684582,0.1270001270001905,0.2704245742581155,1.0,0.13572071812070974
41,500,1463,8369,0.17506598685083874,0.7364054322764605,0.8182575087966941,0.10768884287485056,0.12598815766974242,0.269821453671126,1.0,0.13612028519126487
42,500,1420,8516,0.17506598685083874,0.7383677325733377,0.8184255169362591,0.10704606066682687,0.12598815766974242,0.2701146511714557,1.0,0.13579156474311535
43,500,1378,8630,0.17506598685083874,0.7395854289048713,0.8184255169362591,0.10724197824543091,0.12598815766974242,0.27111087616291807,1.0,0.1354330018500698
44,500,1456,8750,0.17506598685083874,0.7409431964183749,0.8184255169362591,0.10762262611929173,0.12598815766974242,0.27107942521533623,1.0,0.1356572943762749
45,500,1416,8887,0.17506598685083874,0.7428071127671537,0.824014096271096,0.10799063646993647,0.12598815766974242,0.2698361342465524,1.0,0.13629409771137932
46,500,1423,9008,0.17506598685083874,0.7457017040101632,0.824014096271096,0.10724108281567508,0.13130643285972254,0.26734778710012175,1.0,0.1354455395748944
47,500,1373,9127,0.17506598685083874,0.7456049610384853,0.8252850122313833,0.1085026180485929,0.13130643285972254,0.269117544578475,1.0,0.1358668470974109
48,500,1456,9250,0.17506598685083874,0.7490223135856126,0.8252850122313833,0.10652405533106962,0.13018891098082386,0.2658492300968355,1.0,0.13417136006090633
49,500,1449,9396,0.17506598685083874,0.7512133366573773,0.8252850122313833,0.1056670870240001,0.13018891098082386,0.26457384647837395,1.0,0.13357769742900466
50,500,1452,9523,0.17506598685083874,0.7525832384805253,0.8252850122313833,0.10612145436896135,0.13018891098082386,0.26347527866007525,1.0,0.1343280497374101
51,500,1383,9643,0.17506598685083874,0.7495071328824255,0.8252850122313833,0.11050571161024918,0.13018891098082386,0.26907882789779397,1.0,0.13643151113750984
52,500,1396,9745,0.17506598685083874,0.7543969970280238,0.8261543646066054,0.10629596220458726,0.13018891098082386,0.26397031891607803,1.0,0.1339668166050143
53,500,1407,9871,0.17506598685083874,0.7504930186894172,0.8261543646066054,0.11082454789165128,0.1336306209562122,0.2706912007279118,1.0,0.13545446676715311
54,500,1412,9979,0.17506598685083874,0.7529351669714587,0.8289960027588723,0.10991543408190887,0.13245323570650439,0.2696301794330062,1.0,0.13464245355237997
55,500,1413,10105,0.17506598685083874,0.7567663856516649,0.832286171396307,0.10628010143426471,0.13245323570650439,0.26675695581920855,1.0,0.13223623972596296
56,500,1383,10216,0.17506598685083874,0.7552559047252744,0.832286171396307,0.10919217100158002,0.13245323570650439,0.26959903996761964,1.0,0.13441528078694512
57,500,1338,10315,0.17506598685083874,0.7553513995694888,0.834138162049314,0.1100960444923269,0.13245323570650439,0.27045285541220515,1.0,0.13504270912874508
58,500,1390,10418,0.17506598685083874,0.7585671195222696,0.834138162049314,0.10693625838438482,0.13245323570650439,0.2677204644482995,1.0,0.13327379646644474
59,500,1361,10503,0.17506598685083874,0.7608479196530402,0.834138162049314,0.10643098910023453,0.13245323570650439,0.26582873601496715,1.0,0.1327960336338203
60,500,1373,10597,0.17506598685083874,0.7619306688845838,0.834138162049314,0.10618724032392639,0.13245323570650439,0.2663178980202148,1.0,0.1326182165889155
61,500,1412,10718,0.17506598685083874,0.7627241034099284,0.834138162049314,0.10635102108084231,0.13245323570650439,0.2666180284099742,1.0,0.13243362629220184
62,500,1410,10825,0.17506598685083874,0.7637912641499657,0.834138162049314,0.10655535833369674,0.13483997249264842,0.26553588891634605,1.0,0.13299223658893708
63,500,1407,10925,0.17506598685083874,0.7640769864596184,0.834138162049314,0.10658327953961401,0.1336306209562122,0.26598841066258605,1.0,0.13267691720349972
64,500,1391,11025,0.17506598685083874,0.7646346698709912,0.8345845906207425,0.1064618902170825,0.13245323570650439,0.2664048341658831,1.0,0.1324078615893769
65,500,1411,11120,0.17506598685083874,0.7651405313793485,0.8345845906207425,0.10660734786174707,0.13245323570650439,0.26640509415761726,1.0,0.1324045598100164
66,500,1341,11200,0.17506598685083874,0.7659547243280374,0.8345845906207425,0.10677095044507977,0.13245323570650439,0.26618875405207165,1.0,0.13261877863245133
67,500,1332,11281,0.17506598685083874,0.7652560972656892,0.8345845906207425,0.10841190791546768,0.13245323570650439,0.2676223980615986,1.0,0.13349881027143232
68,500,1373,11370,0.17506598685083874,0.7670717210846949,0.8345845906207425,0.10681075359643781,0.13245323570650439,0.2663818316674482,1.0,0.13233040436776666
69,500,1340,11446,0.17506598685083874,0.767463124581529,0.8345845906207425,0.10688554166058882,0.13245323570650439,0.26643364681306414,1.0,0.1323493328362425
70,500,1372,11533,0.17506598685083874,0.7681251521327151,0.8345845906207425,0.10707171885026082,0.13130643285972254,0.26568005978261594,1.0,0.13277622275702705
71,500,1401,11627,0.17506598685083874,0.7688775431555226,0.8349647428248785,0.1073292611590318,0.13130643285972254,0.2647571179999331,1.0,0.13343664031122301
72,500,1342,11720,0.17506598685083874,0.7733018718818704,0.8350566173465117,0.10422828297651529,0.12803687993289598,0.25808618643564146,1.0,0.13146003019429933
73,500,1417,11814,0.17506598685083874,0.7735659982600095,0.8358526756059328,0.10434096788233634,0.13130643285972254,0.25831115410722827,1.0,0.1313714716967269
74,500,1409,11905,0.17506598685083874,0.773950239099929,0.8358526756059328,0.1044325445868384,0.13130643285972254,0.2582823185856407,1.0,0.13139805461663862
75,500,1385,11995,0.17506598685083874,0.7744076836776226,0.8358526756059328,0.10451765862951838,0.13130643285972254,0.2582518467434001,1.0,0.13143241888942955
76,500,1379,12078,0.17506598685083874,0.7747170982132131,0.8367504571105926,0.10462067794841397,0.13130643285972254,0.2581946407699894,1.0,0.13146521895622873
77,500,1413,12157,0.17506598685083874,0.7749722467251433,0.8367504571105926,0.10463006504072853,0.13130643285972254,0.25867812062704315,1.0,0.13111383200238594
78,500,1367,12239,0.17506598685083874,0.7712337688023151,0.8370552047581548,0.10842897331351418,0.12909944487358055,0.26441386311368265,1.0,0.13313894258547418
79,500,1401,12310,0.17506598685083874,0.7712043383689235,0.8414482897433448,0.1082582838843339,0.13130643285972254,0.2661054103232914,1.0,0.13263289336690778
80,500,1355,12383,0.17506598685083874,0.7713540217175373,0.8414482897433448,0.10795414239327818,0.13130643285972254,0.26680532493255005,1.0,0.13227522599712843
81,500,1343,12468,0.17506598685083874,0.7725223361396159,0.8414482897433448,0.10821214584761,0.13130643285972254,0.2649868883130351,1.0,0.13295363980868483
82,500,1375,12532,0.17506598685083874,0.7747304432422254,0.8414482897433448,0.10539507289169757,0.13130643285972254,0.26245644626340836,1.0,0.13119726747923396
83,500,1414,12619,0.17506598685083874,0.7770364140500972,0.8414482897433448,0.1050770173014357,0.13130643285972254,0.25861162058683385,1.0,0.13106746577829387
84,500,1379,12695,0.17506598685083874,0.774381128611064,0.8414482897433448,0.10958800589361338,0.13130643285972254,0.2623257209696803,1.0,0.1332473780293364
85,500,1348,12773,0.17506598685083874,0.7749213584299635,0.8414482897433448,0.10854140593145423,0.13130643285972254,0.2621537150737643,1.0,0.1335311853464072
86,500,1419,12842,0.17506598685083874,0.7779333067138469,0.8414482897433448,0.10521025852353552,0.13018891098082386,0.25900303497197663,1.0,0.13114062983229505
87,500,1381,12906,0.17506598685083874,0.7781867302495504,0.8418947183147734,0.10529766068009778,0.13018891098082386,0.25890667793807143,1.0,0.13124957928270362
88,500,1406,12967,0.17506598685083874,0.7784612667029596,0.8433970707527545,0.10533275704513906,0.13130643285972254,0.25893639283339587,1.0,0.13123149108469526
89,500,1338,13038,0.17506598685083874,0.7788578346743305,0.8433970707527545,0.1051624464178072,0.13130643285972254,0.2586766311383722,1.0,0.13127688451770467
90,500,1404,13105,0.17506598685083874,0.7794938442597393,0.8433970707527545,0.1051536177949131,0.13018891098082386,0.2577969567686406,1.0,0.13136351713267128
91,500,1386,13172,0.17506598685083874,0.7797840802266298,0.8433970707527545,0.10525565708272436,0.13018891098082386,0.25769160233775357,1.0,0.13147708869203947
92,500,1399,13234,0.17506598685083874,0.7802108026276924,0.8433970707527545,0.10526325018466451,0.13018891098082386,0.2573722439176121,1.0,0.13143062279045306
93,500,1370,13289,0.17506598685083874,0.7803183977927962,0.8433970707527545,0.10530114435891286,0.13018891098082386,0.25763657288969677,1.0,0.13137465412694638
94,500,1348,13349,0.17506598685083874,0.7811050422670056,0.8433970707527545,0.10549930498476995,0.13018891098082386,0.2560620748850758,1.0,0.13184583492667967
95,500,1344,13409,0.17506598685083874,0.7809740244581259,0.8433970707527545,0.10537595544859624,0.13018891098082386,0.2574365141340348,1.0,0.13185825460097314
96,500,1387,13476,0.17506598685083874,0.7820117975363712,0.8433970707527545,0.10551382715198433,0.13018891098082386,0.25497567289588674,1.0,0.13260122885982115
97,500,1372,13529,0.17506598685083874,0.7817927623071032,0.8433970707527545,0.10563793317236102,0.13018891098082386,0.2562021021089354,1.0,0.13259632778272987
98,500,1371,13583,0.17506598685083874,0.7817647750741187,0.8433970707527545,0.10561363823968759,0.13018891098082386,0.2572366415746053,1.0,0.13219198991831224
99,500,1375,13641,0.17506598685083874,0.7820721014927101,0.8433970707527545,0.1057156829749171,0.13018891098082386,0.2571491994706977,1.0,0.1323650134783982
100,500,1390,13702,0.17506598685083874,0.7823320217666531,0.8433970707527545,0.105739161560988,0.12803687993289598,0.25706314001302677,1.0,0.1323472362638813
101,500,1346,13764,0.17506598685083874,0.7825396379935293,0.8437965153700138,0.1057616529980504,0.12803687993289598,0.25732170332808685,1.0,0.1323160122559084
102,500,1376,13828,0.17506598685083874,0.7835705017956587,0.8437965153700138,0.10596557633881523,0.12803687993289598,0.25488385671370384,1.0,0.13294149514539727
103,500,1357,13883,0.17506598685083874,0.7833515197324439,0.8437965153700138,0.10607180945614554,0.12803687993289598,0.25562654945667435,1.0,0.13303156315579534
104,500,1408,13944,0.17506598685083874,0.787103515518725,0.8437965153700138,0.1025898081890952,0.12803687993289598,0.2502148463971212,1.0,0.13025135131912557
105,500,1370,13998,0.17506598685083874,0.7835168261326305,0.8441247592581773,0.10776779255703098,0.12803687993289598,0.2548841818989616,1.0,0.13355398323936582
106,500,1377,14046,0.17506598685083874,0.7840986330076023,0.8441247592581773,0.10677500163819088,0.12803687993289598,0.25460848205385206,1.0,0.13345810028004337
107,500,1380,14104,0.17506598685083874,0.7842442233119562,0.8441247592581773,0.10654007786844355,0.12803687993289598,0.25506564424409495,1.0,0.13348753313656542
108,500,1404,14159,0.17506598685083874,0.7843371144435685,0.8441247592581773,0.10635822484360498,0.12803687993289598,0.255611504308164,1.0,0.13324510239500065
109,500,1384,14195,0.17506598685083874,0.7844874686991722,0.8441247592581773,0.10638563510759122,0.12803687993289598,0.2557629663418078,1.0,0.13325168298455523
110,500,1376,14251,0.17506598685083874,0.7858589719333053,0.8441247592581773,0.10558249070021519,0.12803687993289598,0.25366944535730135,1.0,0.13288068890775961
111,500,1390,14292,0.17506598685083874,0.7854145406233347,0.8441247592581773,0.10669554928626139,0.12803687993289598,0.2539776687596637,1.0,0.13373943988399392
112,500,1390,14352,0.17506598685083874,0.7861137096468734,0.8456057258963294,0.10669623469612681,0.1270001270001905,0.2526200714075737,1.0,0.13375045911522834
113,500,1407,14391,0.17506598685083874,0.785790168008346,0.8456057258963294,0.10681106725736017,0.12598815766974242,0.2534339922373318,1.0,0.1340629144192991
114,500,1422,14432,0.17506598685083874,0.7892889042167222,0.8456057258963294,0.10292211694221995,0.12598815766974242,0.249037864765304,1.0,0.1308341486118734
115,500,1386,14478,0.17506598685083874,0.7895192817050811,0.8456057258963294,0.10299295633977962,0.125,0.24905120779063855,1.0,0.13087845406050683
116,500,1336,14534,0.17506598685083874,0.7897059498077003,0.8480009354771678,0.10306355708381312,0.125,0.24897257006796666,1.0,0.13101086634755557
117,500,1314,14583,0.17506598685083874,0.7898180968567327,0.8480009354771678,0.10308470793333549,0.125,0.24919883708385424,1.0,0.13089080132118397
118,500,1378,14626,0.17506598685083874,0.7902189982238548,0.8480009354771678,0.1032349490974025,0.125,0.24827686099253268,1.0,0.1313718880038464
119,500,1348,14676,0.17506598685083874,0.7903537203124869,0.8480009354771678,0.1032664195546153,0.125,0.2487737318184947,1.0,0.13113022623574902
120,500,1358,14710,0.17506598685083874,0.7904855674521105,0.8480009354771678,0.10331565718096539,0.125,0.2490598946062389,1.0,0.13091960256421145
121,500,1369,14757,0.17506598685083874,0.7905854570440818,0.8480009354771678,0.10335427586044493,0.125,0.24921101090084596,1.0,0.130842236374333
122,500,1413,14794,0.17506598685083874,0.787038871532603,0.8480009354771678,0.10854240662383638,0.125,0.2535208697903538,1.0,0.1342929644962055
123,500,1400,14841,0.17506598685083874,0.7900710654410951,0.8486339184858598,0.1047950252385354,0.12403473458920845,0.24949215199213787,1.0,0.1326395749881289
124,500,1365,14886,0.17506598685083874,0.7915585419064828,0.8486339184858598,0.1037382302173073,0.12403473458920845,0.2472871739561693,1.0,0.1321245344320343
125,500,1394,14936,0.17506598685083874,0.7916614260817412,0.8486339184858598,0.10375301264872784,0.12403473458920845,0.24754511523982908,1.0,0.13195656769908415
126,500,1399,14974,0.17506598685083874,0.7882542906345905,0.8494790711402231,0.10841227955803696,0.12403473458920845,0.2520360603858589,1.0,0.13512171437032483
127,500,1389,15011,0.17506598685083874,0.7908869717095559,0.8494790711402231,0.10642095005912561,0.1203858530857692,0.24841507388544562,1.0,0.13383590318630903
128,500,1394,15050,0.17506598685083874,0.7896917756696468,0.8494790711402231,0.10657358842503241,0.1203858530857692,0.2512295538148169,1.0,0.13386958732679646
129,500,1378,15092,0.17506598685083874,0.7881725560176999,0.8494790711402231,0.10775483716307678,0.11952286093343936,0.25416379235304787,1.0,0.1344485145832537
130,500,1362,15135,0.17506598685083874,0.7882003386956795,0.8494790711402231,0.10741465027752108,0.11952286093343936,0.2554856731245805,1.0,0.13360382924076886
131,500,1405,15166,0.17506598685083874,0.7882477074407593,0.8509130452971723,0.10743283458594317,0.11952286093343936,0.2557901681377286,1.0,0.13337875988832
132,500,1315,15204,0.17506598685083874,0.7883193610747081,0.8509130452971723,0.10746715213010308,0.11952286093343936,0.25595016782604657,1.0,0.1333541901746497
133,500,1366,15235,0.17506598685083874,0.7891021356400683,0.8509130452971723,0.10770576667403534,0.11952286093343936,0.2539541782080813,1.0,0.13407349450597503
134,500,1366,15262,0.17506598685083874,0.7915253753022339,0.8509130452971723,0.10441700214870568,0.11952286093343936,0.2509698620230093,1.0,0.13168816838028927
135,500,1361,15301,0.17506598685083874,0.7910400978052798,0.8509130452971723,0.10731624014190821,0.11952286093343936,0.2506208616988469,1.0,0.1332023902578804
136,500,1416,15340,0.17506598685083874,0.7931785419525288,0.8509130452971723,0.10418047099071223,0.11952286093343936,0.24794088187846466,1.0,0.131535005816099
137,500,1431,15372,0.17506598685083874,0.7932767377772156,0.8509130452971723,0.10422083942543663,0.11867816581938534,0.247873086128603,1.0,0.13158679340633853
138,500,1351,15402,0.17506598685083874,0.7933872397142165,0.8509130452971723,0.10426566293130407,0.11867816581938534,0.2479058382433784,1.0,0.13158383296888923
139,500,1367,15436,0.17506598685083874,0.79353869956792,0.8509130452971723,0.10432382398551016,0.11867816581938534,0.2477778317246971,1.0,0.1316013517670704
140,500,1368,15473,0.17506598685083874,0.7936238843419127,0.8509130452971723,0.10434622717539731,0.11867816581938534,0.2480146081510316,1.0,0.13147045177225364
141,500,1383,15513,0.17506598685083874,0.793724666620486,0.8509130452971723,0.10437931951456104,0.11867816581938534,0.24801368541234547,1.0,0.13155281175164904
142,500,1412,15559,0.17506598685083874,0.7938645104461635,0.8509130452971723,0.10442629763838235,0.11867816581938534,0.24798849842022064,1.0,0.13159721775024041
143,500,1421,15590,0.17506598685083874,0.7939186165453118,0.8512177929447342,0.10445158680017538,0.11867816581938534,0.2482955162718106,1.0,0.131407937746551
144,500,1417,15619,0.17506598685083874,0.7939280039393548,0.8521106500875915,0.10444344799910413,0.11867816581938534,0.24880587476806235,1.0,0.1310666238929956
145,500,1403,15647,0.17506598685083874,0.7940180175126866,0.8521106500875915,0.1044784563639184,0.11704114719613055,0.24882506285994146,1.0,0.1310693823230514
146,500,1390,15681,0.17506598685083874,0.7941436456736578,0.8521106500875915,0.10448219351076632,0.11624763874381928,0.2487902650269145,1.0,0.13106345093745037
147,500,1342,15715,0.17506598685083874,0.7942652711342882,0.8521106500875915,0.10453330970758083,0.11624763874381928,0.24867215091170727,1.0,0.1311535707096609
148,500,1409,15747,0.17506598685083874,0.7944204507187284,0.8521106500875915,0.10452583574763608,0.11624763874381928,0.2485542890408891,1.0,0.1312191835375862
149,500,1371,15772,0.17506598685083874,0.7944693747094346,0.8521106500875915,0.10454347685609253,0.11624763874381928,0.2486078707532665,1.0,0.1311839698713752
150,500,1357,15790,0.17506598685083874,0.7946511233532951,0.8521106500875915,0.10461416193568386,0.11624763874381928,0.24831552234433382,1.0,0.1314055524103281
151,500,1401,15818,0.17506598685083874,0.7947432060198146,0.8521106500875915,0.10465284776500375,0.11624763874381928,0.24841615437456663,1.0,0.13140598880477813
152,500,1392,15844,0.17506598685083874,0.7951383122444806,0.852252331011458,0.1047666107190831,0.11470786693528089,0.24720905048655903,1.0,0.1321466737653302
153,500,1405,15872,0.17506598685083874,0.7953301557447664,0.8537546834494392,0.10482602875627506,0.11470786693528089,0.24703142502153286,1.0,0.1323382973195223
154,500,1370,15905,0.17506598685083874,0.795770063352654,0.8537546834494392,0.10497710690116685,0.11470786693528089,0.24559152773491855,1.0,0.13287000397934323
155,500,1372,15932,0.17506598685083874,0.7960195606072903,0.8537546834494392,0.10506323576436562,0.11470786693528089,0.2454215052852834,1.0,0.1329480418340758
156,500,1354,15966,0.17506598685083874,0.798085449941063,0.8537546834494392,0.10301508327805509,0.11470786693528089,0.24165973714484995,1.0,0.13191346512466234
157,500,1344,15989,0.17506598685083874,0.7975411629681871,0.8537546834494392,0.10542239697788769,0.11470786693528089,0.24200566925888614,1.0,0.1327266386251673
158,500,1411,16029,0.17506598685083874,0.8002989329971654,0.8537546834494392,0.1014976942253454,0.11470786693528089,0.23853240711347548,1.0,0.1300851534497076
159,500,1395,16044,0.17506598685083874,0.8006191900821068,0.8537546834494392,0.1016122578908813,0.11470786693528089,0.23780815411161388,1.0,0.1304721807436355
160,500,1409,16069,0.17506598685083874,0.8003804735643563,0.8537546834494392,0.10152460940053039,0.11470786693528089,0.2391607529145454,1.0,0.12983811430309714
161,500,1377,16096,0.17506598685083874,0.8004822177946245,0.8537546834494392,0.10156515360508403,0.11470786693528089,0.23909418175267297,1.0,0.12992489320803782
162,500,1430,16128,0.17506598685083874,0.8005631091646526,0.8537546834494392,0.10157286107562233,0.11470786693528089,0.23926567916661423,1.0,0.1298539588005675
163,500,1354,16154,0.17506598685083874,0.79658512290375,0.854789221516163,0.1055796118671265,0.11470786693528089,0.24576267162654503,1.0,0.13275130072338973
164,500,1362,16177,0.17506598685083874,0.7987953323464503,0.854789221516163,0.1029430510357318,0.11470786693528089,0.24290597247998635,1.0,0.13039080793274352
165,500,1397,16206,0.17506598685083874,0.7974611337409273,0.854789221516163,0.10626851277017317,0.11867816581938534,0.24445467224547404,1.0,0.13142499629598173
166,500,1361,16225,0.17506598685083874,0.7978700636511001,0.854789221516163,0.10472463780030809,0.11867816581938534,0.2447724618028326,1.0,0.1312623269572639
167,500,1437,16251,0.17506598685083874,0.7990637133902411,0.854789221516163,0.10291058467934891,0.11867816581938534,0.24363958280304937,1.0,0.1295509289683744
168,500,1426,16279,0.17506598685083874,0.8005340178002182,0.854789221516163,0.10154366535452002,0.11867816581938534,0.24168420236106447,1.0,0.12839177640580127
169,500,1410,16309,0.17506598685083874,0.8004784270848614,0.8553987168112871,0.10151946997543995,0.11867816581938534,0.24230350775051124,1.0,0.12799708538414514
170,500,1381,16330,0.17506598685083874,0.7980989863081784,0.8553987168112871,0.10343277073890975,0.11952286093343936,0.24604736380829972,1.0,0.12940462591618965
171,500,1356,16346,0.17506598685083874,0.7984755122378637,0.8553987168112871,0.10423024943737394,0.11952286093343936,0.24532824266439757,1.0,0.13013615012556937
172,500,1383,16363,0.17506598685083874,0.7998432613261532,0.8553987168112871,0.10173478808842387,0.11952286093343936,0.2439608667102873,1.0,0.12842271075752565
173,500,1381,16385,0.17506598685083874,0.7967404542438039,0.8553987168112871,0.10539861167202928,0.11952286093343936,0.24888228949636637,1.0,0.13084470250779393
174,500,1387,16407,0.17506598685083874,0.7972473413581603,0.8553987168112871,0.10552770644297567,0.11952286093343936,0.24757812355934372,1.0,0.13111787881977482
175,500,1341,16423,0.17506598685083874,0.7971463203908672,0.8557034644588488,0.10541964664618408,0.1203858530857692,0.24838010265148747,1.0,0.13075150810338165
176,500,1397,16438,0.17506598685083874,0.7977214954679176,0.8557034644588488,0.10550367083307503,0.1203858530857692,0.24726474379427327,1.0,0.13086326439167534
177,500,1360,16453,0.17506598685083874,0.7984784468164168,0.8557034644588488,0.10550703238048291,0.1203858530857692,0.24582980151961165,1.0,0.13088123904243698
178,500,1357,16473,0.17506598685083874,0.8005996842373371,0.8557034644588488,0.10179001467457892,0.1203858530857692,0.24402028281552643,1.0,0.12804436938202646
179,500,1412,16491,0.17506598685083874,0.799977553720517,0.8557034644588488,0.10318760171987462,0.1203858530857692,0.2444053931187035,1.0,0.1288107454669225
180,500,1352,16508,0.17506598685083874,0.80144844462838,0.8557034644588488,0.1015317004657788,0.1203858530857692,0.24285274714623203,1.0,0.12761169906007613
181,500,1398,16527,0.17506598685083874,0.7980262502440796,0.8557034644588488,0.10631141684751345,0.1203858530857692,0.24766343406804617,1.0,0.13041221760054184
182,500,1372,16545,0.17506598685083874,0.797751256707571,0.8557034644588488,0.10573146452782181,0.1203858530857692,0.24851586923216593,1.0,0.13060409122571673
183,500,1364,16573,0.17506598685083874,0.7994812464973011,0.8557034644588488,0.10386485444849336,0.1203858530857692,0.24659384334819012,1.0,0.12897029721720377
184,500,1422,16591,0.17506598685083874,0.7985360846422689,0.8557034644588488,0.10545096135318177,0.1203858530857692,0.24738493185001867,1.0,0.13010232562539095
185,500,1348,16609,0.17506598685083874,0.7995765058333795,0.8557034644588488,0.10390348869363139,0.1203858530857692,0.24673146376159405,1.0,0.12892527197308562
186,500,1343,16620,0.17506598685083874,0.8002966270826785,0.8557034644588488,0.10395868162266864,0.1203858530857692,0.24515463555631992,1.0,0.12913305989964624
187,500,1370,16636,0.17506598685083874,0.8009724535142309,0.8562915739541441,0.10158121424767369,0.1203858530857692,0.24546995147434883,1.0,0.12712898007707013
188,500,1366,16650,0.17506598685083874,0.8016442475202041,0.8562915739541441,0.10158128910285204,0.1203858530857692,0.24428044248565436,1.0,0.12693183101239694
189,500,1377,16670,0.17506598685083874,0.8016637283466578,0.8562915739541441,0.10158575799763853,0.1203858530857692,0.24433090361217571,1.0,0.12688981779337705
190,500,1359,16684,0.17506598685083874,0.8006642487429806,0.8562915739541441,0.10292916204016031,0.1203858530857692,0.2455321940580466,1.0,0.12814411415210905
191,500,1417,16703,0.17506598685083874,0.8019149480194107,0.8562915739541441,0.10165806073532767,0.1203858530857692,0.24403077814342086,1.0,0.1271410139612919
192,500,1371,16714,0.17506598685083874,0.8019084617182604,0.8562915739541441,0.10165411297933032,0.1203858530857692,0.2442697876106993,1.0,0.12700752262301165
193,500,1344,16728,0.17506598685083874,0.8019012163150135,0.8562915739541441,0.10165407402569229,0.1203858530857692,0.24445750588306345,1.0,0.12696617405077842
194,500,1410,16750,0.17506598685083874,0.8021194769826735,0.8562915739541441,0.1017425476468829,0.1203858530857692,0.24385751029292685,1.0,0.1272944075853042
195,500,1374,16762,0.17506598685083874,0.8021216289415718,0.8562915739541441,0.10173088812265982,0.1203858530857692,0.2441822572658217,1.0,0.12712168708163202
196,500,1356,16771,0.17506598685083874,0.8022599605149255,0.8562915739541441,0.10177910576489577,0.1203858530857692,0.24390254069046358,1.0,0.12731630065863164
197,500,1384,16784,0.17506598685083874,0.8023957919109167,0.8562915739541441,0.10171490806180329,0.1203858530857692,0.2436895990254067,1.0,0.12742228211384368
198,500,1352,16803,0.17506598685083874,0.802710539517549,0.8562915739541441,0.10184467708620264,0.1203858530857692,0.24265761544089062,1.0,0.12802284008415282
199,500,1403,16818,0.17506598685083874,0.8026795527726519,0.8562915739541441,0.10183485101461585,0.11952286093343936,0.24297664689289045,1.0,0.12792595238397297
200,500,1347,16831,0.17506598685083874,0.8029296660031288,0.8562915739541441,0.10191459711154381,0.11952286093343936,0.24227333843912993,1.0,0.12834376189249933
201,500,1400,16848,0.17506598685083874,0.8029362252871581,0.8562915739541441,0.10191556319507705,0.11952286093343936,0.24238251149981058,1.0,0.12826921643529382
202,500,1383,16861,0.17506598685083874,0.8029866223996318,0.8562915739541441,0.10193384782907107,0.11952286093343936,0.24238035306995903,1.0,0.12823880915247834
203,500,1392,16876,0.17506598685083874,0.8032042610969466,0.8562915739541441,0.10201840027004157,0.11952286093343936,0.24163102455626997,1.0,0.12865342443483338
204,500,1425,16884,0.17506598685083874,0.8031108682346876,0.8562915739541441,0.10196509349627128,0.11867816581938534,0.24227941455604035,1.0,0.12832143832139672
205,500,1372,16900,0.17506598685083874,0.8031466652667342,0.8562915739541441,0.10197774004524773,0.11867816581938534,0.24242393337091978,1.0,0.12829909291202773
206,500,1395,16911,0.17506598685083874,0.803334004523627,0.8562915739541441,0.10204288598569415,0.11704114719613055,0.24195545431734555,1.0,0.1285707244916444
207,500,1431,16918,0.17506598685083874,0.8034289109087381,0.8562915739541441,0.10208104792532877,0.11704114719613055,0.2417173844193245,1.0,0.12872297629915933
208,500,1373,16931,0.17506598685083874,0.80341379218003,0.8562915739541441,0.10207320187105799,0.11704114719613055,0.2419101242154516,1.0,0.1286095205965675
209,500,1407,16944,0.17506598685083874,0.8035736153225351,0.8562915739541441,0.10212725270512517,0.11704114719613055,0.24138962990375204,1.0,0.1287605973346252
210,500,1413,16959,0.17506598685083874,0.8037344164219766,0.8562915739541441,0.10219702014044327,0.11704114719613055,0.24083025311474018,1.0,0.12911475217971857
211,500,1420,16969,0.17506598685083874,0.8040161085827678,0.8562915739541441,0.10230517551396155,0.11867816581938534,0.23989413892853934,1.0,0.12954147927449697
212,500,1426,16984,0.17506598685083874,0.8042418084731444,0.856761498766174,0.10239357466532877,0.11867816581938534,0.23896921130519638,1.0,0.12999502994759426
213,500,1415,16995,0.17506598685083874,0.8055958211927495,0.856761498766174,0.10028492595732491,0.11867816581938534,0.23678401242683145,1.0,0.1287189420593096
214,500,1379,17007,0.17506598685083874,0.8070066382633247,0.856761498766174,0.10174116727519714,0.11867816581938534,0.2333910225948661,1.0,0.12857335271496234
215,500,1381,17018,0.17506598685083874,0.8084414696258901,0.8571844310970012,0.0985953690343422,0.11867816581938534,0.23197535223383783,1.0,0.1267780576042198
216,500,1408,17027,0.17506598685083874,0.8075407564930308,0.8571844310970012,0.0999016281594567,0.11867816581938534,0.23317991829990994,1.0,0.12761954650681911
217,500,1420,17039,0.17506598685083874,0.8047624704131058,0.8571844310970012,0.10370454843796355,0.11867816581938534,0.23705446457830043,1.0,0.13017486158971636
218,500,1421,17050,0.17506598685083874,0.8043583188137072,0.8571844310970012,0.10299536612974347,0.11867816581938534,0.23876829165462563,1.0,0.1299211408137184
219,500,1400,17062,0.17506598685083874,0.8045044302732897,0.8571844310970012,0.1028869175201768,0.11867816581938534,0.23878069624170997,1.0,0.12994785599217543
220,500,1420,17071,0.17506598685083874,0.805412954160239,0.8571844310970012,0.10281492695527798,0.11867816581938534,0.2367921735320077,1.0,0.1298896777420819
221,500,1427,17080,0.17506598685083874,0.8043707757351344,0.8580538005262903,0.10296121308066365,0.11867816581938534,0.2392063774106535,1.0,0.12975851274065944
222,500,1416,17090,0.17506598685083874,0.8040452143152537,0.8580538005262903,0.10281524296244943,0.11867816581938534,0.24098313363977253,1.0,0.1287526297300432
223,500,1387,17102,0.17506598685083874,0.8040764213901676,0.8580538005262903,0.10283511697030978,0.11952286093343936,0.24127298192724583,1.0,0.1287421762765322
224,500,1389,17110,0.17506598685083874,0.8041098323706671,0.8580538005262903,0.10278483179047035,0.11952286093343936,0.2414588321271707,1.0,0.12863140854578892
225,500,1384,17116,0.17506598685083874,0.8041000840784613,0.8580538005262903,0.10272612540105969,0.11952286093343936,0.24194488278369078,1.0,0.12831439507231923
226,500,1419,17123,0.17506598685083874,0.8040001317531053,0.8580538005262903,0.10266566855010423,0.11952286093343936,0.2426305322015268,1.0,0.12796590898477556
227,500,1423,17138,0.17506598685083874,0.8033243994173666,0.8580538005262903,0.10353202958361071,0.11952286093343936,0.24351636063121196,1.0,0.12831577721751072
228,500,1391,17150,0.17506598685083874,0.8029449800946996,0.8580538005262903,0.10333293294459288,0.11952286093343936,0.2443624210489275,1.0,0.1288904239206184
229,500,1379,17163,0.17506598685083874,0.8042339014914822,0.8580538005262903,0.10270531472060866,0.11952286093343936,0.2426980901572094,1.0,0.12790745347643823
230,500,1427,17171,0.17506598685083874,0.802779223415986,0.8580538005262903,0.10344982551671641,0.11952286093343936,0.24515512703772305,1.0,0.12857322183603312
231,500,1446,17185,0.17506598685083874,0.8041588603997082,0.8580772967668919,0.10267757018762695,0.11952286093343936,0.24344116232988713,1.0,0.12744561816360905
232,500,1413,17195,0.17506598685083874,0.8041264356900024,0.8580772967668919,0.10266775001575457,0.1203858530857692,0.24380684871349936,1.0,0.12725851996539084
233,500,1399,17202,0.17506598685083874,0.8041928275900712,0.8580772967668919,0.1026943775850912,0.1203858530857692,0.24364646257675265,1.0,0.12737562407048053
234,500,1405,17210,0.17506598685083874,0.8042045532501658,0.8580772967668919,0.10269698078206911,0.11952286093343936,0.24370545438778765,1.0,0.12737355326326755
235,500,1398,17222,0.17506598685083874,0.8004424658818403,0.8580772967668919,0.10748361898858097,0.11952286093343936,0.2488225849858428,1.0,0.13025707051724997
236,500,1389,17232,0.17506598685083874,0.8028726694784066,0.8580772967668919,0.10350015487614302,0.11952286093343936,0.24620332618525997,1.0,0.12775925205544442
237,500,1457,17237,0.17506598685083874,0.8003935204882803,0.8580772967668919,0.10975793084866972,0.11952286093343936,0.24800495596808458,1.0,0.1302903734637679
238,500,1434,17247,0.17506598685083874,0.8014264563936396,0.8580772967668919,0.10650769243509309,0.11952286093343936,0.24780169748280337,1.0,0.12961521256014547
239,500,1421,17256,0.17506598685083874,0.8042121321968521,0.8580772967668919,0.10267384311953927,0.11952286093343936,0.24490470049628787,1.0,0.1266930170105779
240,500,1402,17264,0.17506598685083874,0.8029728257533482,0.8580772967668919,0.10560605031572345,0.11952286093343936,0.24605418070406557,1.0,0.12840866213075527
241,500,1427,17275,0.17506598685083874,0.79976083465523,0.8582873474447568,0.10754359470617916,0.11952286093343936,0.25107437999666726,1.0,0.12969435016201303
242,500,1373,17285,0.17506598685083874,0.7999621720522063,0.8582873474447568,0.10708228323793365,0.11867816581938534,0.25135691252316533,1.0,0.12951899683323037
243,500,1380,17299,0.17506598685083874,0.8005592021717348,0.8582873474447568,0.10699403242747675,0.11867816581938534,0.24993511998250859,1.0,0.1300760325106817
244,500,1399,17304,0.17506598685083874,0.8004910901217406,0.8582873474447568,0.1069254827680127,0.11867816581938534,0.2502313365449017,1.0,0.1300466341982545
245,500,1406,17318,0.17506598685083874,0.8007282646192937,0.8582873474447568,0.10673641099697834,0.11867816581938534,0.2498142994593986,1.0,0.13037378943082226
246,500,1372,17323,0.17506598685083874,0.8005928078414618,0.8582873474447568,0.10666475248664566,0.11867816581938534,0.2509917504347287,1.0,0.1296386863841832
247,500,1379,17329,0.17506598685083874,0.8005883078360043,0.8582873474447568,0.10667710148279407,0.11867816581938534,0.251256639571012,1.0,0.12955415197490755
248,500,1440,17335,0.17506598685083874,0.8008279187372368,0.8582873474447568,0.10675407787447724,0.11867816581938534,0.2505567842859405,1.0,0.12978683120020276
249,500,1398,17341,0.17506598685083874,0.801059163416368,0.8582873474447568,0.10669055591809887,0.11867816581938534,0.2502617089219575,1.0,0.12958598506772895
250,500,1388,17349,0.17506598685083874,0.8010375918977511,0.8583820358874203,0.1067898947313781,0.11867816581938534,0.25016973920147983,1.0,0.12983505604832984
251,500,1418,17361,0.17506598685083874,0.8002651065284349,0.8583820358874203,0.10655078391892539,0.11867816581938534,0.25293936249085613,1.0,0.12846981656149517
252,500,1359,17367,0.17506598685083874,0.8005018372280065,0.8591332121064108,0.10663592181952065,0.11867816581938534,0.25240280329954695,1.0,0.12882320769690248
253,500,1342,17374,0.17506598685083874,0.8009537319007253,0.8591332121064108,0.10674407983634265,0.11867816581938534,0.25133721663977265,1.0,0.12904924703260356
254,500,1352,17384,0.17506598685083874,0.8005620034727555,0.8591332121064108,0.10667424739985017,0.11867816581938534,0.2524177722360184,1.0,0.12873856558434715
255,500,1399,17389,0.17506598685083874,0.8007776099563025,0.8592748930302776,0.10659845954160525,0.11867816581938534,0.25219140531160983,1.0,0.12891412526077078
256,500,1373,17392,0.17506598685083874,0.8008582398960129,0.8592748930302776,0.10660714799937694,0.11867816581938534,0.2521106016479494,1.0,0.12896077793177296
257,500,1349,17401,0.17506598685083874,0.8010486422082715,0.8592748930302776,0.10668453437534181,0.11867816581938534,0.2516035320285105,1.0,0.12922241515467164
258,500,1317,17407,0.17506598685083874,0.8010148855162558,0.8597213216017061,0.10666883791984362,0.11867816581938534,0.2521439802906074,1.0,0.1288350552746286
259,500,1392,17414,0.17506598685083874,0.8009569907794135,0.8597213216017061,0.10665232175062214,0.11867816581938534,0.25248098052872686,1.0,0.1287128980666135
260,500,1389,17418,0.17506598685083874,0.801314383572433,0.8597213216017061,0.10673614076316121,0.11867816581938534,0.2515174471233001,1.0,0.12894174783374668
261,500,1398,17423,0.17506598685083874,0.8026905841872662,0.8597213216017061,0.10449906932142645,0.11867816581938534,0.24984221696811884,1.0,0.12732039731211398
262,500,1369,17429,0.17506598685083874,0.8007145233049298,0.8597213216017061,0.10801319460725874,0.11867816581938534,0.25257115883684633,1.0,0.12870150009188971
263,500,1393,17435,0.17506598685083874,0.8006439947789333,0.8597213216017061,0.10718197769312993,0.11952286093343936,0.25351833477822977,1.0,0.12827452925284355
264,500,1355,17441,0.17506598685083874,0.800703097114249,0.8597213216017061,0.10719430769509761,0.11952286093343936,0.2535941731475616,1.0,0.12821373324566296
265,500,1345,17448,0.17506598685083874,0.8009363507198198,0.8597213216017061,0.10725725648243542,0.11952286093343936,0.2530498309403911,1.0,0.12850003785868613
266,500,1415,17456,0.17506598685083874,0.8014779286115415,0.8597213216017061,0.10718815055717401,0.11952286093343936,0.2516841598125431,1.0,0.12894517037534825
267,500,1385,17462,0.17506598685083874,0.8013122647666407,0.8597213216017061,0.10714570420840246,0.11952286093343936,0.25252384098833786,1.0,0.12867570434008196
268,500,1397,17469,0.17506598685083874,0.801404571139882,0.860026069249268,0.10720119673955905,0.11952286093343936,0.2520972802707867,1.0,0.12898352358051327
269,500,1365,17471,0.17506598685083874,0.8028014472185516,0.860026069249268,0.10613000322125175,0.11952286093343936,0.2500075200399019,1.0,0.1282293202777976
270,500,1349,17478,0.17506598685083874,0.8014433424438223,0.860026069249268,0.10739594611693025,0.11952286093343936,0.2518783462356572,1.0,0.129042782226514
271,500,1370,17485,0.17506598685083874,0.8025679695651777,0.8609189263921253,0.10620323584079062,0.11867816581938534,0.2504313313206884,1.0,0.12850236776127302
272,500,1353,17491,0.17506598685083874,0.8010962639930682,0.8609189263921253,0.10782664332101181,0.11867816581938534,0.2533369964644684,1.0,0.1282553131568639
273,500,1393,17497,0.17506598685083874,0.8013476551444634,0.8609189263921253,0.10689561691934629,0.11867816581938534,0.2534047160004462,1.0,0.12828265385215168
274,500,1420,17503,0.17506598685083874,0.8012939910355656,0.8609189263921253,0.10687339908377069,0.11867816581938534,0.25373632752870956,1.0,0.1280970517101687
275,500,1340,17504,0.17506598685083874,0.8013088320814302,0.8609189263921253,0.10687207533411099,0.11867816581938534,0.25375680851035354,1.0,0.12808167996708197
276,500,1324,17511,0.17506598685083874,0.8013302577366133,0.8609189263921253,0.10688348182418221,0.11867816581938534,0.2537420308669985,1.0,0.12810333875167046
277,500,1392,17521,0.17506598685083874,0.8013731352079182,0.8609189263921253,0.10688272642660678,0.11867816581938534,0.2537173294329839,1.0,0.12815043117014605
278,500,1394,17529,0.17506598685083874,0.8013426370364553,0.8609189263921253,0.10686286993850924,0.11867816581938534,0.2541179344274674,1.0,0.12781562613687025
279,500,1403,17532,0.17506598685083874,0.8013102774562307,0.8609189263921253,0.10684608349869892,0.11867816581938534,0.2544353278059817,1.0,0.12762885789729803
280,500,1384,17535,0.17506598685083874,0.8013964561071314,0.8609189263921253,0.10689667672847601,0.11867816581938534,0.2541658545035642,1.0,0.1278889496152744
281,500,1370,17538,0.17506598685083874,0.801519978909442,0.8609189263921253,0.10694327298796735,0.11867816581938534,0.2539490577092463,1.0,0.1280139359184539
282,500,1362,17541,0.17506598685083874,0.8017376207958673,0.8609189263921253,0.10686634847353652,0.11867816581938534,0.2536142198899413,1.0,0.12825600527717598
283,500,1361,17543,0.17506598685083874,0.8019125267256345,0.8609189263921253,0.10645362467042921,0.11867816581938534,0.25351240154773036,1.0,0.12828793313054968
284,500,1392,17545,0.17506598685083874,0.8019685635156909,0.8609189263921253,0.10647586553918297,0.11867816581938534,0.253480443169575,1.0,0.1282967081983919
285,500,1365,17545,0.17506598685083874,0.8020632531777202,0.8609189263921253,0.10651701559247735,0.11867816581938534,0.2531860681542885,1.0,0.1284740836428102
286,500,1358,17545,0.17506598685083874,0.8019993287538407,0.8609189263921253,0.10648548647955165,0.11867816581938534,0.25352407815651895,1.0,0.1282375803042885
287,500,1401,17551,0.17506598685083874,0.8020331675441343,0.861343969163725,0.1064994381427298,0.11867816581938534,0.2535402501911777,1.0,0.1282673861433033
288,500,1360,17554,0.17506598685083874,0.8021042172935758,0.861343969163725,0.10653187627267519,0.11867816581938534,0.25338521780486284,1.0,0.12835138460560133
289,500,1409,17555,0.17506598685083874,0.8021338969806816,0.861343969163725,0.10659643124606018,0.11867816581938534,0.2532255745416402,1.0,0.12865344229629286
290,500,1393,17555,0.17506598685083874,0.8021278517659164,0.861343969163725,0.10658897699596698,0.11867816581938534,0.25340082853295254,1.0,0.12856313964637042
291,500,1317,17556,0.17506598685083874,0.8022841732054024,0.861343969163725,0.1066508167129139,0.11867816581938534,0.2529676521729129,1.0,0.12875677521855344
292,500,1403,17558,0.17506598685083874,0.8024084274992752,0.861343969163725,0.10668961503760364,0.11867816581938534,0.2527174093377805,1.0,0.1288103540199101
293,500,1384,17562,0.17506598685083874,0.8021224988098326,0.861343969163725,0.10658294381028567,0.11867816581938534,0.2540571226973141,1.0,0.12800687275791467
294,500,1347,17565,0.17506598685083874,0.8021572760427897,0.861343969163725,0.10659960849680335,0.11867816581938534,0.2541259409558034,1.0,0.1279906937027136
295,500,1405,17570,0.17506598685083874,0.8023403473744941,0.861343969163725,0.10666683853578596,0.11867816581938534,0.2536385010601232,1.0,0.12825595054177727
296,500,1392,17570,0.17506598685083874,0.8024062581622828,0.861343969163725,0.10669652106877894,0.11867816581938534,0.25349509937266956,1.0,0.1283386404117731
297,500,1380,17574,0.17506598685083874,0.802427030228881,0.861343969163725,0.10670580477305718,0.11867816581938534,0.2535980346972145,1.0,0.12830454983781844
298,500,1389,17578,0.17506598685083874,0.8023653402885293,0.861343969163725,0.10668357415348574,0.11867816581938534,0.2537998382977585,1.0,0.12822793617627876
299,500,1388,17583,0.17506598685083874,0.8022128519552164,0.861343969163725,0.10660987696375167,0.11867816581938534,0.2545825009816633,1.0,0.12768531398467944
300,500,1366,17587,0.17506598685083874,0.8023022188894955,0.861343969163725,0.1066242054570106,0.11867816581938534,0.2546162083458929,1.0,0.12768079892311598
301,500,1374,17593,0.17506598685083874,0.8024186948916948,0.861343969163725,0.10667352854080035,0.11867816581938534,0.254431731109177,1.0,0.12779651067247483
302,500,1329,17597,0.17506598685083874,0.8024971114267041,0.861343969163725,0.10670428300709739,0.11867816581938534,0.2543336751340925,1.0,0.1278544354042148
303,500,1330,17604,0.17506598685083874,0.8024284735998287,0.861343969163725,0.1066683898813418,0.11867816581938534,0.2547279224724085,1.0,0.12759137968513795
304,500,1370,17607,0.17506598685083874,0.8024798090526415,0.8632927501731347,0.10668196273867896,0.11867816581938534,0.25491813235234156,1.0,0.12746432205593958
305,500,1374,17612,0.17506598685083874,0.8025075261577342,0.8632927501731347,0.10669585807080909,0.11867816581938534,0.25480028882975186,1.0,0.12756552331056267
306,500,1400,17614,0.17506598685083874,0.8025856635176691,0.8632927501731347,0.10673124652870794,0.11867816581938534,0.2546814338703883,1.0,0.12768739484761885
307,500,1380,17617,0.17506598685083874,0.8026308618598773,0.8632927501731347,0.1067521450371728,0.11867816581938534,0.25463018629280665,1.0,0.12773412022416822
308,500,1369,17620,0.17506598685083874,0.802631136745854,0.8632927501731347,0.10675256557703312,0.11867816581938534,0.2546522567390228,1.0,0.12773952857061646
309,500,1374,17620,0.17506598685083874,0.802661240584656,0.8632927501731347,0.1067666224336729,0.11867816581938534,0.2546259864065885,1.0,0.12775827228253564
310,500,1350,17623,0.17506598685083874,0.802675805439908,0.8632927501731347,0.10677159841293404,0.11952286093343936,0.2547251494811824,1.0,0.12766553983185117
311,500,1365,17625,0.17506598685083874,0.8026823113702892,0.8632927501731347,0.10677530213238762,0.11952286093343936,0.2548251169464555,1.0,0.12762602732686404
312,500,1320,17629,0.17506598685083874,0.8027238014420937,0.8632927501731347,0.10679500011517061,0.11952286093343936,0.2549014626740277,1.0,0.12755102445940933
313,500,1376,17631,0.17506598685083874,0.8028291499897011,0.8632927501731347,0.1068402475735687,0.11952286093343936,0.2546131950536931,1.0,0.12773249168347292
314,500,1354,17635,0.17506598685083874,0.8029193002854869,0.8632927501731347,0.10687153390449693,0.11952286093343936,0.2545247533573252,1.0,0.1277810857925903
315,500,1381,17636,0.17506598685083874,0.8029848236901472,0.8632927501731347,0.10689814834783554,0.11952286093343936,0.2544660363549753,1.0,0.12781081676012337
316,500,1344,17640,0.17506598685083874,0.8030225985590695,0.8632927501731347,0.10691590827346359,0.11952286093343936,0.25436453116624663,1.0,0.12789989936770352
317,500,1346,17644,0.17506598685083874,0.8029700264135452,0.8632927501731347,0.10687933314226772,0.11952286093343936,0.2548055343741264,1.0,0.12754805324034918
318,500,1382,17647,0.17506598685083874,0.8030510855955912,0.8632927501731347,0.10691062485520635,0.11952286093343936,0.2546864560367825,1.0,0.12764930311145475
319,500,1378,17649,0.17506598685083874,0.8030720842339945,0.8632927501731347,0.10691126896006288,0.11952286093343936,0.25478996597554004,1.0,0.12756756415804907
320,500,1410,17651,0.17506598685083874,0.8031833272043082,0.8632927501731347,0.10694867438478065,0.11952286093343936,0.2545590778803509,1.0,0.12767457299025042
321,500,1369,17653,0.17506598685083874,0.8032503825757935,0.8632927501731347,0.10697879539113445,0.11952286093343936,0.2545345705228556,1.0,0.12767871911814466
322,500,1383,17655,0.17506598685083874,0.8032790794881887,0.8632927501731347,0.1069840148695592,0.11952286093343936,0.2544885595432004,1.0,0.12772360615548303
323,500,1381,17657,0.17506598685083874,0.8034146645467115,0.8632927501731347,0.10704626043127191,0.11952286093343936,0.25398621751735634,1.0,0.12805625529849013
324,500,1410,17660,0.17506598685083874,0.8035024709486036,0.8632927501731347,0.10707849706246708,0.11952286093343936,0.2538234712499574,1.0,0.12811258602681527
325,500,1377,17664,0.17506598685083874,0.8037094676609207,0.8632927501731347,0.1071594638196944,0.11952286093343936,0.2533632600521951,1.0,0.12834900404945535
326,500,1358,17666,0.17506598685083874,0.8041605675800161,0.8632927501731347,0.1070556160647387,0.11952286093343936,0.25260662546576607,1.0,0.12818942593595356
327,500,1389,17668,0.17506598685083874,0.8044332653236266,0.8632927501731347,0.10713011733848393,0.11952286093343936,0.251954413403425,1.0,0.12831978434652838
328,500,1391,17670,0.17506598685083874,0.8040553894025363,0.8632927501731347,0.10741305559930038,0.11952286093343936,0.25236505712227425,1.0,0.12867402144991036
329,500,1347,17674,0.17506598685083874,0.8043197596453044,0.8632927501731347,0.10748594904482198,0.11952286093343936,0.2517266764045381,1.0,0.12883653541908172
330,500,1360,17678,0.17506598685083874,0.80455008574976,0.8632927501731347,0.1071482700283612,0.11952286093343936,0.25190399426776655,1.0,0.12826546377197304
331,500,1354,17681,0.17506598685083874,0.8055875514710856,0.8632927501731347,0.10621629740148454,0.11952286093343936,0.25041669041023035,1.0,0.12775840345807132
332,500,1359,17684,0.17506598685083874,0.8056506210598643,0.8632927501731347,0.10626091777649092,0.11952286093343936,0.2502342668709002,1.0,0.12789142185530072
333,500,1372,17686,0.17506598685083874,0.8059837057193219,0.8632927501731347,0.10607631284057055,0.11952286093343936,0.24999066305984263,1.0,0.12760029415974403
334,500,1346,17686,0.17506598685083874,0.8068195226875725,0.8634558168968303,0.10466159956735724,0.11952286093343936,0.24896861516905522,1.0,0.12633773535028103
335,500,1377,17688,0.17506598685083874,0.8059417650534901,0.8634558168968303,0.10707288081059395,0.1203858530857692,0.24986170411965816,1.0,0.12762047391490064
336,500,1361,17689,0.17506598685083874,0.8081677307400255,0.8634558168968303,0.10340769988807681,0.1336306209562122,0.24781026905775644,1.0,0.12480049341477753
337,500,1372,17689,0.17506598685083874,0.8082299017414948,0.8634558168968303,0.10343407030357808,0.1336306209562122,0.2477574943644655,1.0,0.12483241394629034
338,500,1371,17692,0.17506598685083874,0.8076708207919789,0.8634558168968303,0.10417846754475758,0.1336306209562122,0.24827613462845396,1.0,0.12535805174525744
339,500,1374,17698,0.17506598685083874,0.8083866031541175,0.8634558168968303,0.10349200081821601,0.1336306209562122,0.247496260886535,1.0,0.12494220207349836
340,500,1325,17700,0.17506598685083874,0.8084180200707967,0.8634558168968303,0.10349667092007539,0.1336306209562122,0.24757328045674373,1.0,0.12488991228575498
341,500,1386,17701,0.17506598685083874,0.8083913169493567,0.8634558168968303,0.10344900288347196,0.1336306209562122,0.2478241304487352,1.0,0.12478110828157513
342,500,1310,17703,0.17506598685083874,0.8084314842651011,0.8634558168968303,0.10346607714728757,0.1336306209562122,0.2477911827432018,1.0,0.12478996023855507
343,500,1377,17707,0.17506598685083874,0.8084869921829633,0.8634558168968303,0.10349104578205626,0.1336306209562122,0.24764947269310641,1.0,0.12488648291988116
344,500,1339,17711,0.17506598685083874,0.8085180752833382,0.8634558168968303,0.10350530809895332,0.1336306209562122,0.2475988666732836,1.0,0.1249207365126905
345,500,1318,17713,0.17506598685083874,0.8085904352796817,0.8634558168968303,0.1035350640367944,0.1336306209562122,0.2474674777511479,1.0,0.12499893599047142
346,500,1359,17714,0.17506598685083874,0.8086314169100641,0.8637391787445632,0.10355328523631015,0.1336306209562122,0.2474024716101565,1.0,0.12509103521032894
347,500,1360,17716,0.17506598685083874,0.8087704997576977,0.8637391787445632,0.10360679765120834,0.1336306209562122,0.24703329725048334,1.0,0.12532499100761832
348,500,1349,17717,0.17506598685083874,0.8088179950695347,0.8652415311825445,0.10362460061672456,0.13483997249264842,0.24699660932244907,1.0,0.12530580353449863
349,500,1304,17719,0.17506598685083874,0.8089200303786158,0.8652415311825445,0.1036706602885862,0.13018891098082386,0.2467212374542691,1.0,0.12549980179434547
350,500,1363,17722,0.17506598685083874,0.8088874259702077,0.8652415311825445,0.10365636842647116,0.13483997249264842,0.24700454993185092,1.0,0.125314123999133
351,500,1314,17726,0.17506598685083874,0.8089544288236941,0.8652415311825445,0.10368167048865165,0.13483997249264842,0.24685544396637646,1.0,0.12538714129719136
352,500,1338,17727,0.17506598685083874,0.8090369523531902,0.8652415311825445,0.10360800016273414,0.13483997249264842,0.24680112193068623,1.0,0.12542565435160424
353,500,1351,17728,0.17506598685083874,0.809049913802131,0.8652415311825445,0.10361231614337665,0.13483997249264842,0.24685280367717147,1.0,0.1253920162290153
354,500,1351,17728,0.17506598685083874,0.8091468326268193,0.8652415311825445,0.10365304947943277,0.13483997249264842,0.2465867114095872,1.0,0.12554173362860577
355,500,1300,17729,0.17506598685083874,0.8093137147289854,0.8652415311825445,0.103723133500369,0.13483997249264842,0.24602383390200133,1.0,0.1258423512738835
356,500,1363,17732,0.17506598685083874,0.8092366780470519,0.8652415311825445,0.1036900331069776,0.13483997249264842,0.2463925604146904,1.0,0.1256240039969716
357,500,1385,17734,0.17506598685083874,0.8091305003307142,0.8652415311825445,0.10364352298140035,0.13483997249264842,0.24685126296810392,1.0,0.12533548879174242
358,500,1336,17737,0.17506598685083874,0.8091657733253947,0.8652415311825445,0.10365666055876901,0.13483997249264842,0.24694472472441778,1.0,0.12526149197929282
359,500,1353,17739,0.17506598685083874,0.8091824415525085,0.8652415311825445,0.10366506140671432,0.13483997249264842,0.2469177502010469,1.0,0.1252882338227342
360,500,1348,17741,0.17506598685083874,0.8091211045972325,0.8652415311825445,0.10364138315329664,0.13483997249264842,0.24727331570393085,1.0,0.12512827594361076
361,500,1287,17741,0.17506598685083874,0.809219515925635,0.8652415311825445,0.10368125348817515,0.13483997249264842,0.24703206025747743,1.0,0.12527200122699958
362,500,1359,17741,0.17506598685083874,0.8092657593069519,0.8652415311825445,0.10369873198315013,0.13483997249264842,0.24694602190158094,1.0,0.12532597248042196
363,500,1336,17742,0.17506598685083874,0.8093629839366399,0.8652415311825445,0.10373885218515082,0.13483997249264842,0.24668235848286757,1.0,0.12547702825982576
364,500,1312,17743,0.17506598685083874,0.8093341558273083,0.8652415311825445,0.10372748313575277,0.13483997249264842,0.24690696622660413,1.0,0.12535829965637016
365,500,1377,17747,0.17506598685083874,0.809353784597792,0.8652415311825445,0.10373401057751758,0.13483997249264842,0.24690751102989725,1.0,0.12535762056226538
366,500,1356,17750,0.17506598685083874,0.8093364969243351,0.8652415311825445,0.10372531276505736,0.13483997249264842,0.2470954374178257,1.0,0.12527283086505964
367,500,1333,17751,0.17506598685083874,0.8093467672415269,0.8652415311825445,0.10372631111825845,0.13483997249264842,0.24728236739269857,1.0,0.12516932522810412
368,500,1320,17753,0.17506598685083874,0.8093015985137056,0.8652415311825445,0.10369738621662296,0.13483997249264842,0.24755084676468972,1.0,0.12502125010765258
369,500,1358,17753,0.17506598685083874,0.8060706731549223,0.8673319931158208,0.11014707767832349,0.14002800840280097,0.2502479772836887,1.0,0.12840370849169636
370,500,1374,17753,0.17506598685083874,0.8095068077978033,0.8673319931158208,0.10378309742411747,0.14002800840280097,0.2471028538026372,1.0,0.12530839258657017
371,500,1321,17754,0.17506598685083874,0.8094842444061314,0.8673319931158208,0.10377297818331088,0.14002800840280097,0.2473137086922463,1.0,0.12516858432415823
372,500,1271,17755,0.17506598685083874,0.8095303440472457,0.8673319931158208,0.10379064029013238,0.14002800840280097,0.24734780783684993,1.0,0.12515448348484806
373,500,1330,17758,0.17506598685083874,0.8095658674979519,0.8673319931158208,0.10380273303527232,0.14002800840280097,0.24732055681186954,1.0,0.1251475678802686
374,500,1369,17760,0.17506598685083874,0.8096001264919256,0.8673319931158208,0.10377301181042761,0.14002800840280097,0.24740034891053653,1.0,0.12510905956496196
375,500,1333,17761,0.17506598685083874,0.8096744761777216,0.8673319931158208,0.10380332434052277,0.14002800840280097,0.24725524586018566,1.0,0.1251946282057268
376,500,1329,17761,0.17506598685083874,0.8096992854109297,0.8673319931158208,0.10381336415446969,0.14002800840280097,0.24719378779289036,1.0,0.12523302119045523
377,500,1303,17761,0.17506598685083874,0.8097068595739502,0.8673319931158208,0.10381284331400603,0.14002800840280097,0.24734099596121858,1.0,0.12514239120174242
378,500,1364,17762,0.17506598685083874,0.809769255689102,0.8673319931158208,0.10382324113194756,0.14002800840280097,0.2473745588270506,1.0,0.12512452595476048
379,500,1315,17763,0.17506598685083874,0.8099141565486953,0.8673319931158208,0.1038758843829668,0.14002800840280097,0.24696965499506462,1.0,0.12536848051797164
380,500,1369,17766,0.17506598685083874,0.8099182876149973,0.8673319931158208,0.10387406847006883,0.14002800840280097,0.24704426164115467,1.0,0.12529328916211688
381,500,1345,17767,0.17506598685083874,0.8099699526120708,0.8673319931158208,0.10389688547943711,0.14002800840280097,0.2469340861934078,1.0,0.1253628537810648
382,500,1361,17767,0.17506598685083874,0.8099751660147255,0.8673319931158208,0.10388823163606509,0.14002800840280097,0.24706792537624847,1.0,0.12530145898965014
383,500,1379,17769,0.17506598685083874,0.809987566367813,0.8673319931158208,0.10389201608282533,0.14002800840280097,0.24706792537624844,1.0,0.12530145898965012
384,500,1378,17773,0.17506598685083874,0.8100473281583127,0.8673319931158208,0.10391667872664384,0.1414213562373095,0.2469199008640419,1.0,0.1253754670017447
385,500,1352,17773,0.17506598685083874,0.810064571584993,0.8673319931158208,0.10392326987490068,0.1414213562373095,0.24697301170347255,1.0,0.12535457573309708
386,500,1357,17774,0.17506598685083874,0.8101202365708109,0.8673319931158208,0.10394730885336066,0.1414213562373095,0.24683961621391978,1.0,0.12543654408517832
387,500,1395,17775,0.17506598685083874,0.81016291891801,0.8673319931158208,0.10395963928512016,0.1414213562373095,0.24682211406996618,1.0,0.12543654983074934
388,500,1337,17776,0.17506598685083874,0.8102280518698096,0.8673319931158208,0.10398905655786594,0.1414213562373095,0.2466702954188957,1.0,0.12553532713764212
389,500,1360,17778,0.17506598685083874,0.8102208464924577,0.8673319931158208,0.10398641698246557,0.14002800840280097,0.24683056881817128,1.0,0.12543602546254892
390,500,1348,17779,0.17506598685083874,0.8101963219939496,0.8673319931158208,0.10395071451310818,0.14002800840280097,0.2470576222524553,1.0,0.12530748076621676
391,500,1340,17779,0.17506598685083874,0.8102228341780572,0.8673319931158208,0.10393964393712538,0.14002800840280097,0.247000533918493,1.0,0.12534230736287563
392,500,1338,17779,0.17506598685083874,0.810212544180472,0.8673319931158208,0.10393468315952796,0.14002800840280097,0.2470990451853981,1.0,0.12529701299695117
393,500,1367,17780,0.17506598685083874,0.8102048486692388,0.8673319931158208,0.10393067904938237,0.14002800840280097,0.2472852863996133,1.0,0.12520504217513112
394,500,1335,17780,0.17506598685083874,0.8100876425568565,0.8673319931158208,0.10402018981764521,0.14002800840280097,0.24721557926863652,1.0,0.12553123328052596
395,500,1327,17780,0.17506598685083874,0.8103973219591593,0.8673319931158208,0.10400872540528086,0.1386750490563073,0.24679570238796592,1.0,0.12545050704667154
396,500,1369,17780,0.17506598685083874,0.8104155361203789,0.8673319931158208,0.1040158161630426,0.1386750490563073,0.24681824789795465,1.0,0.1254507639899955
397,500,1329,17781,0.17506598685083874,0.8104409632224291,0.8673319931158208,0.10402433166971273,0.1386750490563073,0.2467891919762321,1.0,0.12546658647126704
398,500,1313,17783,0.17506598685083874,0.8104031938619702,0.8673319931158208,0.10400777972787394,0.1386750490563073,0.2470666569188484,1.0,0.1253311851324273
399,500,1377,17784,0.17506598685083874,0.8104466533629956,0.8673319931158208,0.10402372592579563,0.1386750490563073,0.24701806614938712,1.0,0.12535298933144084
400,500,1336,17785,0.17506598685083874,0.8105488767272718,0.8673319931158208,0.1040690889286917,0.1386750490563073,0.24667077023789605,1.0,0.12556393598107862
401,500,1334,17787,0.17506598685083874,0.8106123537377075,0.8673319931158208,0.10409632288710546,0.1386750490563073,0.24650348704790823,1.0,0.12566700259032262
402,500,1380,17790,0.17506598685083874,0.8107077301670088,0.8673319931158208,0.10413801629189195,0.13736056394868904,0.24617966029561347,1.0,0.12585563335423877
403,500,1357,17790,0.17506598685083874,0.8120854669183863,0.8673319931158208,0.10203583016244515,0.13736056394868904,0.24406416802245884,1.0,0.12462487483488884
404,500,1313,17790,0.17506598685083874,0.8107349161146624,0.8673319931158208,0.10560400307371333,0.13608276348795434,0.2453493739544386,1.0,0.12618003669373837
405,500,1360,17791,0.17506598685083874,0.8109506648376539,0.8673319931158208,0.10465825193264638,0.13608276348795434,0.24539303574494922,1.0,0.12614098159132195
406,500,1295,17792,0.17506598685083874,0.8109867213132195,0.8673319931158208,0.10468988203740787,0.13608276348795434,0.24522708940663698,1.0,0.1262805287438196
407,500,1364,17794,0.17506598685083874,0.8110011452251358,0.8673319931158208,0.10469509602684582,0.13608276348795434,0.2453140306508688,1.0,0.1262219518290284
408,500,1316,17794,0.17506598685083874,0.810896970841504,0.8673319931158208,0.10466402728078367,0.13608276348795434,0.24574677021538696,1.0,0.12612352785525544
409,500,1328,17795,0.17506598685083874,0.8109274661478837,0.8673319931158208,0.10467759746233402,0.13608276348795434,0.24570329303170593,1.0,0.1261421667218863
410,500,1334,17795,0.17506598685083874,0.8110225850522486,0.8673319931158208,0.10470809800723414,0.13608276348795434,0.24555271885263066,1.0,0.12620882458785573
411,500,1298,17795,0.17506598685083874,0.811115147611682,0.8673319931158208,0.10473974666193572,0.13608276348795434,0.2452854703414972,1.0,0.126278528487009
412,500,1329,17795,0.17506598685083874,0.8110240004545267,0.8673319931158208,0.10471004476194075,0.13608276348795434,0.24561291358836732,1.0,0.1261480699014291
413,500,1342,17795,0.17506598685083874,0.8110008313109274,0.8673319931158208,0.10462417328445824,0.13608276348795434,0.24577984178636195,1.0,0.12609503965796717
414,500,1373,17796,0.17506598685083874,0.8111066513267399,0.8673319931158208,0.10464169888850815,0.13608276348795434,0.24565729708708306,1.0,0.12606341812393906
415,500,1379,17796,0.17506598685083874,0.8111514511836223,0.8673319931158208,0.10467724420490568,0.13608276348795434,0.2454243187134884,1.0,0.12623305270218138
416,500,1397,17797,0.17506598685083874,0.8123123228698466,0.8673319931158208,0.1030976226699664,0.13608276348795434,0.24428426164017247,1.0,0.12500129452223488
417,500,1290,17797,0.17506598685083874,0.8110899557107948,0.8673319931158208,0.10450189116541536,0.13608276348795434,0.24586216101683794,1.0,0.12607826158854124
418,500,1395,17797,0.17506598685083874,0.8109984453275968,0.8673319931158208,0.10439511129379678,0.13608276348795434,0.24637873912210773,1.0,0.1258210053639332
419,500,1333,17798,0.17506598685083874,0.8110285661010873,0.8673319931158208,0.10430504164668593,0.13608276348795434,0.24649553945839528,1.0,0.1258107060054352
420,500,1352,17798,0.17506598685083874,0.8109745584977022,0.8673319931158208,0.1042573709147214,0.13608276348795434,0.24674878553440419,1.0,0.1256465690864172
421,500,1302,17799,0.17506598685083874,0.8109713630601426,0.8673319931158208,0.10425242165267995,0.13608276348795434,0.24688860078325944,1.0,0.12557955885844146
422,500,1364,17800,0.17506598685083874,0.8110321985917451,0.8673319931158208,0.10427865580196,0.13608276348795434,0.24669724525371,1.0,0.1256915338995781
423,500,1308,17800,0.17506598685083874,0.8110449194674919,0.8673319931158208,0.10428211336203518,0.13608276348795434,0.24669724525371,1.0,0.12569153389957813
424,500,1333,17801,0.17506598685083874,0.8109602572897968,0.8677784216872493,0.10424392638819933,0.13736056394868904,0.24711687125277798,1.0,0.12542568000633306
425,500,1364,17801,0.17506598685083874,0.8109176919334964,0.8677784216872493,0.10422701749639351,0.13736056394868904,0.24733760316859338,1.0,0.12533207501590982
426,500,1347,17801,0.17506598685083874,0.8108960936826297,0.8677784216872493,0.1042161534798582,0.13736056394868904,0.24754186913993448,1.0,0.1252248337452752
427,500,1341,17801,0.17506598685083874,0.8109216533033062,0.8677784216872493,0.10422496560084242,0.13736056394868904,0.24754467199467967,1.0,0.12522242276890239
428,500,1391,17801,0.17506598685083874,0.8109592276249296,0.8677784216872493,0.10424072774649025,0.13736056394868904,0.24741421433949895,1.0,0.12528893581296088
429,500,1365,17801,0.17506598685083874,0.8109599409709649,0.8677784216872493,0.1042421038325705,0.13736056394868904,0.24750817465875324,1.0,0.12525537367119022
430,500,1346,17802,0.17506598685083874,0.8109917891082514,0.8677784216872493,0.10425480968265186,0.13736056394868904,0.24744002746846303,1.0,0.12528053800424227
431,500,1394,17802,0.17506598685083874,0.811061079065589,0.8677784216872493,0.1042724497151724,0.13736056394868904,0.2473179108421001,1.0,0.12528769072735152
432,500,1335,17802,0.17506598685083874,0.8111239178787351,0.8677784216872493,0.10428954601334668,0.13736056394868904,0.24722717884941012,1.0,0.12535042034276006
433,500,1378,17803,0.17506598685083874,0.8112202285127644,0.8677784216872493,0.10432821911257519,0.13736056394868904,0.24696670930501954,1.0,0.12549830249042057
434,500,1300,17803,0.17506598685083874,0.8112434442054391,0.8677784216872493,0.10433941586978063,0.13736056394868904,0.24691210749920742,1.0,0.12553992599270655
435,500,1311,17803,0.17506598685083874,0.8112678389992419,0.8677784216872493,0.10435008747113173,0.13736056394868904,0.2469658143270003,1.0,0.12553740971837074
436,500,1349,17804,0.17506598685083874,0.8113039179520677,0.8677784216872493,0.10436218511486968,0.13736056394868904,0.24690638984723182,1.0,0.12557380199231605
437,500,1332,17804,0.17506598685083874,0.8112728728225725,0.8677784216872493,0.104354018485118,0.13736056394868904,0.24713470770955231,1.0,0.12552293808368337
438,500,1346,17804,0.17506598685083874,0.811229003034807,0.8677784216872493,0.10434190246805865,0.13736056394868904,0.24737568229246798,1.0,0.1254566249222937
439,500,1354,17804,0.17506598685083874,0.8112581768556548,0.8677784216872493,0.10435322551321395,0.13736056394868904,0.24731987682220877,1.0,0.1254757255010803
440,500,1325,17804,0.17506598685083874,0.8113605209712514,0.8677784216872493,0.10439677857136218,0.13608276348795434,0.24704721703701538,1.0,0.1256390643305958
441,500,1403,17804,0.17506598685083874,0.8113743739215368,0.8677784216872493,0.10440251039519999,0.13736056394868904,0.2470467919434941,1.0,0.1256363048480213
442,500,1362,17805,0.17506598685083874,0.8115140431732588,0.8677784216872493,0.10446421820507233,0.13736056394868904,0.2465209525131403,1.0,0.12591747641657194
443,500,1355,17805,0.17506598685083874,0.8115466033689986,0.8677784216872493,0.10447672018621486,0.13736056394868904,0.24646248120567754,1.0,0.12593739210113666
444,500,1375,17805,0.17506598685083874,0.811546599148117,0.8677784216872493,0.10447539550315471,0.13736056394868904,0.2464689169670084,1.0,0.12593231075580588
445,500,1357,17807,0.17506598685083874,0.8115446311258566,0.8677784216872493,0.10447643305384297,0.13736056394868904,0.2465202492395113,1.0,0.1259343642328401
446,500,1365,17808,0.17506598685083874,0.8115250478897316,0.8677784216872493,0.10446310291976361,0.13736056394868904,0.2467508475095204,1.0,0.12578856341743833
447,500,1350,17808,0.17506598685083874,0.8115574228271432,0.8677784216872493,0.10447654954892857,0.13736056394868904,0.2466848050328539,1.0,0.1258404068994384
448,500,1341,17810,0.17506598685083874,0.8115913415669022,0.8677784216872493,0.10449140909792444,0.13736056394868904,0.24658890426616725,1.0,0.1258910659657623
449,500,1332,17811,0.17506598685083874,0.8116781569228615,0.8677784216872493,0.10452890554273414,0.13736056394868904,0.24627843274538824,1.0,0.12605482249733693
450,500,1381,17811,0.17506598685083874,0.8117716950175539,0.8677784216872493,0.10457011284611198,0.13736056394868904,0.24601906506570603,1.0,0.1262036770627472
451,500,1328,17812,0.17506598685083874,0.8118448810958415,0.8677784216872493,0.1045961289400971,0.13736056394868904,0.24584585219251714,1.0,0.12626143684142116
452,500,1308,17812,0.17506598685083874,0.8121319929196988,0.8677784216872493,0.10465202622903995,0.13736056394868904,0.24507077982042966,1.0,0.12638635345107
453,500,1285,17812,0.17506598685083874,0.8133780512643902,0.8677784216872493,0.10247964114275793,0.13736056394868904,0.2435087983468046,1.0,0.12480439086928206
454,500,1324,17812,0.17506598685083874,0.8127922378689666,0.8677784216872493,0.10517556081724662,0.13736056394868904,0.2433760271115413,1.0,0.12643073343228342
455,500,1342,17813,0.17506598685083874,0.8154271102806708,0.8677784216872493,0.10088294915472909,0.13736056394868904,0.24040930773100264,1.0,0.12334429352272083
456,500,1350,17814,0.17506598685083874,0.8149715592842358,0.8677784216872493,0.10108206011400854,0.13736056394868904,0.24107269995492978,1.0,0.12370249982558702
457,500,1333,17815,0.17506598685083874,0.8124107605467825,0.8677784216872493,0.10672030603559704,0.13736056394868904,0.24334120538540366,1.0,0.1264572562663289
458,500,1335,17817,0.17506598685083874,0.8118957615546778,0.8677784216872493,0.10562186950512731,0.13736056394868904,0.2448469656415269,1.0,0.1265586227996564
459,500,1293,17818,0.17506598685083874,0.814615729010402,0.8677784216872493,0.10203887565075213,0.13736056394868904,0.24159829533330265,1.0,0.12403352587743476
460,500,1341,17818,0.17506598685083874,0.8156156130427474,0.8677784216872493,0.10088619849657614,0.13736056394868904,0.24023286407622793,1.0,0.12322617987123766
461,500,1341,17818,0.17506598685083874,0.8127424631787706,0.8677784216872493,0.10587238409652937,0.13736056394868904,0.2432778328275313,1.0,0.12636585323243452
462,500,1356,17818,0.17506598685083874,0.813877116172851,0.8677784216872493,0.10421600681842327,0.13736056394868904,0.24225711610178768,1.0,0.12520079864881054
463,500,1340,17818,0.17506598685083874,0.8123870018440921,0.8677784216872493,0.10547337561902138,0.13736056394868904,0.24438544694330663,1.0,0.12630248328284505
464,500,1317,17818,0.17506598685083874,0.8141229468201686,0.8677784216872493,0.10236094933269614,0.13736056394868904,0.2428276021476588,1.0,0.12414984432678643
465,500,1339,17818,0.17506598685083874,0.8141222389825971,0.8677784216872493,0.10248723472716986,0.13736056394868904,0.2426914818132264,1.0,0.12427850128771419
466,500,1369,17819,0.17506598685083874,0.8158124530861739,0.8677784216872493,0.10067644206162453,0.13736056394868904,0.24057623360691777,1.0,0.12267134711688336
467,500,1329,17820,0.17506598685083874,0.8159726931068162,0.8677784216872493,0.10068022179255778,0.13736056394868904,0.24025150789203456,1.0,0.12269081985849183
468,500,1348,17821,0.17506598685083874,0.8161417509156688,0.8677784216872493,0.10067908831209926,0.13736056394868904,0.23999188532077842,1.0,0.12263708315292902
469,500,1304,17821,0.17506598685083874,0.8125253755239369,0.8677784216872493,0.10526309056560301,0.13736056394868904,0.2445346583322323,1.0,0.12580018002414392
470,500,1334,17822,0.17506598685083874,0.8144021526429729,0.8677784216872493,0.10316987965181759,0.13736056394868904,0.24252342535686686,1.0,0.12417150245129872
471,500,1309,17822,0.17506598685083874,0.8132615995898174,0.8677784216872493,0.10342346854417055,0.13736056394868904,0.24373317915049653,1.0,0.1243657424225637
472,500,1351,17822,0.17506598685083874,0.8142671013937965,0.8677784216872493,0.10183268410708414,0.13736056394868904,0.24284783344889616,1.0,0.12341750131672706
473,500,1305,17822,0.17506598685083874,0.8138504090948675,0.8679201026111159,0.1048891837111373,0.13736056394868904,0.2426542905446458,1.0,0.1251049930625124
474,500,1309,17822,0.17506598685083874,0.8146691198705137,0.8679201026111159,0.1035253470121236,0.13736056394868904,0.24168069304861864,1.0,0.12456138548626017
475,500,1372,17823,0.17506598685083874,0.8156803391271472,0.8679201026111159,0.10140312079724031,0.13736056394868904,0.24045561134215024,1.0,0.12315169527183274
476,500,1364,17824,0.17506598685083874,0.8162994440222785,0.8679201026111159,0.10073497983967333,0.13736056394868904,0.2398519824676186,1.0,0.12262791551282409
477,500,1395,17824,0.17506598685083874,0.8162991094470681,0.8679201026111159,0.10073509423473753,0.13736056394868904,0.23987875187188684,1.0,0.12261152917431821
478,500,1307,17825,0.17506598685083874,0.8163073844299115,0.8679201026111159,0.10073344401385875,0.13736056394868904,0.2399374528421975,1.0,0.12258266535302345
479,500,1317,17825,0.17506598685083874,0.8162931429112402,0.8679201026111159,0.10072566894652837,0.13736056394868904,0.24004048245317455,1.0,0.12251177599380866
480,500,1356,17825,0.17506598685083874,0.8162797584788063,0.8679201026111159,0.10071994345239854,0.13736056394868904,0.24014023551754285,1.0,0.12244732975275566
481,500,1363,17825,0.17506598685083874,0.8162977053686903,0.8679201026111159,0.10072556689391167,0.13736056394868904,0.24014570408431357,1.0,0.12243746798819552
482,500,1345,17825,0.17506598685083874,0.8162705648189627,0.8679201026111159,0.1007140533527119,0.13736056394868904,0.2403297789804974,1.0,0.12234004862213976
483,500,1312,17825,0.17506598685083874,0.8163014773275068,0.8679201026111159,0.10071752627919225,0.13736056394868904,0.24034124471362792,1.0,0.1223507845210891
484,500,1354,17825,0.17506598685083874,0.8162980952758208,0.8679201026111159,0.10071602082730192,0.13736056394868904,0.24038273053933518,1.0,0.1223239151835509
485,500,1330,17825,0.17506598685083874,0.8162871930372356,0.8679201026111159,0.10071098845109822,0.13736056394868904,0.24047001229878612,1.0,0.12227004469833888
486,500,1295,17825,0.17506598685083874,0.816350516390529,0.8679201026111159,0.10073805625368876,0.13736056394868904,0.24033422667927817,1.0,0.12236180658575525
487,500,1328,17825,0.17506598685083874,0.8164009666008397,0.8679201026111159,0.10075179090929913,0.13736056394868904,0.24018921957613795,1.0,0.12238350872470637
488,500,1301,17825,0.17506598685083874,0.8164659003611386,0.8679201026111159,0.10077821495829817,0.13736056394868904,0.24001696201681777,1.0,0.12246435834187251
489,500,1334,17825,0.17506598685083874,0.8165187086884348,0.8680617835349824,0.10080043899003588,0.13736056394868904,0.23992245146680125,1.0,0.12252739244980762
490,500,1356,17825,0.17506598685083874,0.8165667693170069,0.8680617835349824,0.10082134727149232,0.13736056394868904,0.23982896882686203,1.0,0.12259042283061986
491,500,1356,17825,0.17506598685083874,0.8166201913263716,0.8680617835349824,0.10084498403292065,0.13736056394868904,0.23969701293225684,1.0,0.12267646700272512
492,500,1328,17825,0.17506598685083874,0.8166278539147288,0.8680617835349824,0.10084867533672043,0.13736056394868904,0.23967996375160897,1.0,0.12269028928160984
493,500,1342,17825,0.17506598685083874,0.8166843633411937,0.8680617835349824,0.10087377436590925,0.13736056394868904,0.23954161283952258,1.0,0.12277269149679776
494,500,1313,17825,0.17506598685083874,0.8166931993857824,0.8680617835349824,0.1008763435153156,0.13736056394868904,0.2395480594844905,1.0,0.12276788130016361
495,500,1301,17826,0.17506598685083874,0.8168415082704057,0.8680617835349824,0.10092542141617745,0.13736056394868904,0.23908167322184198,1.0,0.12294222231667509
496,500,1318,17826,0.17506598685083874,0.8168598738717389,0.8680617835349824,0.10093243681152447,0.13736056394868904,0.2390608728640031,1.0,0.12295013863410181
497,500,1331,17826,0.17506598685083874,0.8168594824382694,0.8680617835349824,0.10093236615479614,0.13736056394868904,0.2390749438290078,1.0,0.12294334147495349
498,500,1340,17826,0.17506598685083874,0.8168964669449909,0.8680617835349824,0.10094400921977609,0.13736056394868904,0.23905879550143708,1.0,0.12297654208015257
499,500,1330,17827,0.17506598685083874,0.8168964627241092,0.8680617835349824,0.10094291730293321,0.13736056394868904,0.23907326323475,1.0,0.12296485941674878
