inner_cv_root_leanness,inner_cv_SKSurvCox_c-index,inner_cv_root_separation,train_root_leanness,train_SKSurvCox_c-index,train_root_separation
1.0,0.5,0.0,1.0,0.5,0.0
1.0,0.5,0.0,1.0,0.5,0.0
1.0,0.5,0.0,1.0,0.5,0.0
1.0,0.5,0.0,1.0,0.5,0.0
1.0,0.5,0.0,1.0,0.5,0.0
1.0,0.5,0.0,1.0,0.5,0.0
0.7071067811865476,0.7072846678152892,0.38684020993538604,0.7071067811865476,0.7066146984204926,0.38684020993538604
0.7071067811865476,0.7072846678152892,0.38684020993538604,0.7071067811865476,0.7066146984204926,0.38684020993538604
0.7071067811865476,0.7072846678152892,0.38684020993538604,0.7071067811865476,0.7066146984204926,0.38684020993538604
0.7071067811865476,0.7072846678152892,0.38684020993538604,0.7071067811865476,0.7066146984204926,0.38684020993538604
0.7071067811865476,0.7072846678152892,0.38684020993538604,0.7071067811865476,0.7066146984204926,0.38684020993538604
0.7071067811865476,0.7072846678152892,0.38684020993538604,0.7071067811865476,0.7066146984204926,0.38684020993538604
0.7071067811865476,0.7072846678152892,0.38684020993538604,0.7071067811865476,0.7066146984204926,0.38684020993538604
0.7071067811865476,0.7005535314738994,0.45690532955044927,0.7071067811865476,0.700691545953024,0.45690532955044927
0.7071067811865476,0.7005535314738994,0.45690532955044927,0.7071067811865476,0.700691545953024,0.45690532955044927
0.7071067811865476,0.7005535314738994,0.45690532955044927,0.7071067811865476,0.700691545953024,0.45690532955044927
0.7071067811865476,0.7005535314738994,0.45690532955044927,0.7071067811865476,0.700691545953024,0.45690532955044927
0.7071067811865476,0.7005535314738994,0.45690532955044927,0.7071067811865476,0.700691545953024,0.45690532955044927
0.7071067811865476,0.7005535314738994,0.45690532955044927,0.7071067811865476,0.700691545953024,0.45690532955044927
0.7071067811865476,0.6693286887635833,0.5085651725469917,0.7071067811865476,0.6710553236762419,0.5085651725469917
0.7071067811865476,0.6693286887635833,0.5085651725469917,0.7071067811865476,0.6710553236762419,0.5085651725469917
0.7071067811865476,0.6693286887635833,0.5085651725469917,0.7071067811865476,0.6710553236762419,0.5085651725469917
0.7071067811865476,0.6693286887635833,0.5085651725469917,0.7071067811865476,0.6710553236762419,0.5085651725469917
0.7071067811865476,0.6693286887635833,0.5085651725469917,0.7071067811865476,0.6710553236762419,0.5085651725469917
0.7071067811865476,0.6693286887635833,0.5085651725469917,0.7071067811865476,0.6710553236762419,0.5085651725469917
0.7071067811865476,0.6221866356627586,0.5170901447865968,0.7071067811865476,0.621890089205336,0.5170901447865968
0.7071067811865476,0.6221866356627586,0.5170901447865968,0.7071067811865476,0.621890089205336,0.5170901447865968
0.7071067811865476,0.6221866356627586,0.5170901447865968,0.7071067811865476,0.621890089205336,0.5170901447865968
0.7071067811865476,0.6221866356627586,0.5170901447865968,0.7071067811865476,0.621890089205336,0.5170901447865968
0.7071067811865476,0.6221866356627586,0.5170901447865968,0.7071067811865476,0.621890089205336,0.5170901447865968
0.7071067811865476,0.6221866356627586,0.5170901447865968,0.7071067811865476,0.621890089205336,0.5170901447865968
0.7071067811865476,0.6221866356627586,0.5170901447865968,0.7071067811865476,0.621890089205336,0.5170901447865968
0.7071067811865476,0.6113793718271257,0.5632215110893461,0.7071067811865476,0.61391071282429,0.5632215110893461
0.7071067811865476,0.6113793718271257,0.5632215110893461,0.7071067811865476,0.61391071282429,0.5632215110893461
0.7071067811865476,0.6113793718271257,0.5632215110893461,0.7071067811865476,0.61391071282429,0.5632215110893461
0.7071067811865476,0.6113793718271257,0.5632215110893461,0.7071067811865476,0.61391071282429,0.5632215110893461
0.7071067811865476,0.6113793718271257,0.5632215110893461,0.7071067811865476,0.61391071282429,0.5632215110893461
0.7071067811865476,0.6113793718271257,0.5632215110893461,0.7071067811865476,0.61391071282429,0.5632215110893461
0.7071067811865476,0.6113793718271257,0.5632215110893461,0.7071067811865476,0.61391071282429,0.5632215110893461
0.5773502691896257,0.7379674840484948,0.4182769619879494,0.5773502691896257,0.7344709059661183,0.4182769619879494
0.5773502691896257,0.7379674840484948,0.4182769619879494,0.5773502691896257,0.7344709059661183,0.4182769619879494
0.5773502691896257,0.7379674840484948,0.4182769619879494,0.5773502691896257,0.7344709059661183,0.4182769619879494
0.5773502691896257,0.7379674840484948,0.4182769619879494,0.5773502691896257,0.7344709059661183,0.4182769619879494
0.5773502691896257,0.7379674840484948,0.4182769619879494,0.5773502691896257,0.7344709059661183,0.4182769619879494
0.5773502691896257,0.7379674840484948,0.4182769619879494,0.5773502691896257,0.7344709059661183,0.4182769619879494
0.5773502691896257,0.7369184937805034,0.4481286199532907,0.5773502691896257,0.7382253048530977,0.4481286199532907
0.5773502691896257,0.7369184937805034,0.4481286199532907,0.5773502691896257,0.7382253048530977,0.4481286199532907
0.5773502691896257,0.7369184937805034,0.4481286199532907,0.5773502691896257,0.7382253048530977,0.4481286199532907
0.5773502691896257,0.7369184937805034,0.4481286199532907,0.5773502691896257,0.7382253048530977,0.4481286199532907
0.5773502691896257,0.7369184937805034,0.4481286199532907,0.5773502691896257,0.7382253048530977,0.4481286199532907
0.5773502691896257,0.7369184937805034,0.4481286199532907,0.5773502691896257,0.7382253048530977,0.4481286199532907
0.5773502691896257,0.7369184937805034,0.4481286199532907,0.5773502691896257,0.7382253048530977,0.4481286199532907
0.5773502691896257,0.7358119194686804,0.4772726868514585,0.5773502691896257,0.7355552827563631,0.4772726868514585
0.5773502691896257,0.7358119194686804,0.4772726868514585,0.5773502691896257,0.7355552827563631,0.4772726868514585
0.5773502691896257,0.7358119194686804,0.4772726868514585,0.5773502691896257,0.7355552827563631,0.4772726868514585
0.5773502691896257,0.7358119194686804,0.4772726868514585,0.5773502691896257,0.7355552827563631,0.4772726868514585
0.5773502691896257,0.7358119194686804,0.4772726868514585,0.5773502691896257,0.7355552827563631,0.4772726868514585
0.5773502691896257,0.7358119194686804,0.4772726868514585,0.5773502691896257,0.7355552827563631,0.4772726868514585
0.5773502691896257,0.7334685702383968,0.4791163169203009,0.5773502691896257,0.7350642442098372,0.4791163169203009
0.5773502691896257,0.7311738927318007,0.5417096406517123,0.5773502691896257,0.728629593256404,0.5417096406517123
0.5773502691896257,0.7311738927318007,0.5417096406517123,0.5773502691896257,0.728629593256404,0.5417096406517123
0.5773502691896257,0.7311738927318007,0.5417096406517123,0.5773502691896257,0.728629593256404,0.5417096406517123
0.5773502691896257,0.7311738927318007,0.5417096406517123,0.5773502691896257,0.728629593256404,0.5417096406517123
0.5773502691896257,0.7311738927318007,0.5417096406517123,0.5773502691896257,0.728629593256404,0.5417096406517123
0.5773502691896257,0.7311738927318007,0.5417096406517123,0.5773502691896257,0.728629593256404,0.5417096406517123
0.5773502691896257,0.7186359881845195,0.5422754355398927,0.5773502691896257,0.7179085849905884,0.5422754355398927
0.5773502691896257,0.7186359881845195,0.5422754355398927,0.5773502691896257,0.7179085849905884,0.5422754355398927
0.5773502691896257,0.7186359881845195,0.5422754355398927,0.5773502691896257,0.7179085849905884,0.5422754355398927
0.5773502691896257,0.7186359881845195,0.5422754355398927,0.5773502691896257,0.7179085849905884,0.5422754355398927
0.5773502691896257,0.7180560443412672,0.5505791368333985,0.5773502691896257,0.7167014485637122,0.5505791368333985
0.5773502691896257,0.7180560443412672,0.5505791368333985,0.5773502691896257,0.7167014485637122,0.5505791368333985
0.5773502691896257,0.7180560443412672,0.5505791368333985,0.5773502691896257,0.7167014485637122,0.5505791368333985
0.5773502691896257,0.7089716534260034,0.5632215110893461,0.5773502691896257,0.7081491938783862,0.5632215110893461
0.5773502691896257,0.7089716534260034,0.5632215110893461,0.5773502691896257,0.7081491938783862,0.5632215110893461
0.5773502691896257,0.7089716534260034,0.5632215110893461,0.5773502691896257,0.7081491938783862,0.5632215110893461
0.5773502691896257,0.7089716534260034,0.5632215110893461,0.5773502691896257,0.7081491938783862,0.5632215110893461
0.5773502691896257,0.7089716534260034,0.5632215110893461,0.5773502691896257,0.7081491938783862,0.5632215110893461
0.5773502691896257,0.7089716534260034,0.5632215110893461,0.5773502691896257,0.7081491938783862,0.5632215110893461
0.5773502691896257,0.7051259152615348,0.5662883082446761,0.5773502691896257,0.7061338898436861,0.5662883082446761
0.5773502691896257,0.7007311691434298,0.5815872999218608,0.5773502691896257,0.7015508634094443,0.5815872999218608
0.5773502691896257,0.7007311691434298,0.5815872999218608,0.5773502691896257,0.7015508634094443,0.5815872999218608
0.5773502691896257,0.7007311691434298,0.5815872999218608,0.5773502691896257,0.7015508634094443,0.5815872999218608
0.5773502691896257,0.7007311691434298,0.5815872999218608,0.5773502691896257,0.7015508634094443,0.5815872999218608
0.5773502691896257,0.7007311691434298,0.5815872999218608,0.5773502691896257,0.7015508634094443,0.5815872999218608
0.5773502691896257,0.7007311691434298,0.5815872999218608,0.5773502691896257,0.7015508634094443,0.5815872999218608
0.5773502691896257,0.7007311691434298,0.5815872999218608,0.5773502691896257,0.7015508634094443,0.5815872999218608
0.5773502691896257,0.6794112957364492,0.5903493938886514,0.5773502691896257,0.6801293068172518,0.5903493938886514
0.5773502691896257,0.6794112957364492,0.5903493938886514,0.5773502691896257,0.6801293068172518,0.5903493938886514
0.5773502691896257,0.6794112957364492,0.5903493938886514,0.5773502691896257,0.6801293068172518,0.5903493938886514
0.5773502691896257,0.6794112957364492,0.5903493938886514,0.5773502691896257,0.6801293068172518,0.5903493938886514
0.5773502691896257,0.6794112957364492,0.5903493938886514,0.5773502691896257,0.6801293068172518,0.5903493938886514
0.5773502691896257,0.6794112957364492,0.5903493938886514,0.5773502691896257,0.6801293068172518,0.5903493938886514
0.5773502691896257,0.6794112957364492,0.5903493938886514,0.5773502691896257,0.6801293068172518,0.5903493938886514
0.5773502691896257,0.6551258930987839,0.5984458563620588,0.5773502691896257,0.6577256731320076,0.5984458563620588
0.5773502691896257,0.6551258930987839,0.5984458563620588,0.5773502691896257,0.6577256731320076,0.5984458563620588
0.5773502691896257,0.6551258930987839,0.5984458563620588,0.5773502691896257,0.6577256731320076,0.5984458563620588
0.5773502691896257,0.6551258930987839,0.5984458563620588,0.5773502691896257,0.6577256731320076,0.5984458563620588
0.5773502691896257,0.6551258930987839,0.5984458563620588,0.5773502691896257,0.6577256731320076,0.5984458563620588
0.5773502691896257,0.6551258930987839,0.5984458563620588,0.5773502691896257,0.6577256731320076,0.5984458563620588
0.5773502691896257,0.6415463809319409,0.6126232309739117,0.5773502691896257,0.6427796873721254,0.6126232309739117
0.5773502691896257,0.6415463809319409,0.6126232309739117,0.5773502691896257,0.6427796873721254,0.6126232309739117
0.5773502691896257,0.6415463809319409,0.6126232309739117,0.5773502691896257,0.6427796873721254,0.6126232309739117
0.5773502691896257,0.6415463809319409,0.6126232309739117,0.5773502691896257,0.6427796873721254,0.6126232309739117
0.5773502691896257,0.6415463809319409,0.6126232309739117,0.5773502691896257,0.6427796873721254,0.6126232309739117
0.5773502691896257,0.6415463809319409,0.6126232309739117,0.5773502691896257,0.6427796873721254,0.6126232309739117
0.5773502691896257,0.6415463809319409,0.6126232309739117,0.5773502691896257,0.6427796873721254,0.6126232309739117
0.5773502691896257,0.6189402620742354,0.617896542189277,0.5773502691896257,0.6224731974793355,0.617896542189277
0.5773502691896257,0.6189402620742354,0.617896542189277,0.5773502691896257,0.6224731974793355,0.617896542189277
0.5773502691896257,0.6189402620742354,0.617896542189277,0.5773502691896257,0.6224731974793355,0.617896542189277
0.5773502691896257,0.6189402620742354,0.617896542189277,0.5773502691896257,0.6224731974793355,0.617896542189277
0.5773502691896257,0.6189402620742354,0.617896542189277,0.5773502691896257,0.6224731974793355,0.617896542189277
0.5773502691896257,0.6189402620742354,0.617896542189277,0.5773502691896257,0.6224731974793355,0.617896542189277
0.5,0.7617817910953365,0.47695610776094366,0.5,0.7606289385383419,0.47695610776094366
0.5,0.7617817910953365,0.47695610776094366,0.5,0.7606289385383419,0.47695610776094366
0.5,0.7617817910953365,0.47695610776094366,0.5,0.7606289385383419,0.47695610776094366
0.5,0.7617817910953365,0.47695610776094366,0.5,0.7606289385383419,0.47695610776094366
0.5,0.7617817910953365,0.47695610776094366,0.5,0.7606289385383419,0.47695610776094366
0.5,0.7617817910953365,0.47695610776094366,0.5,0.7606289385383419,0.47695610776094366
0.5,0.7574529529573321,0.5230051967906657,0.5,0.7573144283492921,0.5230051967906657
0.5,0.7574529529573321,0.5230051967906657,0.5,0.7573144283492921,0.5230051967906657
0.5,0.7574529529573321,0.5230051967906657,0.5,0.7573144283492921,0.5230051967906657
0.5,0.7574529529573321,0.5230051967906657,0.5,0.7573144283492921,0.5230051967906657
0.5,0.7574529529573321,0.5230051967906657,0.5,0.7573144283492921,0.5230051967906657
0.5,0.7574529529573321,0.5230051967906657,0.5,0.7573144283492921,0.5230051967906657
0.5,0.7574529529573321,0.5230051967906657,0.5,0.7573144283492921,0.5230051967906657
0.5,0.7568349329711932,0.5417096406517123,0.5,0.7537339389475407,0.5417096406517123
0.5,0.7568349329711932,0.5417096406517123,0.5,0.7537339389475407,0.5417096406517123
0.5,0.7568349329711932,0.5417096406517123,0.5,0.7537339389475407,0.5417096406517123
0.5,0.7568349329711932,0.5417096406517123,0.5,0.7537339389475407,0.5417096406517123
0.5,0.7568349329711932,0.5417096406517123,0.5,0.7537339389475407,0.5417096406517123
0.5,0.7568349329711932,0.5417096406517123,0.5,0.7537339389475407,0.5417096406517123
0.5,0.7568349329711932,0.5417096406517123,0.5,0.7537339389475407,0.5417096406517123
0.5,0.7443934549356307,0.572647643433708,0.5,0.7452226041410918,0.572647643433708
0.5,0.7443934549356307,0.572647643433708,0.5,0.7452226041410918,0.572647643433708
0.5,0.7443934549356307,0.572647643433708,0.5,0.7452226041410918,0.572647643433708
0.5,0.7443934549356307,0.572647643433708,0.5,0.7452226041410918,0.572647643433708
0.5,0.7443934549356307,0.572647643433708,0.5,0.7452226041410918,0.572647643433708
0.5,0.7443934549356307,0.572647643433708,0.5,0.7452226041410918,0.572647643433708
0.5,0.7353228101228528,0.5920788048274317,0.5,0.733857107782961,0.5920788048274317
0.5,0.7353228101228528,0.5920788048274317,0.5,0.733857107782961,0.5920788048274317
0.5,0.7353228101228528,0.5920788048274317,0.5,0.733857107782961,0.5920788048274317
0.5,0.7353228101228528,0.5920788048274317,0.5,0.733857107782961,0.5920788048274317
0.5,0.7353228101228528,0.5920788048274317,0.5,0.733857107782961,0.5920788048274317
0.5,0.7353228101228528,0.5920788048274317,0.5,0.733857107782961,0.5920788048274317
0.5,0.7353228101228528,0.5920788048274317,0.5,0.733857107782961,0.5920788048274317
0.5,0.7187588044554585,0.6051034175095751,0.5,0.719801129388657,0.6051034175095751
0.5,0.7187588044554585,0.6051034175095751,0.5,0.719801129388657,0.6051034175095751
0.5,0.7187588044554585,0.6051034175095751,0.5,0.719801129388657,0.6051034175095751
0.5,0.7187588044554585,0.6051034175095751,0.5,0.719801129388657,0.6051034175095751
0.5,0.7187588044554585,0.6051034175095751,0.5,0.719801129388657,0.6051034175095751
0.5,0.7187588044554585,0.6051034175095751,0.5,0.719801129388657,0.6051034175095751
0.5,0.7187588044554585,0.6051034175095751,0.5,0.719801129388657,0.6051034175095751
0.5,0.7100453257965503,0.614310352975779,0.5,0.7114534740977166,0.614310352975779
0.5,0.7100453257965503,0.614310352975779,0.5,0.7114534740977166,0.614310352975779
0.5,0.7100453257965503,0.614310352975779,0.5,0.7114534740977166,0.614310352975779
0.5,0.7100453257965503,0.614310352975779,0.5,0.7114534740977166,0.614310352975779
0.5,0.7100453257965503,0.614310352975779,0.5,0.7114534740977166,0.614310352975779
0.5,0.7100453257965503,0.614310352975779,0.5,0.7114534740977166,0.614310352975779
0.5,0.7100453257965503,0.614310352975779,0.5,0.7114534740977166,0.614310352975779
0.5,0.709658974431432,0.617896542189277,0.5,0.7110647352483837,0.617896542189277
0.5,0.709658974431432,0.617896542189277,0.5,0.7110647352483837,0.617896542189277
0.5,0.709658974431432,0.617896542189277,0.5,0.7110647352483837,0.617896542189277
0.5,0.709658974431432,0.617896542189277,0.5,0.7110647352483837,0.617896542189277
0.5,0.709658974431432,0.617896542189277,0.5,0.7110647352483837,0.617896542189277
0.5,0.709658974431432,0.617896542189277,0.5,0.7110647352483837,0.617896542189277
0.5,0.709658974431432,0.617896542189277,0.5,0.7110647352483837,0.617896542189277
0.5,0.6796170401566243,0.6196011244166835,0.5,0.6801190768475325,0.6196011244166835
0.5,0.6796170401566243,0.6196011244166835,0.5,0.6801190768475325,0.6196011244166835
0.5,0.6796170401566243,0.6196011244166835,0.5,0.6801190768475325,0.6196011244166835
0.5,0.6796170401566243,0.6196011244166835,0.5,0.6801190768475325,0.6196011244166835
0.5,0.6796170401566243,0.6196011244166835,0.5,0.6801190768475325,0.6196011244166835
0.5,0.6796170401566243,0.6196011244166835,0.5,0.6801190768475325,0.6196011244166835
0.5,0.6796170401566243,0.6196011244166835,0.5,0.6801190768475325,0.6196011244166835
0.5,0.6123354281184926,0.6250848925735509,0.5,0.611721499304362,0.6250848925735509
0.5,0.6123354281184926,0.6250848925735509,0.5,0.611721499304362,0.6250848925735509
0.5,0.6123354281184926,0.6250848925735509,0.5,0.611721499304362,0.6250848925735509
0.5,0.6123354281184926,0.6250848925735509,0.5,0.611721499304362,0.6250848925735509
0.5,0.6123354281184926,0.6250848925735509,0.5,0.611721499304362,0.6250848925735509
0.5,0.6123354281184926,0.6250848925735509,0.5,0.611721499304362,0.6250848925735509
0.5,0.6123354281184926,0.6250848925735509,0.5,0.611721499304362,0.6250848925735509
0.4472135954999579,0.7683042189782455,0.4805023581766086,0.4472135954999579,0.7729355921106473,0.4805023581766086
0.4472135954999579,0.7683042189782455,0.4805023581766086,0.4472135954999579,0.7729355921106473,0.4805023581766086
0.4472135954999579,0.7683042189782455,0.4805023581766086,0.4472135954999579,0.7729355921106473,0.4805023581766086
0.4472135954999579,0.7683042189782455,0.4805023581766086,0.4472135954999579,0.7729355921106473,0.4805023581766086
0.4472135954999579,0.7683042189782455,0.4805023581766086,0.4472135954999579,0.7729355921106473,0.4805023581766086
0.4472135954999579,0.7683042189782455,0.4805023581766086,0.4472135954999579,0.7729355921106473,0.4805023581766086
0.4472135954999579,0.7680949127518254,0.5417096406517123,0.4472135954999579,0.7659792127015304,0.5417096406517123
0.4472135954999579,0.7680949127518254,0.5417096406517123,0.4472135954999579,0.7659792127015304,0.5417096406517123
0.4472135954999579,0.7680949127518254,0.5417096406517123,0.4472135954999579,0.7659792127015304,0.5417096406517123
0.4472135954999579,0.7680949127518254,0.5417096406517123,0.4472135954999579,0.7659792127015304,0.5417096406517123
0.4472135954999579,0.7680949127518254,0.5417096406517123,0.4472135954999579,0.7659792127015304,0.5417096406517123
0.4472135954999579,0.7680949127518254,0.5417096406517123,0.4472135954999579,0.7659792127015304,0.5417096406517123
0.4472135954999579,0.7680949127518254,0.5417096406517123,0.4472135954999579,0.7659792127015304,0.5417096406517123
0.4472135954999579,0.7655554788323009,0.5717385076314007,0.4472135954999579,0.7636570095752516,0.5717385076314007
0.4472135954999579,0.7655554788323009,0.5717385076314007,0.4472135954999579,0.7636570095752516,0.5717385076314007
0.4472135954999579,0.7655554788323009,0.5717385076314007,0.4472135954999579,0.7636570095752516,0.5717385076314007
0.4472135954999579,0.7655554788323009,0.5717385076314007,0.4472135954999579,0.7636570095752516,0.5717385076314007
0.4472135954999579,0.7607655126422759,0.5863879500077841,0.4472135954999579,0.7602401996890089,0.5863879500077841
0.4472135954999579,0.7593300055673443,0.5920788048274317,0.4472135954999579,0.7565164907111875,0.5920788048274317
0.4472135954999579,0.7593300055673443,0.5920788048274317,0.4472135954999579,0.7565164907111875,0.5920788048274317
0.4472135954999579,0.7593300055673443,0.5920788048274317,0.4472135954999579,0.7565164907111875,0.5920788048274317
0.4472135954999579,0.7593300055673443,0.5920788048274317,0.4472135954999579,0.7565164907111875,0.5920788048274317
0.4472135954999579,0.7593300055673443,0.5920788048274317,0.4472135954999579,0.7565164907111875,0.5920788048274317
0.4472135954999579,0.7593300055673443,0.5920788048274317,0.4472135954999579,0.7565164907111875,0.5920788048274317
0.4472135954999579,0.7470459143688747,0.614310352975779,0.4472135954999579,0.7474731974793355,0.614310352975779
0.4472135954999579,0.7470459143688747,0.614310352975779,0.4472135954999579,0.7474731974793355,0.614310352975779
0.4472135954999579,0.7470459143688747,0.614310352975779,0.4472135954999579,0.7474731974793355,0.614310352975779
0.4472135954999579,0.7444480988678707,0.617896542189277,0.4472135954999579,0.7444860463213029,0.617896542189277
0.4472135954999579,0.7444480988678707,0.617896542189277,0.4472135954999579,0.7444860463213029,0.617896542189277
0.4472135954999579,0.7444480988678707,0.617896542189277,0.4472135954999579,0.7444860463213029,0.617896542189277
0.4472135954999579,0.7286025850824007,0.6196011244166835,0.4472135954999579,0.7305016777150339,0.6196011244166835
0.4472135954999579,0.7286025850824007,0.6196011244166835,0.4472135954999579,0.7305016777150339,0.6196011244166835
0.4472135954999579,0.7286025850824007,0.6196011244166835,0.4472135954999579,0.7305016777150339,0.6196011244166835
0.4472135954999579,0.7286025850824007,0.6196011244166835,0.4472135954999579,0.7305016777150339,0.6196011244166835
0.4472135954999579,0.7286025850824007,0.6196011244166835,0.4472135954999579,0.7305016777150339,0.6196011244166835
0.4472135954999579,0.7286025850824007,0.6196011244166835,0.4472135954999579,0.7305016777150339,0.6196011244166835
0.4472135954999579,0.7286025850824007,0.6196011244166835,0.4472135954999579,0.7305016777150339,0.6196011244166835
0.4472135954999579,0.716102104044613,0.6250848925735509,0.4472135954999579,0.7155556919551518,0.6250848925735509
0.4472135954999579,0.716102104044613,0.6250848925735509,0.4472135954999579,0.7155556919551518,0.6250848925735509
0.4472135954999579,0.716102104044613,0.6250848925735509,0.4472135954999579,0.7155556919551518,0.6250848925735509
0.4472135954999579,0.716102104044613,0.6250848925735509,0.4472135954999579,0.7155556919551518,0.6250848925735509
0.4472135954999579,0.716102104044613,0.6250848925735509,0.4472135954999579,0.7155556919551518,0.6250848925735509
0.4472135954999579,0.6606189643746085,0.6261110170288203,0.4472135954999579,0.6658891889680006,0.6261110170288203
0.4472135954999579,0.6606189643746085,0.6261110170288203,0.4472135954999579,0.6658891889680006,0.6261110170288203
0.4472135954999579,0.6606189643746085,0.6261110170288203,0.4472135954999579,0.6658891889680006,0.6261110170288203
0.4472135954999579,0.6606189643746085,0.6261110170288203,0.4472135954999579,0.6658891889680006,0.6261110170288203
0.4472135954999579,0.6145209754618112,0.627109109433085,0.4472135954999579,0.619700875685408,0.627109109433085
0.4472135954999579,0.6145209754618112,0.627109109433085,0.4472135954999579,0.619700875685408,0.627109109433085
0.4472135954999579,0.6145209754618112,0.627109109433085,0.4472135954999579,0.619700875685408,0.627109109433085
0.4472135954999579,0.6145209754618112,0.627109109433085,0.4472135954999579,0.619700875685408,0.627109109433085
0.4472135954999579,0.6145209754618112,0.627109109433085,0.4472135954999579,0.619700875685408,0.627109109433085
0.4472135954999579,0.6145209754618112,0.627109109433085,0.4472135954999579,0.619700875685408,0.627109109433085
0.408248290463863,0.7805034277264414,0.5417096406517123,0.408248290463863,0.7782654063343972,0.5417096406517123
0.408248290463863,0.7805034277264414,0.5417096406517123,0.408248290463863,0.7782654063343972,0.5417096406517123
0.408248290463863,0.7805034277264414,0.5417096406517123,0.408248290463863,0.7782654063343972,0.5417096406517123
0.408248290463863,0.7805034277264414,0.5417096406517123,0.408248290463863,0.7782654063343972,0.5417096406517123
0.408248290463863,0.7805034277264414,0.5417096406517123,0.408248290463863,0.7782654063343972,0.5417096406517123
0.408248290463863,0.7805034277264414,0.5417096406517123,0.408248290463863,0.7782654063343972,0.5417096406517123
0.408248290463863,0.7765490745068963,0.5422275716878098,0.408248290463863,0.7740301988706113,0.5422275716878098
0.408248290463863,0.7759752151504418,0.5587547895157636,0.408248290463863,0.7746439970537687,0.5587547895157636
0.408248290463863,0.7759752151504418,0.5587547895157636,0.408248290463863,0.7746439970537687,0.5587547895157636
0.408248290463863,0.7759752151504418,0.5587547895157636,0.408248290463863,0.7746439970537687,0.5587547895157636
0.408248290463863,0.7759752151504418,0.5587547895157636,0.408248290463863,0.7746439970537687,0.5587547895157636
0.408248290463863,0.7719650820613495,0.5662883082446761,0.408248290463863,0.7762603322694165,0.5662883082446761
0.408248290463863,0.7716372007223707,0.5692729247269901,0.408248290463863,0.7751043456911367,0.5692729247269901
0.408248290463863,0.7701239020667798,0.5717385076314007,0.408248290463863,0.7699791308617726,0.5717385076314007
0.408248290463863,0.7701239020667798,0.5717385076314007,0.408248290463863,0.7699791308617726,0.5717385076314007
0.408248290463863,0.7680260636722404,0.5920788048274317,0.408248290463863,0.7660610524592847,0.5920788048274317
0.408248290463863,0.7666094552682082,0.5968133062706508,0.408248290463863,0.7648846059415664,0.5968133062706508
0.408248290463863,0.7666094552682082,0.5968133062706508,0.408248290463863,0.7648846059415664,0.5968133062706508
0.408248290463863,0.7666094552682082,0.5968133062706508,0.408248290463863,0.7648846059415664,0.5968133062706508
0.408248290463863,0.7666094552682082,0.5968133062706508,0.408248290463863,0.7648846059415664,0.5968133062706508
0.408248290463863,0.7666094552682082,0.5968133062706508,0.408248290463863,0.7648846059415664,0.5968133062706508
0.408248290463863,0.7640934887710681,0.600173521134787,0.408248290463863,0.76296137163434,0.600173521134787
0.408248290463863,0.7613470578734729,0.614310352975779,0.408248290463863,0.7629409116949014,0.614310352975779
0.408248290463863,0.7613470578734729,0.614310352975779,0.408248290463863,0.7629409116949014,0.614310352975779
0.408248290463863,0.7543261370890325,0.617896542189277,0.408248290463863,0.7551252148293641,0.617896542189277
0.408248290463863,0.7543261370890325,0.617896542189277,0.408248290463863,0.7551252148293641,0.617896542189277
0.408248290463863,0.7543261370890325,0.617896542189277,0.408248290463863,0.7551252148293641,0.617896542189277
0.408248290463863,0.7543261370890325,0.617896542189277,0.408248290463863,0.7551252148293641,0.617896542189277
0.408248290463863,0.7543261370890325,0.617896542189277,0.408248290463863,0.7551252148293641,0.617896542189277
0.408248290463863,0.7381513819400803,0.6196011244166835,0.408248290463863,0.7403019887061134,0.6196011244166835
0.408248290463863,0.7140623094381415,0.627109109433085,0.408248290463863,0.7158830509861691,0.627109109433085
0.408248290463863,0.7140623094381415,0.627109109433085,0.408248290463863,0.7158830509861691,0.627109109433085
0.408248290463863,0.6402765929480215,0.6306554707009191,0.408248290463863,0.6481913413536295,0.6306554707009191
0.3779644730092272,0.7871322099634034,0.5100643215706668,0.3779644730092272,0.7902140109665275,0.5100643215706668
0.3779644730092272,0.7871322099634034,0.5100643215706668,0.3779644730092272,0.7902140109665275,0.5100643215706668
0.3779644730092272,0.7871322099634034,0.5100643215706668,0.3779644730092272,0.7902140109665275,0.5100643215706668
0.3779644730092272,0.7871322099634034,0.5100643215706668,0.3779644730092272,0.7902140109665275,0.5100643215706668
0.3779644730092272,0.7871322099634034,0.5100643215706668,0.3779644730092272,0.7902140109665275,0.5100643215706668
0.3779644730092272,0.7871322099634034,0.5100643215706668,0.3779644730092272,0.7902140109665275,0.5100643215706668
0.3779644730092272,0.7846683068942982,0.5587547895157636,0.3779644730092272,0.7839839594074801,0.5587547895157636
0.3779644730092272,0.7846683068942982,0.5587547895157636,0.3779644730092272,0.7839839594074801,0.5587547895157636
0.3779644730092272,0.7846683068942982,0.5587547895157636,0.3779644730092272,0.7839839594074801,0.5587547895157636
0.3779644730092272,0.7846683068942982,0.5587547895157636,0.3779644730092272,0.7839839594074801,0.5587547895157636
0.3779644730092272,0.7846683068942982,0.5587547895157636,0.3779644730092272,0.7839839594074801,0.5587547895157636
0.3779644730092272,0.7839465424029107,0.5592349304763675,0.3779644730092272,0.7819277354939029,0.5592349304763675
0.3779644730092272,0.7800015635850883,0.5968133062706508,0.3779644730092272,0.7803830100662902,0.5968133062706508
0.3779644730092272,0.7800015635850883,0.5968133062706508,0.3779644730092272,0.7803830100662902,0.5968133062706508
0.3779644730092272,0.7800015635850883,0.5968133062706508,0.3779644730092272,0.7803830100662902,0.5968133062706508
0.3779644730092272,0.7800015635850883,0.5968133062706508,0.3779644730092272,0.7803830100662902,0.5968133062706508
0.3779644730092272,0.7800015635850883,0.5968133062706508,0.3779644730092272,0.7803830100662902,0.5968133062706508
0.3779644730092272,0.7800015635850883,0.5968133062706508,0.3779644730092272,0.7803830100662902,0.5968133062706508
0.3779644730092272,0.7766786313748226,0.597214230121196,0.3779644730092272,0.7751759554791717,0.597214230121196
0.3779644730092272,0.7712000238075093,0.614310352975779,0.3779644730092272,0.7732118012930682,0.614310352975779
0.3779644730092272,0.7682270894880846,0.617896542189277,0.3779644730092272,0.7721274245028235,0.617896542189277
0.3779644730092272,0.7682270894880846,0.617896542189277,0.3779644730092272,0.7721274245028235,0.617896542189277
0.3779644730092272,0.7682270894880846,0.617896542189277,0.3779644730092272,0.7721274245028235,0.617896542189277
0.3779644730092272,0.7682270894880846,0.617896542189277,0.3779644730092272,0.7721274245028235,0.617896542189277
0.3779644730092272,0.7682270894880846,0.617896542189277,0.3779644730092272,0.7721274245028235,0.617896542189277
0.3779644730092272,0.7682270894880846,0.617896542189277,0.3779644730092272,0.7721274245028235,0.617896542189277
0.3779644730092272,0.7363023964280692,0.6306554707009191,0.3779644730092272,0.7453862836566004,0.6306554707009191
0.3779644730092272,0.7363023964280692,0.6306554707009191,0.3779644730092272,0.7453862836566004,0.6306554707009191
0.3779644730092272,0.7363023964280692,0.6306554707009191,0.3779644730092272,0.7453862836566004,0.6306554707009191
0.3779644730092272,0.7363023964280692,0.6306554707009191,0.3779644730092272,0.7453862836566004,0.6306554707009191
0.3779644730092272,0.7363023964280692,0.6306554707009191,0.3779644730092272,0.7453862836566004,0.6306554707009191
0.3779644730092272,0.7363023964280692,0.6306554707009191,0.3779644730092272,0.7453862836566004,0.6306554707009191
0.3779644730092272,0.7363023964280692,0.6306554707009191,0.3779644730092272,0.7453862836566004,0.6306554707009191
0.3535533905932738,0.7957895744361494,0.5150853509279011,0.3535533905932738,0.7994107537441689,0.5150853509279011
0.3535533905932738,0.7957895744361494,0.5150853509279011,0.3535533905932738,0.7994107537441689,0.5150853509279011
0.3535533905932738,0.7957895744361494,0.5150853509279011,0.3535533905932738,0.7994107537441689,0.5150853509279011
0.3535533905932738,0.7957895744361494,0.5150853509279011,0.3535533905932738,0.7994107537441689,0.5150853509279011
0.3535533905932738,0.7957895744361494,0.5150853509279011,0.3535533905932738,0.7994107537441689,0.5150853509279011
0.3535533905932738,0.7957895744361494,0.5150853509279011,0.3535533905932738,0.7994107537441689,0.5150853509279011
0.3535533905932738,0.7957895744361494,0.5150853509279011,0.3535533905932738,0.7994107537441689,0.5150853509279011
0.3535533905932738,0.7892034883890879,0.5427935680476828,0.3535533905932738,0.7947561175218921,0.5427935680476828
0.3535533905932738,0.7892034883890879,0.5427935680476828,0.3535533905932738,0.7947561175218921,0.5427935680476828
0.3535533905932738,0.7892034883890879,0.5427935680476828,0.3535533905932738,0.7947561175218921,0.5427935680476828
0.3535533905932738,0.7892034883890879,0.5427935680476828,0.3535533905932738,0.7947561175218921,0.5427935680476828
0.3535533905932738,0.7892034883890879,0.5427935680476828,0.3535533905932738,0.7947561175218921,0.5427935680476828
0.3535533905932738,0.7892034883890879,0.5427935680476828,0.3535533905932738,0.7947561175218921,0.5427935680476828
0.3535533905932738,0.7892034883890879,0.5427935680476828,0.3535533905932738,0.7947561175218921,0.5427935680476828
0.3535533905932738,0.7875097051009355,0.5535198003310202,0.3535533905932738,0.7909198788771585,0.5535198003310202
0.3535533905932738,0.7863601700376502,0.5830690620754907,0.3535533905932738,0.7893649234798265,0.5830690620754907
0.3535533905932738,0.7863601700376502,0.5830690620754907,0.3535533905932738,0.7893649234798265,0.5830690620754907
0.3535533905932738,0.7863601700376502,0.5830690620754907,0.3535533905932738,0.7893649234798265,0.5830690620754907
0.3535533905932738,0.7863601700376502,0.5830690620754907,0.3535533905932738,0.7893649234798265,0.5830690620754907
0.3535533905932738,0.7863601700376502,0.5830690620754907,0.3535533905932738,0.7893649234798265,0.5830690620754907
0.3535533905932738,0.7863601700376502,0.5830690620754907,0.3535533905932738,0.7893649234798265,0.5830690620754907
0.3535533905932738,0.7863601700376502,0.5830690620754907,0.3535533905932738,0.7893649234798265,0.5830690620754907
0.3535533905932738,0.7810549241258725,0.614310352975779,0.3535533905932738,0.7839839594074801,0.614310352975779
0.3535533905932738,0.7810549241258725,0.614310352975779,0.3535533905932738,0.7839839594074801,0.614310352975779
0.3535533905932738,0.7810549241258725,0.614310352975779,0.3535533905932738,0.7839839594074801,0.614310352975779
0.3535533905932738,0.7810549241258725,0.614310352975779,0.3535533905932738,0.7839839594074801,0.614310352975779
0.3535533905932738,0.7755538489908682,0.617896542189277,0.3535533905932738,0.7792884033063262,0.617896542189277
0.3535533905932738,0.7755538489908682,0.617896542189277,0.3535533905932738,0.7792884033063262,0.617896542189277
0.3535533905932738,0.7705751230879413,0.6196011244166835,0.3535533905932738,0.7744291676896636,0.6196011244166835
0.3535533905932738,0.7705751230879413,0.6196011244166835,0.3535533905932738,0.7744291676896636,0.6196011244166835
0.3535533905932738,0.7705751230879413,0.6196011244166835,0.3535533905932738,0.7744291676896636,0.6196011244166835
0.3535533905932738,0.7667700512869685,0.6250848925735509,0.3535533905932738,0.7723729437760865,0.6250848925735509
0.3535533905932738,0.7515936734667457,0.6306554707009191,0.3535533905932738,0.7578873066535723,0.6306554707009191
0.3535533905932738,0.7515936734667457,0.6306554707009191,0.3535533905932738,0.7578873066535723,0.6306554707009191
0.3535533905932738,0.7515936734667457,0.6306554707009191,0.3535533905932738,0.7578873066535723,0.6306554707009191
0.3535533905932738,0.7515936734667457,0.6306554707009191,0.3535533905932738,0.7578873066535723,0.6306554707009191
0.3535533905932738,0.7515936734667457,0.6306554707009191,0.3535533905932738,0.7578873066535723,0.6306554707009191
0.3535533905932738,0.7515936734667457,0.6306554707009191,0.3535533905932738,0.7578873066535723,0.6306554707009191
0.3535533905932738,0.7515936734667457,0.6306554707009191,0.3535533905932738,0.7578873066535723,0.6306554707009191
0.3333333333333333,0.7965291418615871,0.5427935680476828,0.3333333333333333,0.7993186840166953,0.5427935680476828
0.3333333333333333,0.7965291418615871,0.5427935680476828,0.3333333333333333,0.7993186840166953,0.5427935680476828
0.3333333333333333,0.7965291418615871,0.5427935680476828,0.3333333333333333,0.7993186840166953,0.5427935680476828
0.3333333333333333,0.7965291418615871,0.5427935680476828,0.3333333333333333,0.7993186840166953,0.5427935680476828
0.3333333333333333,0.7965291418615871,0.5427935680476828,0.3333333333333333,0.7993186840166953,0.5427935680476828
0.3333333333333333,0.7957499963866151,0.5692729247269901,0.3333333333333333,0.7976716588918897,0.5692729247269901
0.3333333333333333,0.7957499963866151,0.5692729247269901,0.3333333333333333,0.7976716588918897,0.5692729247269901
0.3333333333333333,0.7957499963866151,0.5692729247269901,0.3333333333333333,0.7976716588918897,0.5692729247269901
0.3333333333333333,0.7957499963866151,0.5692729247269901,0.3333333333333333,0.7976716588918897,0.5692729247269901
0.3333333333333333,0.7957499963866151,0.5692729247269901,0.3333333333333333,0.7976716588918897,0.5692729247269901
0.3333333333333333,0.7918434704145328,0.614310352975779,0.3333333333333333,0.7930886324576479,0.614310352975779
0.3333333333333333,0.7918434704145328,0.614310352975779,0.3333333333333333,0.7930886324576479,0.614310352975779
0.3333333333333333,0.7918434704145328,0.614310352975779,0.3333333333333333,0.7930886324576479,0.614310352975779
0.3333333333333333,0.7918434704145328,0.614310352975779,0.3333333333333333,0.7930886324576479,0.614310352975779
0.3333333333333333,0.7918434704145328,0.614310352975779,0.3333333333333333,0.7930886324576479,0.614310352975779
0.3333333333333333,0.7707261896004175,0.6196011244166835,0.3333333333333333,0.7751043456911367,0.6196011244166835
0.3333333333333333,0.7695749013844688,0.6306554707009191,0.3333333333333333,0.7723831737458057,0.6306554707009191
0.3333333333333333,0.7695749013844688,0.6306554707009191,0.3333333333333333,0.7723831737458057,0.6306554707009191
0.31622776601683794,0.7999299601706095,0.5427935680476828,0.31622776601683794,0.8015078975366233,0.5427935680476828
0.31622776601683794,0.7999299601706095,0.5427935680476828,0.31622776601683794,0.8015078975366233,0.5427935680476828
0.31622776601683794,0.7997911240399146,0.5761870049652911,0.31622776601683794,0.8023058351747279,0.5761870049652911
0.31622776601683794,0.7964177932465707,0.5840413270939535,0.31622776601683794,0.7985923561666257,0.5840413270939535
0.31622776601683794,0.7910672711099821,0.6159262752661672,0.31622776601683794,0.7928021933055078,0.6159262752661672
0.31622776601683794,0.7758924400715491,0.6306554707009191,0.31622776601683794,0.7841169490138309,0.6306554707009191
0.31622776601683794,0.7758924400715491,0.6306554707009191,0.31622776601683794,0.7841169490138309,0.6306554707009191
0.31622776601683794,0.7758924400715491,0.6306554707009191,0.31622776601683794,0.7841169490138309,0.6306554707009191
0.31622776601683794,0.7758924400715491,0.6306554707009191,0.31622776601683794,0.7841169490138309,0.6306554707009191
0.30151134457776363,0.8065161780802866,0.5150853509279011,0.30151134457776363,0.8102136017677388,0.5150853509279011
0.30151134457776363,0.8065161780802866,0.5150853509279011,0.30151134457776363,0.8102136017677388,0.5150853509279011
0.30151134457776363,0.8065161780802866,0.5150853509279011,0.30151134457776363,0.8102136017677388,0.5150853509279011
0.30151134457776363,0.8065161780802866,0.5150853509279011,0.30151134457776363,0.8102136017677388,0.5150853509279011
0.30151134457776363,0.8065161780802866,0.5150853509279011,0.30151134457776363,0.8102136017677388,0.5150853509279011
0.30151134457776363,0.8065161780802866,0.5150853509279011,0.30151134457776363,0.8102136017677388,0.5150853509279011
0.30151134457776363,0.8058574221709853,0.5483818123671629,0.30151134457776363,0.8085461167034945,0.5483818123671629
0.30151134457776363,0.8007935622978614,0.5662883082446761,0.30151134457776363,0.8038914804812177,0.5662883082446761
0.30151134457776363,0.8007935622978614,0.5662883082446761,0.30151134457776363,0.8038914804812177,0.5662883082446761
0.30151134457776363,0.7998281716974932,0.5830690620754907,0.30151134457776363,0.8019170963253949,0.5830690620754907
0.30151134457776363,0.7998281716974932,0.5830690620754907,0.30151134457776363,0.8019170963253949,0.5830690620754907
0.30151134457776363,0.7998281716974932,0.5830690620754907,0.30151134457776363,0.8019170963253949,0.5830690620754907
0.30151134457776363,0.7998281716974932,0.5830690620754907,0.30151134457776363,0.8019170963253949,0.5830690620754907
0.30151134457776363,0.7932415098334218,0.6079228408930697,0.30151134457776363,0.7964133726164171,0.6079228408930697
0.30151134457776363,0.7868599749002619,0.6225482403304284,0.30151134457776363,0.7912983877567722,0.6225482403304284
0.30151134457776363,0.7868599749002619,0.6225482403304284,0.30151134457776363,0.7912983877567722,0.6225482403304284
0.30151134457776363,0.7814305590988201,0.6306554707009191,0.30151134457776363,0.7885465259022834,0.6306554707009191
0.30151134457776363,0.7814305590988201,0.6306554707009191,0.30151134457776363,0.7885465259022834,0.6306554707009191
0.30151134457776363,0.7814305590988201,0.6306554707009191,0.30151134457776363,0.7885465259022834,0.6306554707009191
0.28867513459481287,0.8085625552794191,0.5483818123671629,0.28867513459481287,0.8106944103445454,0.5483818123671629
0.28867513459481287,0.8085625552794191,0.5483818123671629,0.28867513459481287,0.8106944103445454,0.5483818123671629
0.28867513459481287,0.803690191549685,0.5490724675702038,0.28867513459481287,0.8070730010639169,0.5490724675702038
0.28867513459481287,0.8010957144963234,0.614310352975779,0.28867513459481287,0.8020091660528685,0.614310352975779
0.28867513459481287,0.8010957144963234,0.614310352975779,0.28867513459481287,0.8020091660528685,0.614310352975779
0.28867513459481287,0.7934528419255477,0.6306554707009191,0.28867513459481287,0.7988174155004502,0.6306554707009191
0.28867513459481287,0.7934528419255477,0.6306554707009191,0.28867513459481287,0.7988174155004502,0.6306554707009191
0.28867513459481287,0.7934528419255477,0.6306554707009191,0.28867513459481287,0.7988174155004502,0.6306554707009191
0.28867513459481287,0.7934528419255477,0.6306554707009191,0.28867513459481287,0.7988174155004502,0.6306554707009191
0.2773500981126146,0.8088194833849291,0.5483818123671629,0.2773500981126146,0.8109092397086505,0.5483818123671629
0.2773500981126146,0.8087681276219117,0.5575838695898271,0.2773500981126146,0.8113593583762992,0.5575838695898271
0.2773500981126146,0.8066031307089855,0.5692729247269901,0.2773500981126146,0.8101726818888616,0.5692729247269901
0.2773500981126146,0.8066031307089855,0.5692729247269901,0.2773500981126146,0.8101726818888616,0.5692729247269901
0.2773500981126146,0.8066031307089855,0.5692729247269901,0.2773500981126146,0.8101726818888616,0.5692729247269901
0.2773500981126146,0.8066031307089855,0.5692729247269901,0.2773500981126146,0.8101726818888616,0.5692729247269901
0.2773500981126146,0.8066031307089855,0.5692729247269901,0.2773500981126146,0.8101726818888616,0.5692729247269901
0.2773500981126146,0.8066031307089855,0.5692729247269901,0.2773500981126146,0.8101726818888616,0.5692729247269901
0.2773500981126146,0.8063044813244452,0.5957976678268951,0.2773500981126146,0.8096407234634585,0.5957976678268951
0.2672612419124244,0.8113897949449478,0.5483818123671629,0.2672612419124244,0.813998690563876,0.5483818123671629
0.2672612419124244,0.8044961977747457,0.6003819922594309,0.2672612419124244,0.8092519846141255,0.6003819922594309
0.2672612419124244,0.801304312299916,0.6156883322725915,0.2672612419124244,0.8069093215484082,0.6156883322725915
0.2672612419124244,0.7987224797834444,0.6306554707009191,0.2672612419124244,0.8021114657500614,0.6306554707009191
0.2581988897471611,0.8169176458621775,0.5903596157217501,0.2581988897471611,0.8195637940911695,0.5903596157217501
0.2581988897471611,0.8169176458621775,0.5903596157217501,0.2581988897471611,0.8195637940911695,0.5903596157217501
0.2581988897471611,0.8058255192480721,0.6003819922594309,0.2581988897471611,0.8096509534331778,0.6003819922594309
0.2581988897471611,0.8058255192480721,0.6003819922594309,0.2581988897471611,0.8096509534331778,0.6003819922594309
0.2581988897471611,0.8047140780439962,0.6044663145433807,0.2581988897471611,0.8093389393567395,0.6044663145433807
0.25,0.8122854616570144,0.604677559416283,0.25,0.8153388165971028,0.604677559416283
0.25,0.8122854616570144,0.604677559416283,0.25,0.8153388165971028,0.604677559416283
0.25,0.8079804414879287,0.6166757199217665,0.25,0.8137224813814551,0.6166757199217665
0.25,0.8055049232327888,0.6199987807404441,0.25,0.8127710941975612,0.6199987807404441
0.25,0.8023771977001583,0.6306554707009191,0.25,0.8087916359767575,0.6306554707009191
0.24253562503633297,0.8132176017891816,0.6086611433316657,0.24253562503633297,0.8154615762337344,0.6086611433316657
0.24253562503633297,0.8132176017891816,0.6086611433316657,0.24253562503633297,0.8154615762337344,0.6086611433316657
0.24253562503633297,0.8132176017891816,0.6086611433316657,0.24253562503633297,0.8154615762337344,0.6086611433316657
0.24253562503633297,0.805866170931964,0.6199987807404441,0.24253562503633297,0.8149909976266471,0.6199987807404441
0.24253562503633297,0.8035268277362273,0.6306554707009191,0.24253562503633297,0.8087097962190032,0.6306554707009191
0.24253562503633297,0.8035268277362273,0.6306554707009191,0.24253562503633297,0.8087097962190032,0.6306554707009191
0.24253562503633297,0.8035268277362273,0.6306554707009191,0.24253562503633297,0.8087097962190032,0.6306554707009191
0.23570226039551584,0.818130738894333,0.6116457048906017,0.23570226039551584,0.8250982077093052,0.6116457048906017
0.22941573387056177,0.8260759062743083,0.5473885704839425,0.22941573387056177,0.8306530812668794,0.5473885704839425
0.22941573387056177,0.8260759062743083,0.5473885704839425,0.22941573387056177,0.8306530812668794,0.5473885704839425
0.22941573387056177,0.8260759062743083,0.5473885704839425,0.22941573387056177,0.8306530812668794,0.5473885704839425
0.22941573387056177,0.8260759062743083,0.5473885704839425,0.22941573387056177,0.8306530812668794,0.5473885704839425
0.22941573387056177,0.8260759062743083,0.5473885704839425,0.22941573387056177,0.8306530812668794,0.5473885704839425
0.22941573387056177,0.8260759062743083,0.5473885704839425,0.22941573387056177,0.8306530812668794,0.5473885704839425
0.22941573387056177,0.825880600007639,0.5968254111589004,0.22941573387056177,0.8295891644160733,0.5968254111589004
0.22941573387056177,0.8127414625683471,0.6306554707009191,0.22941573387056177,0.8172415909648908,0.6306554707009191
0.22360679774997896,0.8278183885819214,0.5473885704839425,0.22360679774997896,0.8304382519027743,0.5473885704839425
0.22360679774997896,0.8278183885819214,0.5473885704839425,0.22360679774997896,0.8304382519027743,0.5473885704839425
0.22360679774997896,0.8278183885819214,0.5473885704839425,0.22360679774997896,0.8304382519027743,0.5473885704839425
0.22360679774997896,0.8263975592247356,0.5608225808725396,0.22360679774997896,0.8305405515999673,0.5608225808725396
0.22360679774997896,0.8239209690663319,0.5969423206974437,0.22360679774997896,0.8273999508961454,0.5969423206974437
0.22360679774997896,0.8239209690663319,0.5969423206974437,0.22360679774997896,0.8273999508961454,0.5969423206974437
0.22360679774997896,0.8183627864039872,0.6147234099637641,0.22360679774997896,0.825231197315656,0.6147234099637641
0.22360679774997896,0.8183627864039872,0.6147234099637641,0.22360679774997896,0.825231197315656,0.6147234099637641
0.22360679774997896,0.8183627864039872,0.6147234099637641,0.22360679774997896,0.825231197315656,0.6147234099637641
0.22360679774997896,0.8183627864039872,0.6147234099637641,0.22360679774997896,0.825231197315656,0.6147234099637641
0.21821789023599236,0.8266210312197645,0.5538100554156454,0.21821789023599236,0.8304996317210901,0.5538100554156454
0.21821789023599236,0.8266210312197645,0.5538100554156454,0.21821789023599236,0.8304996317210901,0.5538100554156454
0.21821789023599236,0.8262397500810539,0.5648337038958108,0.21821789023599236,0.8301006629020378,0.5648337038958108
0.21821789023599236,0.8259034971240276,0.6147234099637641,0.21821789023599236,0.8318499877240363,0.6147234099637641
0.21821789023599236,0.8259034971240276,0.6147234099637641,0.21821789023599236,0.8318499877240363,0.6147234099637641
0.21320071635561044,0.828310293668293,0.5881455891716697,0.21320071635561044,0.8311236598739667,0.5881455891716697
0.21320071635561044,0.8242050882924552,0.6156883322725915,0.21320071635561044,0.8294050249611261,0.6156883322725915
0.21320071635561044,0.8129127744022467,0.6199507467201836,0.21320071635561044,0.8216404779441853,0.6199507467201836
0.20851441405707477,0.8332990281614197,0.5645460592162945,0.20851441405707477,0.8394406252557493,0.5645460592162945
0.20851441405707477,0.8332990281614197,0.5645460592162945,0.20851441405707477,0.8394406252557493,0.5645460592162945
0.20851441405707477,0.8332990281614197,0.5645460592162945,0.20851441405707477,0.8394406252557493,0.5645460592162945
0.20851441405707477,0.8332990281614197,0.5645460592162945,0.20851441405707477,0.8394406252557493,0.5645460592162945
0.20851441405707477,0.8332990281614197,0.5645460592162945,0.20851441405707477,0.8394406252557493,0.5645460592162945
0.20851441405707477,0.8332990281614197,0.5645460592162945,0.20851441405707477,0.8394406252557493,0.5645460592162945
0.20851441405707477,0.8161382805200074,0.622030629283168,0.20851441405707477,0.825619936164989,0.622030629283168
0.20851441405707477,0.8161382805200074,0.622030629283168,0.20851441405707477,0.825619936164989,0.622030629283168
0.20851441405707477,0.8161382805200074,0.622030629283168,0.20851441405707477,0.825619936164989,0.622030629283168
0.2041241452319315,0.8340516640536935,0.5645460592162945,0.2041241452319315,0.8401976430149767,0.5645460592162945
0.2041241452319315,0.8329592716618782,0.584695785266504,0.2041241452319315,0.8395838448318192,0.584695785266504
0.2041241452319315,0.8194137980583869,0.622030629283168,0.2041241452319315,0.8292924952942139,0.622030629283168
0.2,0.8370235778731203,0.5974606795126132,0.2,0.8392462558310827,0.5974606795126132
0.2,0.8370235778731203,0.5974606795126132,0.2,0.8392462558310827,0.5974606795126132
0.2,0.8370235778731203,0.5974606795126132,0.2,0.8392462558310827,0.5974606795126132
0.2,0.8370235778731203,0.5974606795126132,0.2,0.8392462558310827,0.5974606795126132
0.19611613513818404,0.8380136650748695,0.5974606795126132,0.19611613513818404,0.839502005074065,0.5974606795126132
0.19611613513818404,0.8380136650748695,0.5974606795126132,0.19611613513818404,0.839502005074065,0.5974606795126132
0.19245008972987526,0.8356141563285951,0.6061931196889828,0.19245008972987526,0.8370877322203126,0.6061931196889828
0.19245008972987526,0.8356141563285951,0.6061931196889828,0.19245008972987526,0.8370877322203126,0.6061931196889828
0.19245008972987526,0.8356141563285951,0.6061931196889828,0.19245008972987526,0.8370877322203126,0.6061931196889828
0.19245008972987526,0.8356141563285951,0.6061931196889828,0.19245008972987526,0.8370877322203126,0.6061931196889828
0.1889822365046136,0.8367380961481978,0.6030791424956473,0.1889822365046136,0.8414968491693264,0.6030791424956473
0.1889822365046136,0.8335724495480251,0.6085414990308949,0.1889822365046136,0.8370775022505933,0.6085414990308949
0.1889822365046136,0.8195821647389744,0.6233737608688141,0.1889822365046136,0.8276863900482855,0.6233737608688141
0.1796053020267749,0.8153663017285325,0.627109109433085,0.1796053020267749,0.8240649807676569,0.627109109433085
0.17149858514250885,0.8431176780859443,0.6199507467201836,0.17149858514250885,0.8488521973974957,0.6199507467201836
0.17149858514250885,0.8431176780859443,0.6199507467201836,0.17149858514250885,0.8488521973974957,0.6199507467201836
0.17149858514250885,0.8431176780859443,0.6199507467201836,0.17149858514250885,0.8488521973974957,0.6199507467201836
0.17149858514250885,0.8431176780859443,0.6199507467201836,0.17149858514250885,0.8488521973974957,0.6199507467201836
0.17149858514250885,0.8431176780859443,0.6199507467201836,0.17149858514250885,0.8488521973974957,0.6199507467201836
0.17149858514250885,0.8431176780859443,0.6199507467201836,0.17149858514250885,0.8488521973974957,0.6199507467201836
0.17149858514250885,0.8431176780859443,0.6199507467201836,0.17149858514250885,0.8488521973974957,0.6199507467201836
0.17149858514250885,0.837715806880632,0.6233737608688141,0.17149858514250885,0.8446988296914641,0.6233737608688141
0.17149858514250885,0.8362521324978088,0.6234905829862162,0.17149858514250885,0.8431131843849742,0.6234905829862162
0.17149858514250885,0.8362521324978088,0.6234905829862162,0.17149858514250885,0.8431131843849742,0.6234905829862162
0.17149858514250885,0.8362521324978088,0.6234905829862162,0.17149858514250885,0.8431131843849742,0.6234905829862162
0.17149858514250885,0.8283418239421806,0.6256737737556599,0.17149858514250885,0.8396656845895736,0.6256737737556599
0.1690308509457033,0.8435089406560351,0.6205748448028735,0.1690308509457033,0.849036336852443,0.6205748448028735
0.1690308509457033,0.8435089406560351,0.6205748448028735,0.1690308509457033,0.849036336852443,0.6205748448028735
0.1690308509457033,0.8435089406560351,0.6205748448028735,0.1690308509457033,0.849036336852443,0.6205748448028735
0.1690308509457033,0.8371762632013485,0.6234905829862162,0.1690308509457033,0.8449852688436043,0.6234905829862162
0.1690308509457033,0.8239489232013194,0.6306554707009191,0.1690308509457033,0.8352156477616827,0.6306554707009191
0.1690308509457033,0.8239489232013194,0.6306554707009191,0.1690308509457033,0.8352156477616827,0.6306554707009191
0.1690308509457033,0.8239489232013194,0.6306554707009191,0.1690308509457033,0.8352156477616827,0.6306554707009191
0.16222142113076254,0.829051086341245,0.6263287171532478,0.16222142113076254,0.84317456420329,0.6263287171532478
0.16012815380508713,0.8421400922479249,0.6254164468165426,0.16012815380508713,0.8511334806448972,0.6254164468165426
0.16012815380508713,0.8421400922479249,0.6254164468165426,0.16012815380508713,0.8511334806448972,0.6254164468165426
0.15811388300841897,0.8486539607383907,0.6254164468165426,0.15811388300841897,0.8546832801374908,0.6254164468165426
0.15811388300841897,0.8486539607383907,0.6254164468165426,0.15811388300841897,0.8546832801374908,0.6254164468165426
0.15811388300841897,0.8486539607383907,0.6254164468165426,0.15811388300841897,0.8546832801374908,0.6254164468165426
