inner_cv_root_leanness,inner_cv_SKSurvCox_c-index,inner_cv_root_separation,train_root_leanness,train_SKSurvCox_c-index,train_root_separation,test_root_leanness,test_SKSurvCox_c-index,test_root_separation
1.0,0.5,0.0,1.0,0.5,0.0,1.0,0.5,0.0
1.0,0.5,0.0,1.0,0.5,0.0,1.0,0.5,0.0
1.0,0.5,0.0,1.0,0.5,0.0,1.0,0.5,0.0
1.0,0.5,0.0,1.0,0.5,0.0,1.0,0.5,0.0
1.0,0.5,0.0,1.0,0.5,0.0,1.0,0.5,0.0
1.0,0.5,0.0,1.0,0.5,0.0,1.0,0.5,0.0
1.0,0.5,0.0,1.0,0.5,0.0,1.0,0.5,0.0
1.0,0.5,0.0,1.0,0.5,0.0,1.0,0.5,0.0
0.7071067811865476,0.7404609210665867,0.469022993399859,0.7071067811865476,0.6541124636834239,0.4273163630738753,0.7071067811865476,0.655307292075153,0.47528946278299533
0.7071067811865476,0.7404609210665867,0.469022993399859,0.7071067811865476,0.6541124636834239,0.4301607275526186,0.7071067811865476,0.655307292075153,0.4523757329534061
0.7071067811865476,0.7404609210665867,0.469022993399859,0.7071067811865476,0.6541124636834239,0.4315291592130713,0.7071067811865476,0.655307292075153,0.45601895828907424
0.7071067811865476,0.7404609210665867,0.469022993399859,0.7071067811865476,0.6541124636834239,0.4344844439738286,0.7071067811865476,0.655307292075153,0.468086544672505
0.7071067811865476,0.7404609210665867,0.469022993399859,0.7071067811865476,0.6541124636834239,0.43103145372197427,0.7071067811865476,0.655307292075153,0.4623445090329253
0.7071067811865476,0.7404609210665867,0.469022993399859,0.7071067811865476,0.6541124636834239,0.4417672496440369,0.7071067811865476,0.655307292075153,0.46192029522069866
0.7071067811865476,0.7404609210665867,0.469022993399859,0.7071067811865476,0.6541124636834239,0.4294522368660237,0.7071067811865476,0.655307292075153,0.45634031806537156
0.7071067811865476,0.7404609210665867,0.469022993399859,0.7071067811865476,0.6541124636834239,0.43043685501616846,0.7071067811865476,0.655307292075153,0.45987345819458403
0.7071067811865476,0.7229353242163874,0.4987377116215574,0.7071067811865476,0.6078464781098427,0.4634575566986616,0.7071067811865476,0.603252261198842,0.5067794642533873
0.7071067811865476,0.7229353242163874,0.4987377116215574,0.7071067811865476,0.6078464781098427,0.45481524390337735,0.7071067811865476,0.603252261198842,0.5130743409114885
0.7071067811865476,0.7229353242163874,0.4987377116215574,0.7071067811865476,0.6078464781098427,0.4577414244416145,0.7071067811865476,0.603252261198842,0.5101557806209329
0.7071067811865476,0.7229353242163874,0.4987377116215574,0.7071067811865476,0.6078464781098427,0.4490640762287527,0.7071067811865476,0.603252261198842,0.5116717853268209
0.7071067811865476,0.7229353242163874,0.4987377116215574,0.7071067811865476,0.6078464781098427,0.4532302078371367,0.7071067811865476,0.603252261198842,0.5076084277399489
0.7071067811865476,0.7229353242163874,0.4987377116215574,0.7071067811865476,0.6078464781098427,0.4497444541741771,0.7071067811865476,0.603252261198842,0.5030216870190883
0.7071067811865476,0.7229353242163874,0.4987377116215574,0.7071067811865476,0.6078464781098427,0.44837775486149833,0.7071067811865476,0.603252261198842,0.5132432708436956
0.7071067811865476,0.7229353242163874,0.4987377116215574,0.7071067811865476,0.6078464781098427,0.4571679448109755,0.7071067811865476,0.603252261198842,0.5127271578620664
0.7071067811865476,0.7019107771276589,0.511413247461256,0.7071067811865476,0.6003197267512305,0.4827879689404629,0.7071067811865476,0.5775077962182228,0.4747870018490333
0.7071067811865476,0.7019107771276589,0.511413247461256,0.7071067811865476,0.6003197267512305,0.48517703605604084,0.7071067811865476,0.5775077962182228,0.46722997610267974
0.7071067811865476,0.7019107771276589,0.511413247461256,0.7071067811865476,0.6003197267512305,0.4846997512519618,0.7071067811865476,0.5775077962182228,0.47739435582521317
0.7071067811865476,0.7019107771276589,0.511413247461256,0.7071067811865476,0.6003197267512305,0.4808860260263123,0.7071067811865476,0.5775077962182228,0.48522961476103443
0.7071067811865476,0.7019107771276589,0.511413247461256,0.7071067811865476,0.6003197267512305,0.4865668883327735,0.7071067811865476,0.5775077962182228,0.48473808945951885
0.7071067811865476,0.7019107771276589,0.511413247461256,0.7071067811865476,0.6003197267512305,0.48324447764540496,0.7071067811865476,0.5775077962182228,0.4742384564087048
0.7071067811865476,0.7019107771276589,0.511413247461256,0.7071067811865476,0.6003197267512305,0.47144112367631663,0.7071067811865476,0.5775077962182228,0.4764613192833907
0.7071067811865476,0.7019107771276589,0.511413247461256,0.7071067811865476,0.6003197267512305,0.48309307579271205,0.7071067811865476,0.5775077962182228,0.47151291391978056
0.7071067811865476,0.6675402410486412,0.5307335678858482,0.7071067811865476,0.5774483665625061,0.4946851350453327,0.7071067811865476,0.5436397171464996,0.5237347060385448
0.7071067811865476,0.6675402410486412,0.5307335678858482,0.7071067811865476,0.5774483665625061,0.49279493226574755,0.7071067811865476,0.5436397171464996,0.5136736004262314
0.7071067811865476,0.6675402410486412,0.5307335678858482,0.7071067811865476,0.5774483665625061,0.4938500021032781,0.7071067811865476,0.5436397171464996,0.5129679217079288
0.7071067811865476,0.6675402410486412,0.5307335678858482,0.7071067811865476,0.5774483665625061,0.49197251617547594,0.7071067811865476,0.5436397171464996,0.5079149137580826
0.7071067811865476,0.6675402410486412,0.5307335678858482,0.7071067811865476,0.5774483665625061,0.4983503616554161,0.7071067811865476,0.5436397171464996,0.5214467722066988
0.7071067811865476,0.6675402410486412,0.5307335678858482,0.7071067811865476,0.5774483665625061,0.4969662547201686,0.7071067811865476,0.5436397171464996,0.5142874788195497
0.7071067811865476,0.6675402410486412,0.5307335678858482,0.7071067811865476,0.5774483665625061,0.49023076088571976,0.7071067811865476,0.5436397171464996,0.5154053165201318
0.7071067811865476,0.6675402410486412,0.5307335678858482,0.7071067811865476,0.5774483665625061,0.49987364185562716,0.7071067811865476,0.5436397171464996,0.5174543856897504
0.7071067811865476,0.6481072435054999,0.5932106084473783,0.7071067811865476,0.5803314156298865,0.5454798671745945,0.7071067811865476,0.5839270292718509,0.5640076873277577
0.7071067811865476,0.6481072435054999,0.5932106084473783,0.7071067811865476,0.5803314156298865,0.5436367893402398,0.7071067811865476,0.5839270292718509,0.5640191072232016
0.7071067811865476,0.6481072435054999,0.5932106084473783,0.7071067811865476,0.5803314156298865,0.5568045041491889,0.7071067811865476,0.5839270292718509,0.5673521286174483
0.7071067811865476,0.6481072435054999,0.5932106084473783,0.7071067811865476,0.5803314156298865,0.5464322576038002,0.7071067811865476,0.5839270292718509,0.5517296931509552
0.7071067811865476,0.6481072435054999,0.5932106084473783,0.7071067811865476,0.5803314156298865,0.539910624990932,0.7071067811865476,0.5839270292718509,0.5622664054545334
0.7071067811865476,0.6481072435054999,0.5932106084473783,0.7071067811865476,0.5803314156298865,0.5423448046597611,0.7071067811865476,0.5839270292718509,0.5582023663826776
0.7071067811865476,0.6481072435054999,0.5932106084473783,0.7071067811865476,0.5803314156298865,0.5448571400317503,0.7071067811865476,0.5839270292718509,0.5614913513910654
0.7071067811865476,0.6481072435054999,0.5932106084473783,0.7071067811865476,0.5803314156298865,0.5393587960305085,0.7071067811865476,0.5839270292718509,0.561822877550186
0.7071067811865476,0.5035623162704705,0.584652406361488,0.7071067811865476,0.48266213598439106,0.5537118844027789,0.7071067811865476,0.49026268548798424,0.5442969896709122
0.7071067811865476,0.5035623162704705,0.584652406361488,0.7071067811865476,0.48266213598439106,0.5594376936983039,0.7071067811865476,0.49026268548798424,0.5537290620268428
0.7071067811865476,0.5035623162704705,0.584652406361488,0.7071067811865476,0.48266213598439106,0.5452628882260196,0.7071067811865476,0.49026268548798424,0.5444138050002079
0.7071067811865476,0.5035623162704705,0.584652406361488,0.7071067811865476,0.48266213598439106,0.562688276254387,0.7071067811865476,0.49026268548798424,0.5425133260176858
0.7071067811865476,0.5035623162704705,0.584652406361488,0.7071067811865476,0.48266213598439106,0.553545958504096,0.7071067811865476,0.49026268548798424,0.5460319463194658
0.7071067811865476,0.5035623162704705,0.584652406361488,0.7071067811865476,0.48266213598439106,0.5510159564302889,0.7071067811865476,0.49026268548798424,0.5418891863435
0.7071067811865476,0.5035623162704705,0.584652406361488,0.7071067811865476,0.48266213598439106,0.5612800479000087,0.7071067811865476,0.49026268548798424,0.5447905428420787
0.7071067811865476,0.5035623162704705,0.584652406361488,0.7071067811865476,0.48266213598439106,0.563043715434398,0.7071067811865476,0.49026268548798424,0.5543688312367694
0.5773502691896257,0.7718606648664516,0.5081137223992218,0.5773502691896257,0.6932696057950068,0.4783213928527366,0.5773502691896257,0.6640700565884057,0.5178615076252677
0.5773502691896257,0.7718606648664516,0.5081137223992218,0.5773502691896257,0.6932696057950068,0.48553397754705413,0.5773502691896257,0.6640700565884057,0.5142615911488495
0.5773502691896257,0.7718606648664516,0.5081137223992218,0.5773502691896257,0.6932696057950068,0.490121600551494,0.5773502691896257,0.6640700565884057,0.5117015691124763
0.5773502691896257,0.7718606648664516,0.5081137223992218,0.5773502691896257,0.6932696057950068,0.4749158965560235,0.5773502691896257,0.6640700565884057,0.513786898207098
0.5773502691896257,0.7718606648664516,0.5081137223992218,0.5773502691896257,0.6932696057950068,0.49035909779627995,0.5773502691896257,0.6640700565884057,0.5081340361478884
0.5773502691896257,0.7718606648664516,0.5081137223992218,0.5773502691896257,0.6932696057950068,0.4809478708064961,0.5773502691896257,0.6640700565884057,0.51067374062816
0.5773502691896257,0.7718606648664516,0.5081137223992218,0.5773502691896257,0.6932696057950068,0.4883741626476385,0.5773502691896257,0.6640700565884057,0.5165545238627692
0.5773502691896257,0.7718606648664516,0.5081137223992218,0.5773502691896257,0.6932696057950068,0.48998526059565234,0.5773502691896257,0.6640700565884057,0.5009632330277355
0.5773502691896257,0.7804121920484548,0.5462438339697872,0.5773502691896257,0.697428362291252,0.5185949241484116,0.5773502691896257,0.6594772376895843,0.5355998618031895
0.5773502691896257,0.7804121920484548,0.5462438339697872,0.5773502691896257,0.697428362291252,0.5181106565018532,0.5773502691896257,0.6594772376895843,0.5287743969239515
0.5773502691896257,0.7804121920484548,0.5462438339697872,0.5773502691896257,0.697428362291252,0.525081855849291,0.5773502691896257,0.6594772376895843,0.5328452374531228
0.5773502691896257,0.7804121920484548,0.5462438339697872,0.5773502691896257,0.697428362291252,0.5274843715034808,0.5773502691896257,0.6594772376895843,0.5346660352434917
0.5773502691896257,0.7804121920484548,0.5462438339697872,0.5773502691896257,0.697428362291252,0.5228781048703204,0.5773502691896257,0.6594772376895843,0.5335055468291524
0.5773502691896257,0.7759634428584128,0.5705186804645423,0.5773502691896257,0.6964995508640651,0.5283947757181201,0.5773502691896257,0.670188005126674,0.5400688148726658
0.5773502691896257,0.7759634428584128,0.5705186804645423,0.5773502691896257,0.6964995508640651,0.5289930025108512,0.5773502691896257,0.670188005126674,0.539007801166474
0.5773502691896257,0.7759634428584128,0.5705186804645423,0.5773502691896257,0.6964995508640651,0.5313495617850936,0.5773502691896257,0.670188005126674,0.5454463533613838
0.5773502691896257,0.7576265774659047,0.5618027732210237,0.5773502691896257,0.666091597593763,0.5418243712608578,0.5773502691896257,0.6590430811720533,0.5550297316033673
0.5773502691896257,0.7576265774659047,0.5618027732210237,0.5773502691896257,0.666091597593763,0.5433456454722115,0.5773502691896257,0.6590430811720533,0.5579354098473219
0.5773502691896257,0.7576265774659047,0.5618027732210237,0.5773502691896257,0.666091597593763,0.5379592894411871,0.5773502691896257,0.6590430811720533,0.5544779678837926
0.5773502691896257,0.7576265774659047,0.5618027732210237,0.5773502691896257,0.666091597593763,0.5397291918410172,0.5773502691896257,0.6590430811720533,0.5424324562940809
0.5773502691896257,0.7576265774659047,0.5618027732210237,0.5773502691896257,0.666091597593763,0.5409358640776297,0.5773502691896257,0.6590430811720533,0.5478019090564815
0.5773502691896257,0.7576265774659047,0.5618027732210237,0.5773502691896257,0.666091597593763,0.5394414822603847,0.5773502691896257,0.6590430811720533,0.5471311756499839
0.5773502691896257,0.7576265774659047,0.5618027732210237,0.5773502691896257,0.666091597593763,0.5423089702975727,0.5773502691896257,0.6590430811720533,0.5443660730490308
0.5773502691896257,0.7576265774659047,0.5618027732210237,0.5773502691896257,0.666091597593763,0.538832172176408,0.5773502691896257,0.6590430811720533,0.5490994247937967
0.5773502691896257,0.7576265774659047,0.5618027732210237,0.5773502691896257,0.666091597593763,0.5352072522814163,0.5773502691896257,0.6590430811720533,0.5509329482433272
0.5773502691896257,0.7541870458804577,0.5932297800732481,0.5773502691896257,0.6621905560483988,0.5280505162939126,0.5773502691896257,0.6481162164577609,0.568123882633916
0.5773502691896257,0.7541870458804577,0.5932297800732481,0.5773502691896257,0.6621905560483988,0.5499922912666435,0.5773502691896257,0.6481162164577609,0.5641318902983176
0.5773502691896257,0.7541870458804577,0.5932297800732481,0.5773502691896257,0.6621905560483988,0.5517173074367022,0.5773502691896257,0.6481162164577609,0.5685665305172781
0.5773502691896257,0.7452146565355334,0.5853035401705211,0.5773502691896257,0.660455987144028,0.5594097897754287,0.5773502691896257,0.6532173517050724,0.5343920270473037
0.5773502691896257,0.7452146565355334,0.5853035401705211,0.5773502691896257,0.660455987144028,0.5535382989974811,0.5773502691896257,0.6532173517050724,0.5439147300180631
0.5773502691896257,0.7452146565355334,0.5853035401705211,0.5773502691896257,0.660455987144028,0.5439300162147307,0.5773502691896257,0.6532173517050724,0.5571985221352753
0.5773502691896257,0.7393104678487984,0.6163982426147053,0.5773502691896257,0.6555476768473216,0.5560894516570362,0.5773502691896257,0.6542347297105248,0.5611788812297542
0.5773502691896257,0.7393104678487984,0.6163982426147053,0.5773502691896257,0.6555476768473216,0.5415768884652894,0.5773502691896257,0.6542347297105248,0.5630955911978929
0.5773502691896257,0.741284091747824,0.6253917630964353,0.5773502691896257,0.6542055031296726,0.5683347498328721,0.5773502691896257,0.6533685862602334,0.5608751638837737
0.5773502691896257,0.741284091747824,0.6253917630964353,0.5773502691896257,0.6542055031296726,0.5727402455292907,0.5773502691896257,0.6533685862602334,0.5515763796254731
0.5773502691896257,0.741284091747824,0.6253917630964353,0.5773502691896257,0.6542055031296726,0.5686103842031314,0.5773502691896257,0.6533685862602334,0.551042647110648
0.5773502691896257,0.741284091747824,0.6253917630964353,0.5773502691896257,0.6542055031296726,0.5753964636041916,0.5773502691896257,0.6533685862602334,0.5552666812765584
0.5773502691896257,0.741284091747824,0.6253917630964353,0.5773502691896257,0.6542055031296726,0.5729141187103033,0.5773502691896257,0.6533685862602334,0.5453279152506095
0.5773502691896257,0.741284091747824,0.6253917630964353,0.5773502691896257,0.6542055031296726,0.5693273890477621,0.5773502691896257,0.6533685862602334,0.5555476212722242
0.5773502691896257,0.741284091747824,0.6253917630964353,0.5773502691896257,0.6542055031296726,0.5646930870992058,0.5773502691896257,0.6533685862602334,0.567690274961214
0.5773502691896257,0.741284091747824,0.6253917630964353,0.5773502691896257,0.6542055031296726,0.5682454094120939,0.5773502691896257,0.6533685862602334,0.542543903711811
0.5773502691896257,0.728224907326958,0.6159460341590726,0.5773502691896257,0.6562428626246399,0.5814914302556239,0.5773502691896257,0.6034360546953549,0.5841556161305962
0.5773502691896257,0.728224907326958,0.6159460341590726,0.5773502691896257,0.6562428626246399,0.5793169456560257,0.5773502691896257,0.6034360546953549,0.5829029242674348
0.5773502691896257,0.728224907326958,0.6159460341590726,0.5773502691896257,0.6562428626246399,0.5755887481955284,0.5773502691896257,0.6034360546953549,0.5869384282265996
0.5773502691896257,0.728224907326958,0.6159460341590726,0.5773502691896257,0.6562428626246399,0.5807040218409896,0.5773502691896257,0.6034360546953549,0.5971881256718452
0.5773502691896257,0.728224907326958,0.6159460341590726,0.5773502691896257,0.6562428626246399,0.5754908234178713,0.5773502691896257,0.6034360546953549,0.5896090137353727
0.5773502691896257,0.728224907326958,0.6159460341590726,0.5773502691896257,0.6562428626246399,0.5762663239832335,0.5773502691896257,0.6034360546953549,0.5823155664681938
0.5773502691896257,0.728224907326958,0.6159460341590726,0.5773502691896257,0.6562428626246399,0.5775419203066844,0.5773502691896257,0.6034360546953549,0.5870984194833572
0.5773502691896257,0.728224907326958,0.6159460341590726,0.5773502691896257,0.6562428626246399,0.569780077498464,0.5773502691896257,0.6034360546953549,0.5893728735446343
0.5773502691896257,0.728224907326958,0.6159460341590726,0.5773502691896257,0.6562428626246399,0.5730744636222767,0.5773502691896257,0.6034360546953549,0.5896684730042211
0.5773502691896257,0.7101089306147879,0.6250171288815988,0.5773502691896257,0.6236320011159316,0.5875438369394038,0.5773502691896257,0.5857601220729726,0.595601081659146
0.5773502691896257,0.713217864972446,0.6232240150110443,0.5773502691896257,0.6126789449342498,0.5888288450433419,0.5773502691896257,0.5890701982789173,0.5782783724788575
0.5773502691896257,0.713217864972446,0.6232240150110443,0.5773502691896257,0.6126789449342498,0.5901521845445112,0.5773502691896257,0.5890701982789173,0.5838211863372691
0.5773502691896257,0.713217864972446,0.6232240150110443,0.5773502691896257,0.6126789449342498,0.5885601301314843,0.5773502691896257,0.5890701982789173,0.5813663379069003
0.5773502691896257,0.713217864972446,0.6232240150110443,0.5773502691896257,0.6126789449342498,0.583662971725522,0.5773502691896257,0.5890701982789173,0.5842870809882584
0.5773502691896257,0.713217864972446,0.6232240150110443,0.5773502691896257,0.6126789449342498,0.6029943622178413,0.5773502691896257,0.5890701982789173,0.578977260570228
0.5773502691896257,0.713217864972446,0.6232240150110443,0.5773502691896257,0.6126789449342498,0.5846502422933136,0.5773502691896257,0.5890701982789173,0.5736387768513772
0.5773502691896257,0.713217864972446,0.6232240150110443,0.5773502691896257,0.6126789449342498,0.5890096528264009,0.5773502691896257,0.5890701982789173,0.5841316485118788
0.5773502691896257,0.6612591370540426,0.6362026310311844,0.5773502691896257,0.6057782738706023,0.5998574929163657,0.5773502691896257,0.5910815213000643,0.6055065828197563
0.5773502691896257,0.6612591370540426,0.6362026310311844,0.5773502691896257,0.6057782738706023,0.6018201319206419,0.5773502691896257,0.5910815213000643,0.6106319411905058
0.5773502691896257,0.6612591370540426,0.6362026310311844,0.5773502691896257,0.6057782738706023,0.6014573667024822,0.5773502691896257,0.5910815213000643,0.607385355965293
0.5773502691896257,0.6612591370540426,0.6362026310311844,0.5773502691896257,0.6057782738706023,0.5965787447294945,0.5773502691896257,0.5910815213000643,0.6065776069066263
0.5773502691896257,0.6612591370540426,0.6362026310311844,0.5773502691896257,0.6057782738706023,0.5962053991096706,0.5773502691896257,0.5910815213000643,0.6076386427363314
0.5773502691896257,0.6612591370540426,0.6362026310311844,0.5773502691896257,0.6057782738706023,0.5996529394150465,0.5773502691896257,0.5910815213000643,0.6063478859880287
0.5773502691896257,0.6612591370540426,0.6362026310311844,0.5773502691896257,0.6057782738706023,0.6015896243856418,0.5773502691896257,0.5910815213000643,0.6072751108479971
0.5773502691896257,0.6612591370540426,0.6362026310311844,0.5773502691896257,0.6057782738706023,0.6007823435571721,0.5773502691896257,0.5910815213000643,0.5893442714251798
0.5773502691896257,0.656117709904348,0.6590399891083104,0.5773502691896257,0.5798554991027203,0.6081922062703922,0.5773502691896257,0.5820616372399225,0.6061638177754319
0.5773502691896257,0.656117709904348,0.6590399891083104,0.5773502691896257,0.5798554991027203,0.6065286206269392,0.5773502691896257,0.5820616372399225,0.6072895117270845
0.5773502691896257,0.656117709904348,0.6590399891083104,0.5773502691896257,0.5798554991027203,0.5999070692005795,0.5773502691896257,0.5820616372399225,0.6033342898374711
0.5773502691896257,0.656117709904348,0.6590399891083104,0.5773502691896257,0.5798554991027203,0.6112460231640965,0.5773502691896257,0.5820616372399225,0.5988367589181074
0.5773502691896257,0.656117709904348,0.6590399891083104,0.5773502691896257,0.5798554991027203,0.6057439089496119,0.5773502691896257,0.5820616372399225,0.5885442828492332
0.5773502691896257,0.656117709904348,0.6590399891083104,0.5773502691896257,0.5798554991027203,0.6079718920481473,0.5773502691896257,0.5820616372399225,0.5941544740132646
0.5773502691896257,0.656117709904348,0.6590399891083104,0.5773502691896257,0.5798554991027203,0.609115798801717,0.5773502691896257,0.5820616372399225,0.5958699116124416
0.5773502691896257,0.656117709904348,0.6590399891083104,0.5773502691896257,0.5798554991027203,0.6052667280746338,0.5773502691896257,0.5820616372399225,0.6017020754924068
0.5,0.8036154325153836,0.5450190759027669,0.5,0.7151049302469495,0.5220572341883066,0.5,0.6525117562992654,0.5386870112632944
0.5,0.8036154325153836,0.5450190759027669,0.5,0.7151049302469495,0.5133990341997549,0.5,0.6525117562992654,0.5346879137606606
0.5,0.8036154325153836,0.5450190759027669,0.5,0.7151049302469495,0.5192570510183028,0.5,0.6525117562992654,0.5296988563500399
0.5,0.8036154325153836,0.5450190759027669,0.5,0.7151049302469495,0.5164941986685871,0.5,0.6525117562992654,0.5411863937421167
0.5,0.8036154325153836,0.5450190759027669,0.5,0.7151049302469495,0.5170976361137997,0.5,0.6525117562992654,0.5278340654042635
0.5,0.8036154325153836,0.5450190759027669,0.5,0.7151049302469495,0.520758866440485,0.5,0.6525117562992654,0.5460479029234784
0.5,0.8036154325153836,0.5450190759027669,0.5,0.7151049302469495,0.5252460039735319,0.5,0.6525117562992654,0.5245798607249172
0.5,0.8036154325153836,0.5450190759027669,0.5,0.7151049302469495,0.5226449918635232,0.5,0.6525117562992654,0.5384973132436973
0.5,0.7940894055428954,0.5689012793956624,0.5,0.7097033367296834,0.5323458482097009,0.5,0.6398323294273928,0.555817271591664
0.5,0.7940894055428954,0.5689012793956624,0.5,0.7097033367296834,0.5418110449122392,0.5,0.6398323294273928,0.5606445775451909
0.5,0.7940894055428954,0.5689012793956624,0.5,0.7097033367296834,0.5431232298968728,0.5,0.6398323294273928,0.5568902195805464
0.5,0.7940894055428954,0.5689012793956624,0.5,0.7097033367296834,0.5431716851261926,0.5,0.6398323294273928,0.5576335445986109
0.5,0.7940894055428954,0.5689012793956624,0.5,0.7097033367296834,0.5398399720577469,0.5,0.6398323294273928,0.5567863275560887
0.5,0.7940894055428954,0.5689012793956624,0.5,0.7097033367296834,0.5419600304811202,0.5,0.6398323294273928,0.5590489483818104
0.5,0.7940894055428954,0.5689012793956624,0.5,0.7097033367296834,0.535691575619818,0.5,0.6398323294273928,0.5566597959244277
0.5,0.7940894055428954,0.5689012793956624,0.5,0.7097033367296834,0.5379937491213673,0.5,0.6398323294273928,0.5597053702403676
0.5,0.7872278515884835,0.5836323341160851,0.5,0.7052266151560025,0.5657267988316168,0.5,0.6705378029629796,0.5668951363993862
0.5,0.7872278515884835,0.5836323341160851,0.5,0.7052266151560025,0.5637808157750667,0.5,0.6705378029629796,0.5634666383366982
0.5,0.7872278515884835,0.5836323341160851,0.5,0.7052266151560025,0.5642927143570649,0.5,0.6705378029629796,0.5592922048442505
0.5,0.7872278515884835,0.5836323341160851,0.5,0.7052266151560025,0.5611358809406315,0.5,0.6705378029629796,0.5698241355167797
0.5,0.7872278515884835,0.5836323341160851,0.5,0.7052266151560025,0.5680565649016309,0.5,0.6705378029629796,0.5652426390006634
0.5,0.7872278515884835,0.5836323341160851,0.5,0.7052266151560025,0.5618791397991679,0.5,0.6705378029629796,0.5646646838410716
0.5,0.7872278515884835,0.5836323341160851,0.5,0.7052266151560025,0.5589540348430931,0.5,0.6705378029629796,0.5706323043955802
0.5,0.7872278515884835,0.5836323341160851,0.5,0.7052266151560025,0.5645234130866443,0.5,0.6705378029629796,0.5697289848424479
0.5,0.7781129690741461,0.6053623440755994,0.5,0.6978074915781964,0.5771028806098715,0.5,0.6584145293676763,0.5675887573164831
0.5,0.7781129690741461,0.6053623440755994,0.5,0.6978074915781964,0.5707616960581473,0.5,0.6584145293676763,0.5616692603132658
0.5,0.7781129690741461,0.6053623440755994,0.5,0.6978074915781964,0.5770577136659688,0.5,0.6584145293676763,0.5533919789755485
0.5,0.7781129690741461,0.6053623440755994,0.5,0.6978074915781964,0.5742944917055116,0.5,0.6584145293676763,0.5498405418682449
0.5,0.7781129690741461,0.6053623440755994,0.5,0.6978074915781964,0.575550425932118,0.5,0.6584145293676763,0.5485137285172632
0.5,0.7781129690741461,0.6053623440755994,0.5,0.6978074915781964,0.5778974822934703,0.5,0.6584145293676763,0.5759061878074421
0.5,0.7793084082671622,0.6336480386632857,0.5,0.6959401748558677,0.5874716274197377,0.5,0.6597260814458683,0.6080594649208214
0.5,0.7793084082671622,0.6336480386632857,0.5,0.6959401748558677,0.5823708327242987,0.5,0.6597260814458683,0.5980377840975494
0.5,0.7766375954988317,0.6415570547104424,0.5,0.695028643123212,0.5882101751581668,0.5,0.6564758661418123,0.5790988989442343
0.5,0.770356258047548,0.6440135387253814,0.5,0.6789519225783839,0.5893616893698933,0.5,0.6139684853765891,0.5686466087696356
0.5,0.770356258047548,0.6440135387253814,0.5,0.6789519225783839,0.5852083634896279,0.5,0.6139684853765891,0.5732225094827064
0.5,0.770356258047548,0.6440135387253814,0.5,0.6789519225783839,0.5870489674036768,0.5,0.6139684853765891,0.5996507303342485
0.5,0.770356258047548,0.6440135387253814,0.5,0.6789519225783839,0.5929166226365017,0.5,0.6139684853765891,0.5702103298912076
0.5,0.770356258047548,0.6440135387253814,0.5,0.6789519225783839,0.5889197254319947,0.5,0.6139684853765891,0.5730205352686691
0.5,0.770356258047548,0.6440135387253814,0.5,0.6789519225783839,0.5856358677247719,0.5,0.6139684853765891,0.5694589400820957
0.5,0.770356258047548,0.6440135387253814,0.5,0.6789519225783839,0.5832350192128322,0.5,0.6139684853765891,0.5763154205894888
0.5,0.7607209787311527,0.6499609857727675,0.5,0.6765848736197534,0.5990187637548483,0.5,0.6528684314490166,0.5768796760412984
0.5,0.7519326568957797,0.6534126717201276,0.5,0.662822916535813,0.5961901170236252,0.5,0.6458282300178539,0.6093623683095382
0.5,0.751672360477552,0.635479229282258,0.5,0.6617705358921415,0.607173483539861,0.5,0.6482435327536373,0.5978521083620864
0.5,0.751672360477552,0.635479229282258,0.5,0.6617705358921415,0.6078941509561939,0.5,0.6482435327536373,0.5983408589064345
0.5,0.751672360477552,0.635479229282258,0.5,0.6617705358921415,0.6016334853039825,0.5,0.6482435327536373,0.5831676195543916
0.5,0.751672360477552,0.635479229282258,0.5,0.6617705358921415,0.6059936353540291,0.5,0.6482435327536373,0.592921558967641
0.5,0.751672360477552,0.635479229282258,0.5,0.6617705358921415,0.6042349072232784,0.5,0.6482435327536373,0.5971880966406079
0.5,0.7477311512256349,0.6590650507219042,0.5,0.6619902331006128,0.6078809591025047,0.5,0.6403715797630437,0.5993672322389857
0.5,0.7477311512256349,0.6590650507219042,0.5,0.6619902331006128,0.5966388694725049,0.5,0.6403715797630437,0.598988620243138
0.5,0.699606844307061,0.6604634087280739,0.5,0.6045400282626576,0.6179232910884642,0.5,0.5799910917496292,0.6074609211161042
0.5,0.699606844307061,0.6604634087280739,0.5,0.6045400282626576,0.6027092967005876,0.5,0.5799910917496292,0.6019407228367966
0.5,0.699606844307061,0.6604634087280739,0.5,0.6045400282626576,0.5984455867671303,0.5,0.5799910917496292,0.5895800939382589
0.5,0.699606844307061,0.6604634087280739,0.5,0.6045400282626576,0.6046548400523077,0.5,0.5799910917496292,0.5935700798811048
0.5,0.6841395844503699,0.6613909722742112,0.5,0.6037114313704988,0.6168731360473168,0.5,0.5678269164052449,0.6042097593492407
0.5,0.6841395844503699,0.6613909722742112,0.5,0.6037114313704988,0.607504888625759,0.5,0.5678269164052449,0.6051450762356869
0.5,0.6841395844503699,0.6613909722742112,0.5,0.6037114313704988,0.6057745129299755,0.5,0.5678269164052449,0.6000450798262444
0.5,0.6841395844503699,0.6613909722742112,0.5,0.6037114313704988,0.6101460755045273,0.5,0.5678269164052449,0.6159751301898996
0.5,0.6841395844503699,0.6613909722742112,0.5,0.6037114313704988,0.6135510741721207,0.5,0.5678269164052449,0.6079004842346571
0.5,0.6673915867521474,0.6637710418341102,0.5,0.601587031028326,0.6156985796116776,0.5,0.655992736351138,0.5965417106951885
0.5,0.6673915867521474,0.6637710418341102,0.5,0.601587031028326,0.613186082870828,0.5,0.655992736351138,0.6203984390209055
0.5,0.6673915867521474,0.6637710418341102,0.5,0.601587031028326,0.6179540229315574,0.5,0.655992736351138,0.6166157163259134
0.5,0.6350497938148447,0.664581447991299,0.5,0.5727796703535165,0.612087460702978,0.5,0.542184463977254,0.6140566781570628
0.5,0.6350497938148447,0.664581447991299,0.5,0.5727796703535165,0.614576977634007,0.5,0.542184463977254,0.6007873149509338
0.5,0.6350497938148447,0.664581447991299,0.5,0.5727796703535165,0.6131918849972305,0.5,0.542184463977254,0.6143881627539876
0.5,0.6350497938148447,0.664581447991299,0.5,0.5727796703535165,0.6165620909831053,0.5,0.542184463977254,0.6028072572393746
0.5,0.6350497938148447,0.664581447991299,0.5,0.5727796703535165,0.6122373808800539,0.5,0.542184463977254,0.6032508565339056
0.5,0.6350497938148447,0.664581447991299,0.5,0.5727796703535165,0.6085948735639535,0.5,0.542184463977254,0.6053221883399297
0.5,0.6350497938148447,0.664581447991299,0.5,0.5727796703535165,0.6205863511924372,0.5,0.542184463977254,0.6128860387962949
0.5,0.6350497938148447,0.664581447991299,0.5,0.5727796703535165,0.6118903030577489,0.5,0.542184463977254,0.608033691858362
0.4472135954999579,0.8050776129610921,0.5689012793956624,0.4472135954999579,0.7293997678917742,0.5368516736047525,0.4472135954999579,0.6325061379838224,0.5574098691429636
0.4472135954999579,0.7986640301913208,0.5897703128444275,0.4472135954999579,0.7047169167090035,0.5657442454305812,0.4472135954999579,0.6535139754675247,0.562793700343748
0.4472135954999579,0.7986640301913208,0.5897703128444275,0.4472135954999579,0.7047169167090035,0.5677165402432102,0.4472135954999579,0.6535139754675247,0.5679694448627939
0.4472135954999579,0.7986640301913208,0.5897703128444275,0.4472135954999579,0.7047169167090035,0.562764870654451,0.4472135954999579,0.6535139754675247,0.5660042983359468
0.4472135954999579,0.7986640301913208,0.5897703128444275,0.4472135954999579,0.7047169167090035,0.5703160327160477,0.4472135954999579,0.6535139754675247,0.5743424867524696
0.4472135954999579,0.7986640301913208,0.5897703128444275,0.4472135954999579,0.7047169167090035,0.5706460249132036,0.4472135954999579,0.6535139754675247,0.569783750896777
0.4472135954999579,0.7986640301913208,0.5897703128444275,0.4472135954999579,0.7047169167090035,0.5672107658050323,0.4472135954999579,0.6535139754675247,0.565269377207377
0.4472135954999579,0.7986640301913208,0.5897703128444275,0.4472135954999579,0.7047169167090035,0.5697221823976998,0.4472135954999579,0.6535139754675247,0.5653575671597372
0.4472135954999579,0.7986640301913208,0.5897703128444275,0.4472135954999579,0.7047169167090035,0.5671081011314183,0.4472135954999579,0.6535139754675247,0.5709097356477174
0.4472135954999579,0.7986640301913208,0.5897703128444275,0.4472135954999579,0.7047169167090035,0.5650278596462415,0.4472135954999579,0.6535139754675247,0.5657959906090579
0.4472135954999579,0.8014921704266518,0.6250171288815988,0.4472135954999579,0.715132821656815,0.5866702227711666,0.4472135954999579,0.6523605217441044,0.5944280002040478
0.4472135954999579,0.8014921704266518,0.6250171288815988,0.4472135954999579,0.715132821656815,0.5887515777840935,0.4472135954999579,0.6523605217441044,0.5975003918559129
0.4472135954999579,0.8014921704266518,0.6250171288815988,0.4472135954999579,0.715132821656815,0.5907581997047573,0.4472135954999579,0.6523605217441044,0.6017065676141724
0.4472135954999579,0.8014921704266518,0.6250171288815988,0.4472135954999579,0.715132821656815,0.5904360869746296,0.4472135954999579,0.6523605217441044,0.5973129120842225
0.4472135954999579,0.8014921704266518,0.6250171288815988,0.4472135954999579,0.715132821656815,0.5856629791635687,0.4472135954999579,0.6523605217441044,0.6018765302887531
0.4472135954999579,0.8014921704266518,0.6250171288815988,0.4472135954999579,0.715132821656815,0.5864396390755213,0.4472135954999579,0.6523605217441044,0.599200655156149
0.4472135954999579,0.8014921704266518,0.6250171288815988,0.4472135954999579,0.715132821656815,0.5776983152029013,0.4472135954999579,0.6523605217441044,0.5971879996384325
0.4472135954999579,0.8014921704266518,0.6250171288815988,0.4472135954999579,0.715132821656815,0.5915858367114275,0.4472135954999579,0.6523605217441044,0.5951843147761896
0.4472135954999579,0.7874458825445004,0.6492179211007099,0.4472135954999579,0.6957215944118572,0.601952299610633,0.4472135954999579,0.622552744415805,0.5836990347001942
0.4472135954999579,0.7874458825445004,0.6492179211007099,0.4472135954999579,0.6957215944118572,0.5928701968883423,0.4472135954999579,0.622552744415805,0.5830375735924901
0.4472135954999579,0.7874458825445004,0.6492179211007099,0.4472135954999579,0.6957215944118572,0.6027592777063966,0.4472135954999579,0.622552744415805,0.5895124960862376
0.4472135954999579,0.7874458825445004,0.6492179211007099,0.4472135954999579,0.6957215944118572,0.592144170231493,0.4472135954999579,0.622552744415805,0.5918424838515465
0.4472135954999579,0.7806830047424262,0.6590650507219042,0.4472135954999579,0.6899105820582575,0.6060860511834502,0.4472135954999579,0.620632501365962,0.6073333013159585
0.4472135954999579,0.7806830047424262,0.6590650507219042,0.4472135954999579,0.6899105820582575,0.6041245179484009,0.4472135954999579,0.620632501365962,0.6024614269151016
0.4472135954999579,0.7806830047424262,0.6590650507219042,0.4472135954999579,0.6899105820582575,0.6056343792083604,0.4472135954999579,0.620632501365962,0.613846811448235
0.4472135954999579,0.7806830047424262,0.6590650507219042,0.4472135954999579,0.6899105820582575,0.6069009613700753,0.4472135954999579,0.620632501365962,0.6040564581046273
0.4472135954999579,0.7692830183178718,0.6604634087280739,0.4472135954999579,0.6784224902922908,0.6092724415391302,0.4472135954999579,0.6376896752728665,0.6114884284399144
0.4472135954999579,0.7692830183178718,0.6604634087280739,0.4472135954999579,0.6784224902922908,0.6090711290093839,0.4472135954999579,0.6376896752728665,0.6037086221420277
0.4472135954999579,0.7692830183178718,0.6604634087280739,0.4472135954999579,0.6784224902922908,0.6046721670856567,0.4472135954999579,0.6376896752728665,0.6009067202972456
0.4472135954999579,0.7692830183178718,0.6604634087280739,0.4472135954999579,0.6784224902922908,0.6165578606183326,0.4472135954999579,0.6376896752728665,0.603073894766399
0.4472135954999579,0.7692830183178718,0.6604634087280739,0.4472135954999579,0.6784224902922908,0.6129595905913917,0.4472135954999579,0.6376896752728665,0.5958813149617656
0.4472135954999579,0.7692830183178718,0.6604634087280739,0.4472135954999579,0.6784224902922908,0.610083170172907,0.4472135954999579,0.6376896752728665,0.6010305200670599
0.4472135954999579,0.7692830183178718,0.6604634087280739,0.4472135954999579,0.6784224902922908,0.6034091601255223,0.4472135954999579,0.6376896752728665,0.6070450031759993
0.4472135954999579,0.7692830183178718,0.6604634087280739,0.4472135954999579,0.6784224902922908,0.6010113735924427,0.4472135954999579,0.6376896752728665,0.6096185593829699
0.4472135954999579,0.7618809159830486,0.6645354977904139,0.4472135954999579,0.6775013889079796,0.6082269923312154,0.4472135954999579,0.6309797273966287,0.6002141754763735
0.4472135954999579,0.7618809159830486,0.6645354977904139,0.4472135954999579,0.6775013889079796,0.6115310098275581,0.4472135954999579,0.6309797273966287,0.5952669337720649
0.4472135954999579,0.7618809159830486,0.6645354977904139,0.4472135954999579,0.6775013889079796,0.6157202422588892,0.4472135954999579,0.6309797273966287,0.6018853674775331
0.4472135954999579,0.7618809159830486,0.6645354977904139,0.4472135954999579,0.6775013889079796,0.6225326430508951,0.4472135954999579,0.6309797273966287,0.6123557816151672
0.4472135954999579,0.7520971343084147,0.664581447991299,0.4472135954999579,0.6624905984581884,0.6119890469072895,0.4472135954999579,0.6307185224336387,0.6086286300759401
0.4472135954999579,0.7520971343084147,0.664581447991299,0.4472135954999579,0.6624905984581884,0.6154014632812128,0.4472135954999579,0.6307185224336387,0.601405789738766
0.4472135954999579,0.7520971343084147,0.664581447991299,0.4472135954999579,0.6624905984581884,0.6267145892799443,0.4472135954999579,0.6307185224336387,0.60645568999382
0.4472135954999579,0.7520971343084147,0.664581447991299,0.4472135954999579,0.6624905984581884,0.6041060030111912,0.4472135954999579,0.6307185224336387,0.6134475709605813
0.408248290463863,0.8198522464417268,0.5775245341632963,0.408248290463863,0.7398014884724844,0.5544406378311802,0.408248290463863,0.6091539363884625,0.5707490889098884
0.408248290463863,0.8198522464417268,0.5775245341632963,0.408248290463863,0.7398014884724844,0.5597213767183322,0.408248290463863,0.6091539363884625,0.5678924702142736
0.408248290463863,0.8198522464417268,0.5775245341632963,0.408248290463863,0.7398014884724844,0.5579174372167705,0.408248290463863,0.6091539363884625,0.5677989775604202
0.408248290463863,0.8066347172774102,0.5836323341160851,0.408248290463863,0.7108370551512249,0.5627513009255872,0.408248290463863,0.6613217307805584,0.5615924427861793
0.408248290463863,0.8066347172774102,0.5836323341160851,0.408248290463863,0.7108370551512249,0.5595729499237924,0.408248290463863,0.6613217307805584,0.5677831938755161
0.408248290463863,0.8066347172774102,0.5836323341160851,0.408248290463863,0.7108370551512249,0.5536264604762594,0.408248290463863,0.6613217307805584,0.5719649178879899
0.408248290463863,0.8066347172774102,0.5836323341160851,0.408248290463863,0.7108370551512249,0.5621424463663643,0.408248290463863,0.6613217307805584,0.5697038640322423
0.408248290463863,0.8066347172774102,0.5836323341160851,0.408248290463863,0.7108370551512249,0.5625214776988942,0.408248290463863,0.6613217307805584,0.5669413770639964
0.408248290463863,0.8186309290360775,0.6415570547104424,0.408248290463863,0.7245029971741674,0.586299436331091,0.408248290463863,0.6186434798606907,0.5682095730689398
0.408248290463863,0.8186309290360775,0.6415570547104424,0.408248290463863,0.7245029971741674,0.5817389336462978,0.408248290463863,0.6186434798606907,0.572883679821949
0.408248290463863,0.8186309290360775,0.6415570547104424,0.408248290463863,0.7245029971741674,0.5806643283657762,0.408248290463863,0.6186434798606907,0.594721312093278
0.408248290463863,0.8186309290360775,0.6415570547104424,0.408248290463863,0.7245029971741674,0.5905812668606146,0.408248290463863,0.6186434798606907,0.5728546761607493
0.408248290463863,0.8186309290360775,0.6415570547104424,0.408248290463863,0.7245029971741674,0.5982934949373848,0.408248290463863,0.6186434798606907,0.5802635246826146
0.408248290463863,0.8186309290360775,0.6415570547104424,0.408248290463863,0.7245029971741674,0.5856714406866501,0.408248290463863,0.6186434798606907,0.565893089702098
0.408248290463863,0.8186309290360775,0.6415570547104424,0.408248290463863,0.7245029971741674,0.5922546482901934,0.408248290463863,0.6186434798606907,0.5760938315449828
0.408248290463863,0.8186309290360775,0.6415570547104424,0.408248290463863,0.7245029971741674,0.5985985270193391,0.408248290463863,0.6186434798606907,0.5849290246695338
0.408248290463863,0.8149141430337555,0.6500137340050952,0.408248290463863,0.7329305193745217,0.5976269445486493,0.408248290463863,0.6121655333382573,0.5904142333596394
0.408248290463863,0.7946415538050413,0.6590650507219042,0.408248290463863,0.7200036789194314,0.6040240538495757,0.408248290463863,0.6316575268915486,0.6118968768065474
0.408248290463863,0.7946415538050413,0.6590650507219042,0.408248290463863,0.7200036789194314,0.6058929796129416,0.408248290463863,0.6316575268915486,0.5962105954394071
0.408248290463863,0.7946415538050413,0.6590650507219042,0.408248290463863,0.7200036789194314,0.6067547499561062,0.408248290463863,0.6316575268915486,0.6015377047659317
0.408248290463863,0.7946415538050413,0.6590650507219042,0.408248290463863,0.7200036789194314,0.6098316824299789,0.408248290463863,0.6316575268915486,0.603459207633114
0.408248290463863,0.7946415538050413,0.6590650507219042,0.408248290463863,0.7200036789194314,0.607681155966749,0.408248290463863,0.6316575268915486,0.6008270675196702
0.408248290463863,0.7946415538050413,0.6590650507219042,0.408248290463863,0.7200036789194314,0.6083157792153014,0.408248290463863,0.6316575268915486,0.5983234080624072
0.408248290463863,0.7946415538050413,0.6590650507219042,0.408248290463863,0.7200036789194314,0.6042348029673992,0.408248290463863,0.6316575268915486,0.59617390125702
0.408248290463863,0.7865258669206542,0.6637710418341102,0.408248290463863,0.6961127842001026,0.6136960885128447,0.408248290463863,0.6329194442921067,0.6211836010534816
0.408248290463863,0.7865258669206542,0.6637710418341102,0.408248290463863,0.6961127842001026,0.6054039208502959,0.408248290463863,0.6329194442921067,0.605223563086068
0.408248290463863,0.7865258669206542,0.6637710418341102,0.408248290463863,0.6961127842001026,0.6065869273788288,0.408248290463863,0.6329194442921067,0.6066936656929254
0.408248290463863,0.7865258669206542,0.6637710418341102,0.408248290463863,0.6961127842001026,0.6088017276600372,0.408248290463863,0.6329194442921067,0.6115168147416082
0.408248290463863,0.7865258669206542,0.6637710418341102,0.408248290463863,0.6961127842001026,0.6226867874088238,0.408248290463863,0.6329194442921067,0.6036017307391892
0.408248290463863,0.7608767093569864,0.664581447991299,0.408248290463863,0.6886470737681505,0.614220041023868,0.408248290463863,0.6313645532817925,0.6050643014576483
0.408248290463863,0.7167603294604485,0.6649665991341077,0.408248290463863,0.6494469529797803,0.617275224256846,0.408248290463863,0.6316307205999092,0.6091494448417278
0.408248290463863,0.7167603294604485,0.6649665991341077,0.408248290463863,0.6494469529797803,0.6131757581314528,0.408248290463863,0.6316307205999092,0.6181683662409923
0.408248290463863,0.7167603294604485,0.6649665991341077,0.408248290463863,0.6494469529797803,0.6099495017684946,0.408248290463863,0.6316307205999092,0.6063475204067172
0.408248290463863,0.7167603294604485,0.6649665991341077,0.408248290463863,0.6494469529797803,0.6099828128586371,0.408248290463863,0.6316307205999092,0.6122562095278627
0.408248290463863,0.7167603294604485,0.6649665991341077,0.408248290463863,0.6494469529797803,0.6228807852752694,0.408248290463863,0.6316307205999092,0.601222331882649
0.408248290463863,0.7167603294604485,0.6649665991341077,0.408248290463863,0.6494469529797803,0.6173545225639183,0.408248290463863,0.6316307205999092,0.6148052081703248
0.408248290463863,0.7167603294604485,0.6649665991341077,0.408248290463863,0.6494469529797803,0.624778030391775,0.408248290463863,0.6316307205999092,0.606028426716797
0.408248290463863,0.7167603294604485,0.6649665991341077,0.408248290463863,0.6494469529797803,0.620070426766236,0.408248290463863,0.6316307205999092,0.6081084336252239
0.408248290463863,0.6426590200141075,0.6609040908852316,0.408248290463863,0.5978850725679727,0.617268803675357,0.408248290463863,0.6359399109043733,0.6175372083901449
0.408248290463863,0.6426590200141075,0.6609040908852316,0.408248290463863,0.5978850725679727,0.6276102761952386,0.408248290463863,0.6359399109043733,0.6176383507624675
0.408248290463863,0.6426590200141075,0.6609040908852316,0.408248290463863,0.5978850725679727,0.6193032869411392,0.408248290463863,0.6359399109043733,0.6238472646820886
0.408248290463863,0.6426590200141075,0.6609040908852316,0.408248290463863,0.5978850725679727,0.6187871624144397,0.408248290463863,0.6359399109043733,0.6269304849517855
0.3779644730092272,0.828875398091064,0.5775245341632963,0.3779644730092272,0.7535698184282462,0.5577582248449027,0.3779644730092272,0.603847005501261,0.5620463634885677
0.3779644730092272,0.828875398091064,0.5775245341632963,0.3779644730092272,0.7535698184282462,0.5580213616308142,0.3779644730092272,0.603847005501261,0.570332714975283
0.3779644730092272,0.828875398091064,0.5775245341632963,0.3779644730092272,0.7535698184282462,0.5566379473493435,0.3779644730092272,0.603847005501261,0.5684759858098193
0.3779644730092272,0.828875398091064,0.5775245341632963,0.3779644730092272,0.7535698184282462,0.5459225017416164,0.3779644730092272,0.603847005501261,0.5648244437658398
0.3779644730092272,0.8203271723963026,0.5853707358091338,0.3779644730092272,0.739863365586857,0.5677749617971102,0.3779644730092272,0.6083976641016916,0.5729222562027225
0.3779644730092272,0.8207422213529989,0.6415570547104424,0.3779644730092272,0.7443866433104172,0.5921084448017915,0.3779644730092272,0.6286809693016009,0.5856604689261573
0.3779644730092272,0.8208917464204664,0.6451495797607917,0.3779644730092272,0.7287822384870256,0.5829989153945893,0.3779644730092272,0.6203947780992226,0.5754974398112117
0.3779644730092272,0.8208917464204664,0.6451495797607917,0.3779644730092272,0.7287822384870256,0.5931978322073196,0.3779644730092272,0.6203947780992226,0.5760588985857339
0.3779644730092272,0.8155786405098592,0.6500137340050952,0.3779644730092272,0.7454792283092319,0.5876507505843677,0.3779644730092272,0.6211712185193987,0.5845380232104332
0.3779644730092272,0.8155786405098592,0.6500137340050952,0.3779644730092272,0.7454792283092319,0.5966457914037848,0.3779644730092272,0.6211712185193987,0.5905646110109525
0.3779644730092272,0.8155786405098592,0.6500137340050952,0.3779644730092272,0.7454792283092319,0.6069637379401865,0.3779644730092272,0.6211712185193987,0.5952113168907162
0.3779644730092272,0.7982303840666619,0.6590650507219042,0.3779644730092272,0.7289847798972927,0.6084456923935339,0.3779644730092272,0.611399121237085,0.6052979969261932
0.3779644730092272,0.7909620485026241,0.6612506302773378,0.3779644730092272,0.7178281559800025,0.6170378113852317,0.3779644730092272,0.6335139039670525,0.6178247472852216
0.3779644730092272,0.7511119075321555,0.6649665991341077,0.3779644730092272,0.689593248860095,0.6209575579900894,0.3779644730092272,0.6900260659301656,0.6163996762399055
0.3779644730092272,0.7511119075321555,0.6649665991341077,0.3779644730092272,0.689593248860095,0.6268371628318105,0.3779644730092272,0.6900260659301656,0.6192582240906324
0.3779644730092272,0.7511119075321555,0.6649665991341077,0.3779644730092272,0.689593248860095,0.6105815594612154,0.3779644730092272,0.6900260659301656,0.6144269952128675
0.3779644730092272,0.655871232359991,0.6609040908852316,0.3779644730092272,0.6114628396410432,0.6246328578138629,0.3779644730092272,0.6259365493135847,0.6099320582863217
0.3779644730092272,0.655871232359991,0.6609040908852316,0.3779644730092272,0.6114628396410432,0.6217222101628285,0.3779644730092272,0.6259365493135847,0.614817207579885
0.3779644730092272,0.655871232359991,0.6609040908852316,0.3779644730092272,0.6114628396410432,0.6171612690888006,0.3779644730092272,0.6259365493135847,0.6184292232332766
0.3779644730092272,0.655871232359991,0.6609040908852316,0.3779644730092272,0.6114628396410432,0.626064020801239,0.3779644730092272,0.6259365493135847,0.6235615523398857
0.3535533905932738,0.832031610624463,0.5788183388673972,0.3535533905932738,0.7568746595504797,0.5622479387910116,0.3535533905932738,0.6027377862451372,0.5658299722921879
0.3535533905932738,0.832031610624463,0.5788183388673972,0.3535533905932738,0.7568746595504797,0.56143326650697,0.3535533905932738,0.6027377862451372,0.5715695849877065
0.3535533905932738,0.832031610624463,0.5788183388673972,0.3535533905932738,0.7568746595504797,0.5601086049711499,0.3535533905932738,0.6027377862451372,0.5649190730285476
0.3535533905932738,0.8249484288921816,0.6500137340050952,0.3535533905932738,0.7588536719216965,0.5941309423816632,0.3535533905932738,0.6142730753399737,0.5872840505778754
0.3535533905932738,0.8249484288921816,0.6500137340050952,0.3535533905932738,0.7588536719216965,0.6031236570264035,0.3535533905932738,0.6142730753399737,0.5963855846255006
0.3535533905932738,0.8023233606412875,0.6590650507219042,0.3535533905932738,0.7314740326338207,0.6083705719971407,0.3535533905932738,0.6147953862883029,0.6058579952462266
0.3535533905932738,0.8067767420430587,0.6637710418341102,0.3535533905932738,0.7226942885953416,0.6016900393610458,0.3535533905932738,0.6392445022404942,0.6053125382242068
0.3535533905932738,0.7800602172356043,0.664581447991299,0.3535533905932738,0.7054590509093231,0.6186592722261982,0.3535533905932738,0.6215571489664594,0.6124922709946448
0.3535533905932738,0.7513964164913304,0.6603180775703463,0.3535533905932738,0.6883982538232098,0.6155303881107553,0.3535533905932738,0.6449718693555169,0.6186940602075505
0.3535533905932738,0.7513964164913304,0.6603180775703463,0.3535533905932738,0.6883982538232098,0.6211430990040114,0.3535533905932738,0.6449718693555169,0.6307760962407751
0.3535533905932738,0.6556639812038951,0.6609040908852316,0.3535533905932738,0.6129041727472313,0.6249870237562507,0.3535533905932738,0.6259699330999402,0.6232381638787869
0.3333333333333333,0.8382202524705249,0.5776518465316577,0.3333333333333333,0.7706009871715915,0.5508809316085477,0.3333333333333333,0.606339674122962,0.5727158827973522
0.3333333333333333,0.8382202524705249,0.5776518465316577,0.3333333333333333,0.7706009871715915,0.5586451057847434,0.3333333333333333,0.606339674122962,0.5754263466346217
0.3333333333333333,0.8382202524705249,0.5776518465316577,0.3333333333333333,0.7706009871715915,0.5635751798408142,0.3333333333333333,0.606339674122962,0.5708823540343523
0.3333333333333333,0.8382202524705249,0.5776518465316577,0.3333333333333333,0.7706009871715915,0.5494239080564869,0.3333333333333333,0.606339674122962,0.5733992665334842
0.3333333333333333,0.8382202524705249,0.5776518465316577,0.3333333333333333,0.7706009871715915,0.5588834339273168,0.3333333333333333,0.606339674122962,0.5732199501376871
0.3333333333333333,0.8297258052437335,0.6596182838672663,0.3333333333333333,0.7561502138734861,0.6053229524600148,0.3333333333333333,0.6634750252372915,0.599880009421739
0.3333333333333333,0.8297258052437335,0.6596182838672663,0.3333333333333333,0.7561502138734861,0.5990542119014315,0.3333333333333333,0.6634750252372915,0.6053535553868904
0.3333333333333333,0.8297258052437335,0.6596182838672663,0.3333333333333333,0.7561502138734861,0.6114408513307589,0.3333333333333333,0.6634750252372915,0.6199773267098826
0.3333333333333333,0.8297258052437335,0.6596182838672663,0.3333333333333333,0.7561502138734861,0.6075473333257151,0.3333333333333333,0.6634750252372915,0.6001336518921419
0.3333333333333333,0.8297258052437335,0.6596182838672663,0.3333333333333333,0.7561502138734861,0.5987355973936961,0.3333333333333333,0.6634750252372915,0.6088593932860239
0.3333333333333333,0.80278649757983,0.6648250720688805,0.3333333333333333,0.7086686577221379,0.6119369246238836,0.3333333333333333,0.5979699214140195,0.6171619416816053
0.3333333333333333,0.7937009320214032,0.6688297810407666,0.3333333333333333,0.7081120610003954,0.6190093606202092,0.3333333333333333,0.6093643027165001,0.6165748792643209
0.3333333333333333,0.7937009320214032,0.6688297810407666,0.3333333333333333,0.7081120610003954,0.6087476386276702,0.3333333333333333,0.6093643027165001,0.6242925064079409
0.3333333333333333,0.7578722239569302,0.6603180775703463,0.3333333333333333,0.7008422330597522,0.6238915222615732,0.3333333333333333,0.6486154781273422,0.6294825495163335
0.3333333333333333,0.7581982557776051,0.6609040908852316,0.3333333333333333,0.6945697183160271,0.6232923659230128,0.3333333333333333,0.6637849230654492,0.619985441510311
0.3333333333333333,0.7581982557776051,0.6609040908852316,0.3333333333333333,0.6945697183160271,0.6189200803130569,0.3333333333333333,0.6637849230654492,0.619513903203168
0.31622776601683794,0.8357565481132182,0.592102360670543,0.31622776601683794,0.7695786246653445,0.5694550830006045,0.31622776601683794,0.6132187677092664,0.5809972970697032
0.31622776601683794,0.8333596318673727,0.6500137340050952,0.31622776601683794,0.7719349935736615,0.6047631149325544,0.31622776601683794,0.6273286352363369,0.5923821570777551
0.31622776601683794,0.8333596318673727,0.6500137340050952,0.31622776601683794,0.7719349935736615,0.5945706065182189,0.31622776601683794,0.6273286352363369,0.5916598124756023
0.31622776601683794,0.8283594538779409,0.6596182838672663,0.31622776601683794,0.7648229113468845,0.6067069662376142,0.31622776601683794,0.6495832149029982,0.6124398055359846
0.31622776601683794,0.774500027779807,0.6603180775703463,0.31622776601683794,0.7291901759858619,0.616677541115598,0.31622776601683794,0.6770643218246566,0.6335284448147359
0.31622776601683794,0.774500027779807,0.6603180775703463,0.31622776601683794,0.7291901759858619,0.6225445378962376,0.31622776601683794,0.6770643218246566,0.6308527133235785
0.31622776601683794,0.774500027779807,0.6603180775703463,0.31622776601683794,0.7291901759858619,0.6214530932275408,0.31622776601683794,0.6770643218246566,0.6266796884733563
0.30151134457776363,0.8361963855105882,0.5775245341632963,0.30151134457776363,0.7804429561655347,0.5609181523956414,0.30151134457776363,0.6027116124039511,0.5719082406930109
0.30151134457776363,0.8331858506974938,0.592102360670543,0.30151134457776363,0.7706706657197366,0.571050208748238,0.30151134457776363,0.6106545801875582,0.579427168733453
0.30151134457776363,0.8331858506974938,0.592102360670543,0.30151134457776363,0.7706706657197366,0.5691759386993399,0.30151134457776363,0.6106545801875582,0.5783676813887925
0.30151134457776363,0.8363151354643913,0.5933087750309887,0.30151134457776363,0.7695338752620032,0.5753837194279346,0.30151134457776363,0.6134344653045638,0.5784456002238769
0.30151134457776363,0.8363151354643913,0.5933087750309887,0.30151134457776363,0.7695338752620032,0.573329125613519,0.30151134457776363,0.6134344653045638,0.5838914695213364
0.30151134457776363,0.8363151354643913,0.5933087750309887,0.30151134457776363,0.7695338752620032,0.570825884885204,0.30151134457776363,0.6134344653045638,0.5816521972051532
0.30151134457776363,0.8363151354643913,0.5933087750309887,0.30151134457776363,0.7695338752620032,0.5738001354931971,0.30151134457776363,0.6134344653045638,0.5764026768017372
0.30151134457776363,0.8363151354643913,0.5933087750309887,0.30151134457776363,0.7695338752620032,0.5751686741020031,0.30151134457776363,0.6134344653045638,0.5852967457208879
0.30151134457776363,0.8352977559811406,0.6500137340050952,0.30151134457776363,0.7734330880692906,0.5916643428465097,0.30151134457776363,0.6179641528902539,0.5888402563957313
0.30151134457776363,0.8352977559811406,0.6500137340050952,0.30151134457776363,0.7734330880692906,0.5971503664364428,0.30151134457776363,0.6179641528902539,0.5943006961024665
0.30151134457776363,0.8246670195855588,0.664581447991299,0.30151134457776363,0.7506228441321164,0.6127705333862647,0.30151134457776363,0.6572783463252885,0.6053134279844842
0.30151134457776363,0.8246670195855588,0.664581447991299,0.30151134457776363,0.7506228441321164,0.616338296322625,0.30151134457776363,0.6572783463252885,0.6011591861449779
0.30151134457776363,0.7959613303432236,0.6688297810407666,0.30151134457776363,0.7051761221698128,0.61525825812248,0.30151134457776363,0.6165676824123026,0.6173731349540535
0.30151134457776363,0.7773654091608895,0.6603180775703463,0.30151134457776363,0.7343080785949183,0.620229836441492,0.30151134457776363,0.6632150287982631,0.6291264515736058
0.30151134457776363,0.7729261127994465,0.6609040908852316,0.30151134457776363,0.6948932179368978,0.6204778198297362,0.30151134457776363,0.6412143758111987,0.6121823356143293
0.28867513459481287,0.8401996544853707,0.5775245341632963,0.28867513459481287,0.7811375902935088,0.5537723039538913,0.28867513459481287,0.6003689113130094,0.56467701885813
0.28867513459481287,0.8401996544853707,0.5775245341632963,0.28867513459481287,0.7811375902935088,0.5568940647323873,0.28867513459481287,0.6003689113130094,0.5701793743587709
0.28867513459481287,0.8401996544853707,0.5775245341632963,0.28867513459481287,0.7811375902935088,0.5580302626152006,0.28867513459481287,0.6003689113130094,0.5715478357594375
0.28867513459481287,0.8401996544853707,0.5775245341632963,0.28867513459481287,0.7811375902935088,0.553020210535882,0.28867513459481287,0.6003689113130094,0.5613076502020258
0.28867513459481287,0.8401996544853707,0.5775245341632963,0.28867513459481287,0.7811375902935088,0.5559480105402472,0.28867513459481287,0.6003689113130094,0.569472549608198
0.28867513459481287,0.8401996544853707,0.5775245341632963,0.28867513459481287,0.7811375902935088,0.5560319770843762,0.28867513459481287,0.6003689113130094,0.5673337421894262
0.28867513459481287,0.8375428634823446,0.6541043406446487,0.28867513459481287,0.773732653753362,0.5964586926410029,0.28867513459481287,0.6153234983574056,0.6163652637101444
0.28867513459481287,0.8375428634823446,0.6541043406446487,0.28867513459481287,0.773732653753362,0.5936416981241389,0.28867513459481287,0.6153234983574056,0.6099207926575455
0.28867513459481287,0.8375428634823446,0.6541043406446487,0.28867513459481287,0.773732653753362,0.5997639099450641,0.28867513459481287,0.6153234983574056,0.6006672661478805
0.28867513459481287,0.831071221703466,0.6622322819933911,0.28867513459481287,0.7679595546062751,0.6038128678263863,0.28867513459481287,0.644398831975496,0.6089552887416104
0.28867513459481287,0.8135136758044905,0.6648250720688805,0.28867513459481287,0.7354307832845237,0.6091886651850915,0.28867513459481287,0.6041631121185715,0.6059563804764785
0.28867513459481287,0.7938779444902797,0.664581447991299,0.28867513459481287,0.7359789827020456,0.6148996678810701,0.28867513459481287,0.6406235845281693,0.6039376843713511
0.28867513459481287,0.7938779444902797,0.664581447991299,0.28867513459481287,0.7359789827020456,0.6176745390490096,0.28867513459481287,0.6406235845281693,0.6107799582025345
0.28867513459481287,0.7920594214742874,0.6692149321835753,0.28867513459481287,0.7360567792536412,0.6150181921541626,0.28867513459481287,0.655770309229959,0.6231702699745869
0.2773500981126146,0.8328861240045458,0.66111947158549,0.2773500981126146,0.7494091827879408,0.59977529147503,0.2773500981126146,0.5978604794171354,0.6136299491160268
0.2773500981126146,0.833500560164721,0.6627567010368189,0.2773500981126146,0.7633732495222381,0.6146101370615824,0.2773500981126146,0.6446975397350974,0.6139087659417282
0.2773500981126146,0.833500560164721,0.6627567010368189,0.2773500981126146,0.7633732495222381,0.6079759006382991,0.2773500981126146,0.6446975397350974,0.5937934596380707
0.2773500981126146,0.833500560164721,0.6627567010368189,0.2773500981126146,0.7633732495222381,0.6174673263198539,0.2773500981126146,0.6446975397350974,0.6130478119593306
0.2773500981126146,0.7977936771237107,0.6692149321835753,0.2773500981126146,0.741326761533463,0.6243519379493884,0.2773500981126146,0.6276737564667385,0.6144393754491856
0.2672612419124244,0.8400616148880032,0.5817756717477304,0.2672612419124244,0.7884665033941872,0.5525348074658293,0.2672612419124244,0.6710282630309242,0.5661220335388331
0.2672612419124244,0.8342622194643227,0.66111947158549,0.2672612419124244,0.7558237194756963,0.6068253818278935,0.2672612419124244,0.590523562083737,0.6111751470968377
0.2581988897471611,0.8488939487097694,0.6346300600054586,0.2581988897471611,0.8014224617125469,0.5783637469926624,0.2581988897471611,0.6240807840343722,0.5778310936534984
0.2581988897471611,0.8488939487097694,0.6346300600054586,0.2581988897471611,0.8014224617125469,0.5750192643159449,0.2581988897471611,0.6240807840343722,0.5861380593209253
0.2581988897471611,0.8488939487097694,0.6346300600054586,0.2581988897471611,0.8014224617125469,0.584174408658195,0.2581988897471611,0.6240807840343722,0.591533491978566
0.2581988897471611,0.8488939487097694,0.6346300600054586,0.2581988897471611,0.8014224617125469,0.5857035377780496,0.2581988897471611,0.6240807840343722,0.5914461092263145
0.2581988897471611,0.8382023206581712,0.6453086368589166,0.2581988897471611,0.7817545448553149,0.5919723810172193,0.2581988897471611,0.6189021854377273,0.5828757270456213
0.2581988897471611,0.8311262599034583,0.6312031387912735,0.2581988897471611,0.7727972847097423,0.5896436938294527,0.2581988897471611,0.6237075282281899,0.6045734850132289
0.2581988897471611,0.8159638742891113,0.6692149321835753,0.2581988897471611,0.7595350779474846,0.6220774102405198,0.2581988897471611,0.632781629306006,0.6225289271343791
0.2581988897471611,0.8159638742891113,0.6692149321835753,0.2581988897471611,0.7595350779474846,0.6224023987781049,0.2581988897471611,0.632781629306006,0.6137995078530718
0.2581988897471611,0.8159638742891113,0.6692149321835753,0.2581988897471611,0.7595350779474846,0.6184176311371257,0.2581988897471611,0.632781629306006,0.6086890120105686
0.25,0.8536491756615984,0.5787385960842119,0.25,0.7952728508757195,0.560329616415754,0.25,0.6219037089137649,0.5836096319447445
0.25,0.8365817851713445,0.6557631723847612,0.25,0.774567420362238,0.6028510068284174,0.25,0.6267630357891559,0.6215995918595648
0.25,0.8271452831678937,0.6688297810407666,0.25,0.784160806345151,0.6128095137645522,0.25,0.624959053718269,0.6279630110649257
0.24253562503633297,0.8547912616937979,0.5787385960842119,0.24253562503633297,0.7987520370261333,0.5569182895789679,0.24253562503633297,0.6173124830094239,0.5832494407177895
0.24253562503633297,0.8547912616937979,0.5787385960842119,0.24253562503633297,0.7987520370261333,0.5610864529249537,0.24253562503633297,0.6173124830094239,0.579306568967137
0.24253562503633297,0.8547912616937979,0.5787385960842119,0.24253562503633297,0.7987520370261333,0.5598112702810928,0.24253562503633297,0.6173124830094239,0.5852073085348732
0.24253562503633297,0.8547912616937979,0.5787385960842119,0.24253562503633297,0.7987520370261333,0.5586381772861767,0.24253562503633297,0.6173124830094239,0.5893495635348254
0.24253562503633297,0.8547912616937979,0.5787385960842119,0.24253562503633297,0.7987520370261333,0.558963961515881,0.24253562503633297,0.6173124830094239,0.5802066401474767
0.24253562503633297,0.8547912616937979,0.5787385960842119,0.24253562503633297,0.7987520370261333,0.5586149581746592,0.24253562503633297,0.6173124830094239,0.5873960954960336
0.24253562503633297,0.8547912616937979,0.5787385960842119,0.24253562503633297,0.7987520370261333,0.5578087321360786,0.24253562503633297,0.6173124830094239,0.5876872649620533
0.24253562503633297,0.8527204574803915,0.6346300600054586,0.24253562503633297,0.8000665191262495,0.58026997969717,0.24253562503633297,0.6130262434742919,0.5764657026169441
0.24253562503633297,0.8459855222112601,0.6485466166959194,0.24253562503633297,0.7940427375259502,0.5959119864927452,0.24253562503633297,0.625988335545671,0.5870573853519929
0.24253562503633297,0.8459855222112601,0.6485466166959194,0.24253562503633297,0.7940427375259502,0.6036653085626382,0.24253562503633297,0.625988335545671,0.5935645786213609
0.24253562503633297,0.8459855222112601,0.6485466166959194,0.24253562503633297,0.7940427375259502,0.6059277271846679,0.24253562503633297,0.625988335545671,0.5859554484907711
0.24253562503633297,0.8459855222112601,0.6485466166959194,0.24253562503633297,0.7940427375259502,0.58851118185669,0.24253562503633297,0.625988335545671,0.5966369245168572
0.24253562503633297,0.8459855222112601,0.6485466166959194,0.24253562503633297,0.7940427375259502,0.6091197934923167,0.24253562503633297,0.625988335545671,0.5864857302307658
0.24253562503633297,0.8459855222112601,0.6485466166959194,0.24253562503633297,0.7940427375259502,0.6059427796112834,0.24253562503633297,0.625988335545671,0.58866760016355
0.24253562503633297,0.8459855222112601,0.6485466166959194,0.24253562503633297,0.7940427375259502,0.5954037999782976,0.24253562503633297,0.625988335545671,0.5850272654580619
0.24253562503633297,0.8388078777586472,0.664581447991299,0.24253562503633297,0.7728426740176634,0.6105790638666041,0.24253562503633297,0.6072328579379153,0.6164321386241874
0.24253562503633297,0.8388078777586472,0.664581447991299,0.24253562503633297,0.7728426740176634,0.6289659529738553,0.24253562503633297,0.6072328579379153,0.6126168316915901
0.24253562503633297,0.8165429771112519,0.6692149321835753,0.24253562503633297,0.7626795003117091,0.6250793018833576,0.24253562503633297,0.6358470307700451,0.6184561934814831
0.23570226039551584,0.846799736265886,0.6485466166959194,0.23570226039551584,0.788363398269244,0.6001706336777332,0.23570226039551584,0.6173849138885334,0.5799821290028093
0.22941573387056177,0.8570308927014915,0.6398788770269641,0.22941573387056177,0.8086469946102683,0.5810969794703335,0.22941573387056177,0.6320696681434586,0.5932591003382629
0.22941573387056177,0.8570308927014915,0.6398788770269641,0.22941573387056177,0.8086469946102683,0.589412600504675,0.22941573387056177,0.6320696681434586,0.5905687207822241
0.22941573387056177,0.8570308927014915,0.6398788770269641,0.22941573387056177,0.8086469946102683,0.5785953665073787,0.22941573387056177,0.6320696681434586,0.5969772557962191
0.22941573387056177,0.8570308927014915,0.6398788770269641,0.22941573387056177,0.8086469946102683,0.5833359294558716,0.22941573387056177,0.6320696681434586,0.5910287366486487
0.22941573387056177,0.8593679793433693,0.664581447991299,0.22941573387056177,0.8044962464007028,0.6128805793027471,0.22941573387056177,0.5979678985978728,0.6076686824335883
0.22941573387056177,0.8593679793433693,0.664581447991299,0.22941573387056177,0.8044962464007028,0.6139340102172619,0.22941573387056177,0.5979678985978728,0.6135720888555087
0.22941573387056177,0.8593679793433693,0.664581447991299,0.22941573387056177,0.8044962464007028,0.6227660712946833,0.22941573387056177,0.5979678985978728,0.6112808967345129
0.22941573387056177,0.8351731591375812,0.6649665991341077,0.22941573387056177,0.7928133603962839,0.6149497882867312,0.22941573387056177,0.6606809372797745,0.6115078625913924
0.22360679774997896,0.8510738999024658,0.6364348422792747,0.22360679774997896,0.8104160497158833,0.5867524203123176,0.22360679774997896,0.6099826268595283,0.5828847964104602
0.21821789023599236,0.8547037215667772,0.6427727368225807,0.21821789023599236,0.8088877738181494,0.5858366198604116,0.21821789023599236,0.6339719160888151,0.5997557047032196
0.21821789023599236,0.8621087376655638,0.64869212550783,0.21821789023599236,0.8168055543711388,0.5888891374144413,0.21821789023599236,0.5662307951206309,0.5973653212281756
0.21821789023599236,0.8358281953349046,0.6692149321835753,0.21821789023599236,0.7929379717027087,0.6142863976759186,0.21821789023599236,0.6381499110347391,0.6090910535236853
0.21320071635561044,0.8618930936273447,0.64869212550783,0.21320071635561044,0.8181154210858085,0.599963732591356,0.21320071635561044,0.568151272000769,0.5985158293834469
0.21320071635561044,0.8582766578809687,0.64869212550783,0.21320071635561044,0.8158959703431508,0.5995121286631324,0.21320071635561044,0.5700030420870944,0.5919345116309092
0.21320071635561044,0.8420178983126475,0.6692149321835753,0.21320071635561044,0.7994315990665808,0.6196564132048846,0.21320071635561044,0.643687259211897,0.6125433252217442
0.2041241452319315,0.8630056911777689,0.6381465530712179,0.2041241452319315,0.8335254307375594,0.5809220705933485,0.2041241452319315,0.6208203211483425,0.5806389049127869
0.2041241452319315,0.8630056911777689,0.6381465530712179,0.2041241452319315,0.8335254307375594,0.5699121166291767,0.2041241452319315,0.6208203211483425,0.5923279272935197
0.2041241452319315,0.822256183103616,0.6692149321835753,0.2041241452319315,0.7918828583167912,0.6286915680166606,0.2041241452319315,0.5857418951225507,0.622686453825841
0.2,0.8631897315619591,0.6381465530712179,0.2,0.833446214894186,0.5721403822817718,0.2,0.6294114480822706,0.5754843394981134
0.2,0.8631609347914168,0.6381666507285833,0.2,0.8323603271310148,0.5824813322868482,0.2,0.6182824372825378,0.5975509264365292
0.2,0.8631609347914168,0.6381666507285833,0.2,0.8323603271310148,0.5872607985014017,0.2,0.6182824372825378,0.5799846361163487
0.2,0.8662176784902561,0.6458186022698824,0.2,0.8361675388358123,0.595783005743622,0.2,0.6173912232114022,0.5864297006233714
0.2,0.8662176784902561,0.6458186022698824,0.2,0.8361675388358123,0.5935380469445355,0.2,0.6173912232114022,0.5787429320481231
0.2,0.8662176784902561,0.6458186022698824,0.2,0.8361675388358123,0.5960717299706477,0.2,0.6173912232114022,0.5803309024470337
0.2,0.8662176784902561,0.6458186022698824,0.2,0.8361675388358123,0.597107728658213,0.2,0.6173912232114022,0.5872496278391489
0.2,0.8336647120280851,0.6609040908852316,0.2,0.7918727979544475,0.6138005345165642,0.2,0.5784461274164948,0.613553000139735
0.2,0.8336647120280851,0.6609040908852316,0.2,0.7918727979544475,0.6264683339225067,0.2,0.5784461274164948,0.6232293839388038
0.19611613513818404,0.8700983833683542,0.6381666507285833,0.19611613513818404,0.8283867282825681,0.5756489215620199,0.19611613513818404,0.6063663987552987,0.5883910190328134
0.19611613513818404,0.8554577262337281,0.6514117222618478,0.19611613513818404,0.8241621914247046,0.5944243086575653,0.19611613513818404,0.646182442373568,0.5887964442531336
0.19611613513818404,0.8554577262337281,0.6514117222618478,0.19611613513818404,0.8241621914247046,0.5934801893865097,0.19611613513818404,0.646182442373568,0.5895546685736721
0.19245008972987526,0.8595680510467332,0.6465708360628903,0.19245008972987526,0.8347818321531405,0.6093246370047283,0.19245008972987526,0.6271865929554951,0.5882654654229041
0.19245008972987526,0.8538513951452,0.6514117222618478,0.19245008972987526,0.8250406984618796,0.5961526603291508,0.19245008972987526,0.6519937538072158,0.5885050478741215
0.19245008972987526,0.8247217613567852,0.6603180775703463,0.19245008972987526,0.790568786575946,0.6254619293054595,0.19245008972987526,0.6329692627699576,0.6316719600641028
0.19245008972987526,0.8247217613567852,0.6603180775703463,0.19245008972987526,0.790568786575946,0.6192639030527796,0.19245008972987526,0.6329692627699576,0.625781270582239
0.1889822365046136,0.8712072957125738,0.6465708360628903,0.1889822365046136,0.8364991502407164,0.6006427366451492,0.1889822365046136,0.6158446285697384,0.6023634238937258
0.1889822365046136,0.8660246677111125,0.6614032407581475,0.1889822365046136,0.8361724261598951,0.6060920951562652,0.1889822365046136,0.5987492128062548,0.6004898387024364
0.1889822365046136,0.8660246677111125,0.6614032407581475,0.1889822365046136,0.8361724261598951,0.6022884498169041,0.1889822365046136,0.5987492128062548,0.6110637402093335
0.1889822365046136,0.8660246677111125,0.6614032407581475,0.1889822365046136,0.8361724261598951,0.6157535262774931,0.1889822365046136,0.5987492128062548,0.6112768868633844
0.1889822365046136,0.8660246677111125,0.6614032407581475,0.1889822365046136,0.8361724261598951,0.6045210012803645,0.1889822365046136,0.5987492128062548,0.6053915837743794
0.18569533817705186,0.8756268718091607,0.6397055548082519,0.18569533817705186,0.8409875920088113,0.5783308846418623,0.18569533817705186,0.6042604432623033,0.5821390532222191
0.18569533817705186,0.8756268718091607,0.6397055548082519,0.18569533817705186,0.8409875920088113,0.5860335313248869,0.18569533817705186,0.6042604432623033,0.5979229996292759
0.18569533817705186,0.8654918340967577,0.6465708360628903,0.18569533817705186,0.8377192995680447,0.600212361883367,0.18569533817705186,0.6129804479543068,0.5939231804800711
0.18569533817705186,0.8654918340967577,0.6465708360628903,0.18569533817705186,0.8377192995680447,0.601269323132369,0.18569533817705186,0.6129804479543068,0.5963874418367567
0.18569533817705186,0.8654918340967577,0.6465708360628903,0.18569533817705186,0.8377192995680447,0.5982840404925965,0.18569533817705186,0.6129804479543068,0.5935247408862573
0.18257418583505536,0.8788702301164972,0.6397055548082519,0.18257418583505536,0.8426893967383046,0.5903555059859379,0.18257418583505536,0.5946076489812665,0.5899025132226596
0.18257418583505536,0.8788702301164972,0.6397055548082519,0.18257418583505536,0.8426893967383046,0.5865969743056771,0.18257418583505536,0.5946076489812665,0.5843562080245374
0.18257418583505536,0.8788702301164972,0.6397055548082519,0.18257418583505536,0.8426893967383046,0.5934520711733253,0.18257418583505536,0.5946076489812665,0.5849793792948327
0.18257418583505536,0.8788702301164972,0.6397055548082519,0.18257418583505536,0.8426893967383046,0.5813994230680092,0.18257418583505536,0.5946076489812665,0.5786175288513595
0.18257418583505536,0.8788702301164972,0.6397055548082519,0.18257418583505536,0.8426893967383046,0.5904406115554708,0.18257418583505536,0.5946076489812665,0.592268430739584
0.18257418583505536,0.8788702301164972,0.6397055548082519,0.18257418583505536,0.8426893967383046,0.5841273116898325,0.18257418583505536,0.5946076489812665,0.5880368315647526
0.18257418583505536,0.8788702301164972,0.6397055548082519,0.18257418583505536,0.8426893967383046,0.5879663518740886,0.18257418583505536,0.5946076489812665,0.5896431909047032
0.18257418583505536,0.8624558901741922,0.6649665991341077,0.18257418583505536,0.8278773911699601,0.6229169402360253,0.18257418583505536,0.5976400466559827,0.6144159339867338
0.1796053020267749,0.8793104470126765,0.6397055548082519,0.1796053020267749,0.842522090376598,0.5860020860254394,0.1796053020267749,0.5925569286267054,0.5919785559250335
0.1796053020267749,0.8622994646998905,0.6614032407581475,0.1796053020267749,0.8411601510428839,0.609600260253245,0.1796053020267749,0.5984960072269041,0.605511702947442
0.1796053020267749,0.8546481516985411,0.6692149321835753,0.1796053020267749,0.8440441181977584,0.6098800324832553,0.1796053020267749,0.607991055817612,0.6221270083263961
0.1767766952966369,0.8554365145613014,0.6692149321835753,0.1767766952966369,0.8437024109239607,0.6230195659506536,0.1767766952966369,0.6075251320872569,0.6182636530344707
0.17407765595569785,0.8527636665742002,0.6609040908852316,0.17407765595569785,0.8380378969555708,0.6233443868589365,0.17407765595569785,0.5946780759228806,0.6182213556620588
0.17149858514250885,0.8546228292206267,0.6609040908852316,0.17149858514250885,0.8383895159952958,0.6232697378378582,0.17149858514250885,0.600697808982948,0.6241788008911509
0.17149858514250885,0.8546228292206267,0.6609040908852316,0.17149858514250885,0.8383895159952958,0.6236022266141614,0.17149858514250885,0.600697808982948,0.6079099919899498
0.17149858514250885,0.8546228292206267,0.6609040908852316,0.17149858514250885,0.8383895159952958,0.6116333646519775,0.17149858514250885,0.600697808982948,0.6198747183978635
0.17149858514250885,0.8546228292206267,0.6609040908852316,0.17149858514250885,0.8383895159952958,0.6237209406165012,0.17149858514250885,0.600697808982948,0.6180987260931493
0.17149858514250885,0.8546228292206267,0.6609040908852316,0.17149858514250885,0.8383895159952958,0.6188549367305308,0.17149858514250885,0.600697808982948,0.6266817794646213
0.16666666666666666,0.8775319447304627,0.6498684157606471,0.16666666666666666,0.8551596761965428,0.6013808112023113,0.16666666666666666,0.6200290033925131,0.6092677694676771
0.16666666666666666,0.8775319447304627,0.6498684157606471,0.16666666666666666,0.8551596761965428,0.593858833612911,0.16666666666666666,0.6200290033925131,0.6052284471931411
0.16666666666666666,0.8775319447304627,0.6498684157606471,0.16666666666666666,0.8551596761965428,0.6049592980723913,0.16666666666666666,0.6200290033925131,0.6058134428479034
0.16666666666666666,0.8775319447304627,0.6498684157606471,0.16666666666666666,0.8551596761965428,0.6025605001872492,0.16666666666666666,0.6200290033925131,0.6058593614688691
0.16666666666666666,0.8775319447304627,0.6498684157606471,0.16666666666666666,0.8551596761965428,0.6004411136184591,0.16666666666666666,0.6200290033925131,0.5924466421220198
0.16666666666666666,0.8526135308039767,0.6609040908852316,0.16666666666666666,0.8358865465439638,0.6232867154344912,0.16666666666666666,0.6047356803762368,0.6192913910230319
0.1643989873053573,0.8571474147442272,0.6609040908852316,0.1643989873053573,0.84002329492723,0.6197907239698017,0.1643989873053573,0.6056277822145318,0.6179649884948242
0.15617376188860607,0.8728868135022944,0.6692149321835753,0.15617376188860607,0.8696395538501268,0.6189214996626128,0.15617376188860607,0.6174412026965818,0.6226076364388959
0.14744195615489714,0.8862597059695313,0.650067338519103,0.14744195615489714,0.866717224104764,0.6087725729677649,0.14744195615489714,0.6107673371691003,0.6098945287782891
0.14586499149789456,0.8884947295155105,0.650067338519103,0.14586499149789456,0.8642757431887809,0.6042714632812193,0.14586499149789456,0.6197829127729623,0.6030824547465373
0.14586499149789456,0.8738210928532864,0.6621878348540235,0.14586499149789456,0.863654619653031,0.611489990004389,0.14586499149789456,0.6232808555086354,0.6220119343674545
0.14586499149789456,0.8738210928532864,0.6621878348540235,0.14586499149789456,0.863654619653031,0.6105431518378158,0.14586499149789456,0.6232808555086354,0.6295981153296346
0.14586499149789456,0.8738210928532864,0.6621878348540235,0.14586499149789456,0.863654619653031,0.6064607498647394,0.14586499149789456,0.6232808555086354,0.6149411394358768
0.14586499149789456,0.8738210928532864,0.6621878348540235,0.14586499149789456,0.863654619653031,0.6130740622644288,0.14586499149789456,0.6232808555086354,0.6165444482462648
0.14586499149789456,0.8738210928532864,0.6621878348540235,0.14586499149789456,0.863654619653031,0.612603741265258,0.14586499149789456,0.6232808555086354,0.6190242458942941
0.14586499149789456,0.8738210928532864,0.6621878348540235,0.14586499149789456,0.863654619653031,0.610556699110242,0.14586499149789456,0.6232808555086354,0.6206049269157841
0.14433756729740643,0.8884458113253434,0.650067338519103,0.14433756729740643,0.8637325086411048,0.6088640648252814,0.14433756729740643,0.6240638487421519,0.601556516446418
0.14433756729740643,0.8786356639313095,0.6515640152133613,0.14433756729740643,0.8665497222080977,0.6060005152716258,0.14433756729740643,0.6123770126359107,0.6095522130233464
0.14433756729740643,0.8786356639313095,0.6515640152133613,0.14433756729740643,0.8665497222080977,0.6071952186284781,0.14433756729740643,0.6123770126359107,0.607727507400746
0.14433756729740643,0.8786356639313095,0.6515640152133613,0.14433756729740643,0.8665497222080977,0.6010084400709728,0.14433756729740643,0.6123770126359107,0.6106482629800698
0.14433756729740643,0.8745287227596154,0.6621878348540235,0.14433756729740643,0.8634879988504714,0.6179065116736444,0.14433756729740643,0.6247376108765109,0.6219858305515125
0.14285714285714285,0.889446701974357,0.6501997819232167,0.14285714285714285,0.8620174085660663,0.6026593284129516,0.14285714285714285,0.6197828501179095,0.6102258615720988
0.14285714285714285,0.889446701974357,0.6501997819232167,0.14285714285714285,0.8620174085660663,0.6007660528132981,0.14285714285714285,0.6197828501179095,0.6086815414105716
0.14285714285714285,0.889446701974357,0.6501997819232167,0.14285714285714285,0.8620174085660663,0.608239115397302,0.14285714285714285,0.6197828501179095,0.5908622920382596
0.14285714285714285,0.889446701974357,0.6501997819232167,0.14285714285714285,0.8620174085660663,0.5980493041446697,0.14285714285714285,0.6197828501179095,0.6051048591572239
0.14285714285714285,0.889446701974357,0.6501997819232167,0.14285714285714285,0.8620174085660663,0.6092455310434548,0.14285714285714285,0.6197828501179095,0.6097081976718247
0.1414213562373095,0.8845801012510195,0.6622765603055311,0.1414213562373095,0.8675516906734599,0.6125645946834195,0.1414213562373095,0.6199496218976412,0.619980259181242
0.1414213562373095,0.8845801012510195,0.6622765603055311,0.1414213562373095,0.8675516906734599,0.6098898961122398,0.1414213562373095,0.6199496218976412,0.6164846270963479
0.1386750490563073,0.8853042274180062,0.6622765603055311,0.1386750490563073,0.8683909318473689,0.618674589944069,0.1386750490563073,0.6161843652694245,0.6173848420070576
0.1386750490563073,0.8853042274180062,0.6622765603055311,0.1386750490563073,0.8683909318473689,0.6118001470616677,0.1386750490563073,0.6161843652694245,0.6136180232199343
0.1386750490563073,0.8853042274180062,0.6622765603055311,0.1386750490563073,0.8683909318473689,0.6151444960937869,0.1386750490563073,0.6161843652694245,0.6163046846598238
0.1386750490563073,0.8853042274180062,0.6622765603055311,0.1386750490563073,0.8683909318473689,0.6115367774736726,0.1386750490563073,0.6161843652694245,0.6157299939616383
0.13736056394868904,0.8848744979501514,0.6622765603055311,0.13736056394868904,0.8681263711501557,0.6136516731304908,0.13736056394868904,0.6159497270107063,0.6266644455941073
0.13608276348795434,0.8861380228327498,0.6622765603055311,0.13608276348795434,0.8675879321023403,0.6204978143320724,0.13608276348795434,0.6189637298990306,0.6179753637417633
