gen,evals,gen_feats,explored,adjusted root leanness_min,adjusted root leanness_avg,adjusted root leanness_max,adjusted root leanness_std,survival SKSurv Cox model adjusted concordance index_min,survival SKSurv Cox model adjusted concordance index_avg,survival SKSurv Cox model adjusted concordance index_max,survival SKSurv Cox model adjusted concordance index_std
0,500,67,67,0.14002800840280097,0.2569876834230098,1.0,0.16456452396151888,0.41237643717111494,0.6751459110773392,0.7374710133618572,0.06060498792818441
1,512,283,283,0.14002800840280097,0.2773079848381984,1.0,0.13713366632475116,0.41237643717111494,0.6758232874570868,0.7374710133618572,0.052795486888727296
2,500,375,518,0.14002800840280097,0.2770856825706111,1.0,0.1352826067878404,0.41237643717111494,0.6815288119093502,0.7374710133618572,0.04880828578491396
3,500,365,716,0.1414213562373095,0.27694582522115946,1.0,0.13591611138444434,0.41237643717111494,0.6861116231508428,0.7374710133618572,0.04632823984637881
4,500,431,923,0.1414213562373095,0.2742596367010545,1.0,0.132912590660346,0.41237643717111494,0.6896262252335268,0.7374710133618572,0.04459801618697657
5,500,415,1088,0.14433756729740643,0.2803874609377291,1.0,0.13412338525986173,0.41237643717111494,0.6900957833177349,0.7374710133618572,0.04501864347503603
6,500,420,1246,0.14433756729740643,0.28371522345473077,1.0,0.13225738921943397,0.41237643717111494,0.69093832878949,0.7396493171956192,0.044768153383044504
7,500,444,1389,0.14586499149789456,0.2843529020813646,1.0,0.13183081022075116,0.41237643717111494,0.6921802029337876,0.7396493171956192,0.04465927051047271
8,500,448,1520,0.14586499149789456,0.2859937833914859,1.0,0.13235964031699385,0.41237643717111494,0.693200228450351,0.7396493171956192,0.045149454675755984
9,500,444,1635,0.14586499149789456,0.2871174887005259,1.0,0.13275344243777504,0.41237643717111494,0.6940546475542656,0.7493614418092468,0.045816127405655875
10,500,462,1740,0.14907119849998599,0.28901531758607296,1.0,0.13327987253578505,0.41237643717111494,0.6948825951554106,0.7493614418092468,0.04552715637022293
11,500,445,1848,0.14744195615489714,0.2907643414311494,1.0,0.13250342546346972,0.41237643717111494,0.6956335596465137,0.7493614418092468,0.04539581933225257
12,500,467,1961,0.14744195615489714,0.289215318719911,1.0,0.1331959151182812,0.41237643717111494,0.6972180786710037,0.7496304172670247,0.04573532716283778
13,500,474,2064,0.14586499149789456,0.2850688472277118,1.0,0.13122124408176242,0.41237643717111494,0.6999379340344678,0.7496304172670247,0.0445643719298746
14,500,458,2152,0.14586499149789456,0.2863465255532384,1.0,0.13145905685540976,0.41237643717111494,0.700908298826894,0.7496304172670247,0.043916792068954866
15,500,454,2225,0.14586499149789456,0.28476156680414716,1.0,0.13159688650194853,0.41237643717111494,0.7023615862767799,0.7496304172670247,0.044067742992901136
16,500,465,2287,0.14285714285714285,0.28507841830398334,1.0,0.13129018574878434,0.41237643717111494,0.7032190952063788,0.7496304172670247,0.0443247472575498
17,500,461,2339,0.14285714285714285,0.2855208546187938,1.0,0.13092356880703188,0.41237643717111494,0.7041022589225012,0.7506275014854656,0.04435999037439663
18,500,449,2385,0.14285714285714285,0.285860485295658,1.0,0.13072901193590677,0.41237643717111494,0.7048102168695479,0.7506275014854656,0.04427390753153011
19,500,459,2429,0.14433756729740643,0.2859679467409938,1.0,0.13065164685124425,0.41237643717111494,0.7056732538427885,0.7506275014854656,0.04427616356017113
20,500,473,2481,0.14285714285714285,0.2854954535340163,1.0,0.1310247404627024,0.41237643717111494,0.7065070397010627,0.7506275014854656,0.04447125413049177
21,500,468,2523,0.14285714285714285,0.2856491720422605,1.0,0.13083812960815075,0.41237643717111494,0.7071784091420057,0.7506275014854656,0.04458476013879032
22,500,462,2557,0.14285714285714285,0.28536321125618236,1.0,0.13090558678544692,0.41237643717111494,0.7079453078669414,0.7506275014854656,0.044850014544722275
23,500,485,2583,0.14285714285714285,0.28596104402874556,1.0,0.13058572921952077,0.41237643717111494,0.7084269423306337,0.7506275014854656,0.044769749279565604
24,500,476,2620,0.14285714285714285,0.2864210132792472,1.0,0.13037412058333955,0.41237643717111494,0.7089476428200111,0.7506275014854656,0.044855653588845856
25,500,445,2653,0.14285714285714285,0.28670619073856624,1.0,0.13140672674048304,0.41237643717111494,0.7094957734152748,0.7506275014854656,0.045337546149706955
26,500,453,2677,0.14285714285714285,0.2854169105416063,1.0,0.13095304499605126,0.41237643717111494,0.7104284183476776,0.7511742629955416,0.04524402673634882
27,500,462,2703,0.14285714285714285,0.28528966431159863,1.0,0.13111749266773062,0.41237643717111494,0.7109927349108448,0.7519726882087,0.045372811425476674
28,500,457,2731,0.14285714285714285,0.28572674867389003,1.0,0.13082478440341558,0.41237643717111494,0.7113029053438855,0.7525982981242577,0.04544181543519621
29,500,463,2753,0.14285714285714285,0.28586059642179723,1.0,0.13071046927660232,0.41237643717111494,0.711802910306229,0.7576334921267712,0.04534608205676395
30,500,476,2769,0.14285714285714285,0.28613710038453255,1.0,0.13053941696362503,0.41237643717111494,0.7121677142486845,0.7576334921267712,0.04547508783571669
31,500,478,2789,0.14285714285714285,0.2865869016708249,1.0,0.1301837946193083,0.41237643717111494,0.7125003628913816,0.7576334921267712,0.045377526107581743
32,500,489,2811,0.14285714285714285,0.2866781402607684,1.0,0.13016358878057877,0.41237643717111494,0.7130011001498526,0.7576334921267712,0.04519560888507902
33,500,516,2832,0.14285714285714285,0.28710918171192545,1.0,0.12986524925199636,0.41237643717111494,0.7133371281384243,0.7576334921267712,0.04523391136072433
34,500,482,2844,0.1543033499620919,0.2872906253330713,1.0,0.1297219299878632,0.41237643717111494,0.7137040459470338,0.7576334921267712,0.04542350192810386
35,500,442,2857,0.1543033499620919,0.28740343752488673,1.0,0.1296278133482529,0.41237643717111494,0.7140114682051699,0.7576334921267712,0.04547283684683873
36,500,464,2863,0.1543033499620919,0.28754822393280083,1.0,0.1295421944572742,0.41237643717111494,0.7143110208632553,0.7576334921267712,0.045601151390681695
37,500,443,2876,0.1543033499620919,0.29026042495641047,1.0,0.13097407845626138,0.41237643717111494,0.7135858789091146,0.7576334921267712,0.046710738289456905
38,500,438,2886,0.1543033499620919,0.28736759156407854,1.0,0.12968737755135978,0.41237643717111494,0.7150972659145888,0.7576334921267712,0.045691987983759556
39,500,450,2897,0.15249857033260467,0.2928992333720505,1.0,0.13112145303441694,0.41237643717111494,0.7137023276012341,0.7608761529048462,0.046752633479754065
40,500,451,2909,0.15249857033260467,0.29397832971659016,1.0,0.130549684173793,0.41237643717111494,0.7136921099887797,0.7608761529048462,0.04670366913470135
41,500,466,2927,0.15249857033260467,0.29715223112716477,1.0,0.13179659355887546,0.41237643717111494,0.712872933577858,0.7608761529048462,0.047517976600253115
42,500,454,2933,0.15249857033260467,0.29409304076839266,1.0,0.13047966629243837,0.41237643717111494,0.7144733841873611,0.7608761529048462,0.046713809528227714
43,500,458,2944,0.15249857033260467,0.29406438252340106,1.0,0.13049327924028087,0.41237643717111494,0.7147739311701372,0.7608761529048462,0.04682925266852132
44,500,460,2951,0.15249857033260467,0.29352874981921034,1.0,0.13081672429620744,0.41237643717111494,0.7152520515948921,0.7608761529048462,0.04703091458502156
45,500,449,2957,0.15249857033260467,0.2940115259704223,1.0,0.13054681224514686,0.41237643717111494,0.7154138001010575,0.7608761529048462,0.047083479328833416
46,500,449,2959,0.15249857033260467,0.29414008197482217,1.0,0.13042028322106217,0.41237643717111494,0.7156789226547444,0.7608761529048462,0.04722072706524087
47,500,459,2965,0.15249857033260467,0.2927652074607397,1.0,0.13102292223442877,0.41237643717111494,0.7164424357819174,0.7608761529048462,0.047405815244591164
48,500,475,2973,0.15249857033260467,0.2894135252296369,1.0,0.12951499100253644,0.41237643717111494,0.7179539899390713,0.7608761529048462,0.046709383732915596
49,500,504,2978,0.15249857033260467,0.28894904078960404,1.0,0.13071056606905995,0.41237643717111494,0.7183555728933618,0.7608761529048462,0.047510118611122
50,500,452,2980,0.15249857033260467,0.2914962185705533,1.0,0.1315876854789855,0.41237643717111494,0.7177380218853137,0.7608761529048462,0.04796523559589577
51,500,443,2984,0.15249857033260467,0.29328546814998835,1.0,0.13090377017471436,0.41237643717111494,0.7174399662154392,0.7626615705241266,0.04773794352969096
52,500,463,2990,0.15249857033260467,0.2945012010232187,1.0,0.13004197624974917,0.41237643717111494,0.71739381780501,0.7626615705241266,0.04765801283787043
53,500,465,2992,0.15249857033260467,0.29451188749470325,1.0,0.13007832029168082,0.41237643717111494,0.7175745586794238,0.7626615705241266,0.047730176561263445
54,500,436,2995,0.15249857033260467,0.2941951860407847,1.0,0.130280356751285,0.41237643717111494,0.7179088609918426,0.7626615705241266,0.0478431100696435
55,500,479,2999,0.15075567228888181,0.2944110526412495,1.0,0.1301846035272355,0.41237643717111494,0.7181153836483325,0.7626615705241266,0.04783519708690422
56,500,466,3001,0.14907119849998599,0.2943167321064425,1.0,0.13028029453323725,0.41237643717111494,0.7183693596673834,0.7626615705241266,0.047854550012608986
57,500,446,3003,0.14907119849998599,0.2940046815300235,1.0,0.13052602281076167,0.41237643717111494,0.7186799032234362,0.7626615705241266,0.048001551534328876
58,500,459,3006,0.14907119849998599,0.2942337459553247,1.0,0.13035471063251247,0.41237643717111494,0.7188823075686018,0.7626615705241266,0.04811469651783176
59,500,438,3006,0.14907119849998599,0.29426094249195145,1.0,0.13033324939226903,0.41237643717111494,0.719056238328074,0.7685524277749268,0.048200329704276464
60,500,455,3013,0.15075567228888181,0.29418519201380117,1.0,0.130383488388703,0.41237643717111494,0.7193428288237514,0.7685524277749268,0.04833638503636461
61,500,452,3013,0.15075567228888181,0.2944812335585323,1.0,0.13012228239377366,0.41237643717111494,0.7195380558187192,0.7685524277749268,0.04832548751209206
62,500,450,3017,0.15075567228888181,0.2944442936207438,1.0,0.13015614761536592,0.41237643717111494,0.7198097147756034,0.7685524277749268,0.04835316264697196
63,500,440,3018,0.15075567228888181,0.29209133594471154,1.0,0.13061818395073554,0.41237643717111494,0.7209316228258195,0.7685524277749268,0.04849737704192098
64,500,476,3020,0.15075567228888181,0.29231929084869285,1.0,0.13111903750134835,0.41237643717111494,0.7211446911311725,0.7685524277749268,0.04873361158621355
65,500,471,3022,0.14907119849998599,0.2877199590832579,1.0,0.12947389686407815,0.41237643717111494,0.7230287978681502,0.7685524277749268,0.04799095455137003
66,500,450,3023,0.14907119849998599,0.287980946893594,1.0,0.1292430792969613,0.41237643717111494,0.7231317020579617,0.7685524277749268,0.04804659288436539
67,500,452,3023,0.14907119849998599,0.2878295841258776,1.0,0.12936861587416404,0.41237643717111494,0.7233144874425637,0.7685524277749268,0.04816648979132994
68,500,483,3024,0.15249857033260467,0.28795388487928286,1.0,0.12924180579022856,0.41237643717111494,0.723493073730483,0.7685524277749268,0.04826413966044764
69,500,486,3024,0.15249857033260467,0.287989503235366,1.0,0.12915954839249746,0.41237643717111494,0.723748398362653,0.7692775126147563,0.048337357668704686
70,500,469,3024,0.15249857033260467,0.28802022878022204,1.0,0.12914889327695,0.41237643717111494,0.7239224894320976,0.7692775126147563,0.04839491900646667
71,500,467,3024,0.15249857033260467,0.2879893637398442,1.0,0.12916769771796188,0.41237643717111494,0.7240652635418775,0.7692775126147563,0.048471843554271574
72,500,492,3025,0.16222142113076254,0.2881185090538805,1.0,0.12905300758440486,0.41237643717111494,0.7242204580486915,0.7692775126147563,0.04854839757177311
73,500,457,3025,0.16222142113076254,0.288571187770326,1.0,0.1288344966155039,0.41237643717111494,0.7242383179250406,0.7692775126147563,0.04852278234301373
74,500,467,3025,0.16222142113076254,0.2879136824263552,1.0,0.12921435377046525,0.41237643717111494,0.7245921789919196,0.7692775126147563,0.048677882039648825
75,500,470,3025,0.16222142113076254,0.2878327057190053,1.0,0.12927604634025772,0.41237643717111494,0.7247589455198782,0.7692775126147563,0.048753610059869945
76,500,473,3025,0.1643989873053573,0.2879551615950497,1.0,0.12917498865417895,0.41237643717111494,0.7249063881738441,0.7692775126147563,0.04881374497721406
77,500,442,3025,0.16222142113076254,0.28780127653498333,1.0,0.1293061504492775,0.41237643717111494,0.72509397196126,0.7692775126147563,0.04892516366393498
78,500,443,3026,0.16222142113076254,0.28778982223383026,1.0,0.12931871922744465,0.41237643717111494,0.7252959845335505,0.7692775126147563,0.048965138839086604
79,500,436,3027,0.16222142113076254,0.2902536467954509,1.0,0.13057760024068227,0.41237643717111494,0.7244751288499299,0.7692775126147563,0.04964552631568321
80,500,459,3029,0.16222142113076254,0.28887627766122326,1.0,0.1295928375428984,0.41237643717111494,0.7251320479760173,0.7692775126147563,0.04927442734092573
81,500,424,3029,0.16222142113076254,0.2878394699606438,1.0,0.12923327743953403,0.41237643717111494,0.7257692771174307,0.7692775126147563,0.049169461464673984
82,500,479,3029,0.16012815380508713,0.28746756861172335,1.0,0.1295194926821512,0.41237643717111494,0.7260226193005429,0.7692775126147563,0.04915099553472851
83,500,468,3029,0.16012815380508713,0.2872528348962859,1.0,0.12953316234124818,0.41237643717111494,0.7262918463775293,0.7692775126147563,0.04919610319696845
84,500,454,3029,0.16012815380508713,0.2877825382485424,1.0,0.1293281721221192,0.41237643717111494,0.7262688857002579,0.7692775126147563,0.04906166677404552
85,500,452,3030,0.16012815380508713,0.28762069601953755,1.0,0.12940869658738158,0.41237643717111494,0.7265071229704352,0.7747048932093717,0.049147667370474324
86,500,467,3030,0.16012815380508713,0.28663519209113564,1.0,0.1297593289629509,0.41237643717111494,0.7269972915109434,0.7747048932093717,0.0493056220969709
87,500,447,3030,0.16012815380508713,0.2878944733471662,1.0,0.12921323353769162,0.41237643717111494,0.7267211728246935,0.7747048932093717,0.049252304216878706
88,500,443,3031,0.16012815380508713,0.28731890949998096,1.0,0.12948884710763656,0.41237643717111494,0.7270949197192158,0.7747048932093717,0.04941511154159316
89,500,446,3032,0.16012815380508713,0.28782136812302256,1.0,0.12927932210984033,0.41237643717111494,0.7270098100570316,0.7747048932093717,0.04940899168583099
90,500,467,3032,0.16012815380508713,0.2881940734665228,1.0,0.1290158934004957,0.41237643717111494,0.7270957071631295,0.7747048932093717,0.04941449660166664
91,500,444,3033,0.16012815380508713,0.28824680741639097,1.0,0.12897898239158695,0.41237643717111494,0.7272294264416085,0.7747048932093717,0.049490308177372634
92,500,457,3033,0.16012815380508713,0.2883642029346177,1.0,0.12888430722611688,0.41237643717111494,0.7274512126711916,0.7747756946820424,0.04958943410545005
93,500,438,3033,0.16012815380508713,0.28819607065133646,1.0,0.12900683478779065,0.41237643717111494,0.7276667690061309,0.7751643591414226,0.04971072857878242
94,500,446,3033,0.16012815380508713,0.2881166055878994,1.0,0.12906866670369657,0.41237643717111494,0.7278134999290727,0.7751643591414226,0.0497720710071381
95,500,449,3034,0.16012815380508713,0.2879802614120826,1.0,0.12916857022080508,0.41237643717111494,0.72801185021376,0.7751643591414226,0.04986526028641581
96,500,442,3034,0.16012815380508713,0.2881309617574285,1.0,0.12904340586005575,0.41237643717111494,0.7280992785329847,0.7751643591414226,0.049896373133374756
97,500,436,3034,0.16012815380508713,0.2878776934928397,1.0,0.12926144431615472,0.41237643717111494,0.7283208652607079,0.7751643591414226,0.05000710436020862
98,500,417,3035,0.16222142113076254,0.28773703052173794,1.0,0.12936017967238367,0.41237643717111494,0.7285592511014238,0.7753369098577177,0.05012042408578263
99,500,470,3035,0.16222142113076254,0.287223412424187,1.0,0.12951486363078105,0.41237643717111494,0.7289117976668402,0.7753369098577177,0.05023867621947729
100,500,435,3035,0.16222142113076254,0.28617275555794264,1.0,0.12993843788411535,0.41237643717111494,0.7295108355620851,0.7821349298935076,0.05046823609724025
101,500,423,3035,0.15811388300841897,0.2838443755394282,1.0,0.12890789675138725,0.41237643717111494,0.7305824198497932,0.7821349298935076,0.050094318216573175
102,500,435,3035,0.15811388300841897,0.2866352714901502,1.0,0.1298542268032935,0.41237643717111494,0.7295979025927403,0.7821349298935076,0.050664509153639445
103,500,458,3035,0.15811388300841897,0.2875412562795582,1.0,0.12940118067307624,0.41237643717111494,0.7294778183616332,0.7821349298935076,0.05065369860272782
104,500,433,3035,0.15811388300841897,0.28692925831687116,1.0,0.12985156996564123,0.41237643717111494,0.7298598587028969,0.7821349298935076,0.05086845439995424
105,500,437,3035,0.16012815380508713,0.2867840636215825,1.0,0.1299759154317511,0.41237643717111494,0.730148139667491,0.7821349298935076,0.05106715743339692
106,500,440,3035,0.16012815380508713,0.2858573528302745,1.0,0.13027322888735338,0.41237643717111494,0.7306678596878735,0.7821349298935076,0.05121440658179325
107,500,416,3035,0.16012815380508713,0.283593923723854,1.0,0.1296107233481663,0.41237643717111494,0.7317909068050132,0.7821349298935076,0.051048002191511316
108,500,406,3035,0.16012815380508713,0.2834003123850465,1.0,0.12953645741920713,0.41237643717111494,0.7320187914183074,0.7821349298935076,0.05107508924881154
109,500,440,3035,0.16012815380508713,0.2856873976611717,1.0,0.1302300995625978,0.41237643717111494,0.7312985204964714,0.7821349298935076,0.05161409041964789
110,500,438,3035,0.16012815380508713,0.28445630630061736,1.0,0.12957787572432983,0.41237643717111494,0.7319711707619274,0.7821349298935076,0.05140731077292536
111,500,436,3035,0.16012815380508713,0.28384082982685116,1.0,0.1284180960155884,0.41237643717111494,0.7323574753782329,0.7821349298935076,0.051073078484343545
112,500,423,3035,0.16012815380508713,0.2856638996108109,1.0,0.12988567935810866,0.41237643717111494,0.731693301542766,0.7821349298935076,0.0521085836149502
113,500,430,3035,0.16012815380508713,0.28701016670009194,1.0,0.12958840897478371,0.41237643717111494,0.7313826570496407,0.7823465863559663,0.05182830565291722
114,500,440,3035,0.16012815380508713,0.28734034454149265,1.0,0.1295371687511157,0.41237643717111494,0.7314009123419823,0.7823465863559663,0.05168033019455043
115,500,443,3035,0.15811388300841897,0.2838620612945374,1.0,0.12856305306538082,0.41237643717111494,0.7330126253957762,0.7836906924033783,0.05118143352769546
116,500,428,3035,0.15811388300841897,0.28297921784415087,1.0,0.12975977119429466,0.41237643717111494,0.7334288088340022,0.7836906924033783,0.05184611270623744
117,500,446,3035,0.15811388300841897,0.282768901773485,1.0,0.12851153006385466,0.41237643717111494,0.7336442066175726,0.7836906924033783,0.05120547448515871
118,500,469,3035,0.15811388300841897,0.28106915428515405,1.0,0.12833766486538384,0.41237643717111494,0.7344601764239113,0.7836906924033783,0.051071194321857714
119,500,435,3035,0.15811388300841897,0.28100006442866127,1.0,0.12839448750281465,0.41237643717111494,0.7345576378672725,0.7836906924033783,0.0511221097579511
120,500,412,3035,0.15617376188860607,0.28101471966829594,1.0,0.12837884161008092,0.41237643717111494,0.7346982339992457,0.7836906924033783,0.051190324974038005
121,500,406,3035,0.15811388300841897,0.28093330789420623,1.0,0.1284456864176869,0.41237643717111494,0.7348434696520331,0.7836906924033783,0.051289270940979834
122,500,418,3035,0.15811388300841897,0.280723395919606,1.0,0.12861679280074717,0.41237643717111494,0.7350129218666023,0.7836906924033783,0.05135622865837822
123,500,420,3035,0.15811388300841897,0.2806267605144845,1.0,0.12868773228768593,0.41237643717111494,0.7351776106379521,0.7836906924033783,0.05143789006825004
124,500,450,3035,0.15811388300841897,0.28065173729735554,1.0,0.12867209039720523,0.41237643717111494,0.7352503989310082,0.7836906924033783,0.051476682721429405
125,500,439,3035,0.15617376188860607,0.28041834283220224,1.0,0.12880933481912427,0.41237643717111494,0.7354537584864026,0.7836906924033783,0.05161089810311957
126,500,425,3035,0.15811388300841897,0.28048754779605617,1.0,0.1287738176786239,0.41237643717111494,0.7355033600673105,0.7836906924033783,0.05164835446089329
127,500,431,3035,0.15617376188860607,0.28010408320307717,1.0,0.12899378564107006,0.41237643717111494,0.735851251618659,0.785626377785588,0.051752461867205786
128,500,427,3035,0.15617376188860607,0.27878554760341695,1.0,0.12890002966619704,0.41237643717111494,0.7365260325450447,0.785626377785588,0.05177103555876605
129,500,451,3035,0.15617376188860607,0.2778811061811148,1.0,0.12942963173052469,0.41237643717111494,0.7370539102873221,0.785626377785588,0.0520637025306046
130,500,403,3035,0.1543033499620919,0.279759064555832,1.0,0.12914668562608808,0.41237643717111494,0.7363458926502883,0.785626377785588,0.05211100142754921
131,500,421,3035,0.1543033499620919,0.27951540509108336,1.0,0.12916690283113147,0.41237643717111494,0.7365559614227384,0.785626377785588,0.05213197021504831
132,500,465,3035,0.1543033499620919,0.27575433246435055,1.0,0.1285583355294989,0.41237643717111494,0.7382670076614772,0.785626377785588,0.05182588328958441
133,500,456,3035,0.1543033499620919,0.2749169359252966,1.0,0.12725417492443478,0.41237643717111494,0.7387440017502713,0.785626377785588,0.051433754804556156
134,500,456,3035,0.15249857033260467,0.27801087814301173,1.0,0.12943098677700676,0.41237643717111494,0.7375412263311398,0.785626377785588,0.05262450650256939
135,500,440,3035,0.15249857033260467,0.27959161675105143,1.0,0.1290552611066287,0.41237643717111494,0.7369211730437889,0.7874880778703243,0.0525831217895364
136,500,429,3035,0.15249857033260467,0.27991236567152256,1.0,0.12898462978073544,0.41237643717111494,0.7369220430790867,0.7887272394249943,0.052612856837860475
137,500,431,3035,0.1543033499620919,0.2798108427807973,1.0,0.1289267710451626,0.41237643717111494,0.737104497219367,0.7887272394249943,0.05249647771527612
138,500,453,3035,0.1543033499620919,0.27935127858085,1.0,0.12909064365480094,0.41237643717111494,0.7373653312596486,0.7887272394249943,0.0525868393269809
139,500,389,3035,0.1543033499620919,0.27819603611971616,1.0,0.12925727890145058,0.41237643717111494,0.7379700254978809,0.7887272394249943,0.05265500330726932
140,500,454,3035,0.1543033499620919,0.2745696945443283,1.0,0.1270542630452544,0.41237643717111494,0.7396089635143854,0.7887272394249943,0.051714584227168174
141,500,416,3035,0.1543033499620919,0.27720351447369546,1.0,0.1280608130140197,0.41237643717111494,0.7385129559929202,0.7887272394249943,0.052506536986882464
142,500,411,3035,0.1543033499620919,0.27739560489666804,1.0,0.12889588990608922,0.41237643717111494,0.7385573488404474,0.7887272394249943,0.052913080432510695
143,500,424,3035,0.1543033499620919,0.2806539440544573,1.0,0.12862309417078882,0.41237643717111494,0.7373547932495829,0.7887272394249943,0.05276322502817444
144,500,411,3035,0.1543033499620919,0.28059380304620357,1.0,0.1287016539143655,0.41237643717111494,0.7374539920287735,0.7887272394249943,0.052667017210128966
145,500,418,3035,0.15249857033260467,0.2799641482139248,1.0,0.12883757457670164,0.41237643717111494,0.7378631024598505,0.7887272394249943,0.05279699324532171
146,500,403,3035,0.15249857033260467,0.27986398919470845,1.0,0.12906802929329866,0.41237643717111494,0.7379828660152087,0.7887272394249943,0.05293241552699739
147,500,399,3035,0.15249857033260467,0.27983645504534804,1.0,0.12898924150427846,0.41237643717111494,0.7380659051765722,0.7887272394249943,0.052900696648091765
148,500,434,3035,0.15249857033260467,0.2795288418130697,1.0,0.12927228648764524,0.41237643717111494,0.7382962354824474,0.7887272394249943,0.05305417429588225
149,500,402,3035,0.15249857033260467,0.27680619076314544,1.0,0.12942742340731497,0.41237643717111494,0.7396012433970514,0.7887272394249943,0.05309587829257318
150,500,402,3035,0.15249857033260467,0.27409635797368365,1.0,0.12768578328130814,0.41237643717111494,0.740830194026002,0.7890854629557991,0.0523674448210761
151,500,433,3035,0.15249857033260467,0.2735995855321621,1.0,0.1274860267613007,0.41237643717111494,0.741199647091393,0.7902294134673218,0.05238380867159315
152,500,433,3035,0.15249857033260467,0.27368691165677506,1.0,0.12741267147151944,0.41237643717111494,0.741291397948269,0.7902294134673218,0.05239291496771151
153,500,457,3035,0.15249857033260467,0.27359292059857976,1.0,0.12749452852146562,0.41237643717111494,0.7414332319052858,0.7907471894798331,0.05247580579812915
154,500,448,3035,0.15249857033260467,0.273622407691112,1.0,0.1274725550718704,0.41237643717111494,0.7415411667810929,0.7907471894798331,0.05252000269360204
155,500,456,3035,0.15249857033260467,0.27356009927394676,1.0,0.12752349174623434,0.41237643717111494,0.7416458869474063,0.7908116724134842,0.052596509866333435
156,500,467,3035,0.15249857033260467,0.27373625701068677,1.0,0.1273829034756166,0.41237643717111494,0.7417637151334245,0.7920766093789608,0.05268177756233901
157,500,441,3035,0.15249857033260467,0.27375107974923996,1.0,0.12737061787018952,0.41237643717111494,0.7418518766996245,0.7920766093789608,0.05269893283353411
158,500,447,3035,0.15249857033260467,0.27860628992980035,1.0,0.12953500267244156,0.41237643717111494,0.7397649120171422,0.7920766093789608,0.05383945686220153
159,500,442,3035,0.15249857033260467,0.27754029383613216,1.0,0.12803809773951944,0.41237643717111494,0.7403142487034292,0.7920766093789608,0.05327317484267646
160,500,408,3035,0.15249857033260467,0.27579088684093594,1.0,0.12893614073645712,0.41237643717111494,0.7412527550787997,0.7926795858315066,0.053571824522016954
161,500,437,3035,0.15249857033260467,0.2737414433600177,1.0,0.1273769393352724,0.41237643717111494,0.7422779263596686,0.7926795858315066,0.05277892484015696
162,500,441,3035,0.1543033499620919,0.2737006547819285,1.0,0.1274021839424715,0.41237643717111494,0.742376772027834,0.7926795858315066,0.05285112077261367
163,500,414,3035,0.15249857033260467,0.27360227741242,1.0,0.12748390774512167,0.41237643717111494,0.7424919310462789,0.7937465229339852,0.05293505232649941
164,500,426,3035,0.15249857033260467,0.2736053237319495,1.0,0.12747881017177204,0.41237643717111494,0.7425746409013729,0.7937465229339852,0.05294031655743781
165,500,407,3035,0.15249857033260467,0.27361616786960963,1.0,0.12747243229758035,0.41237643717111494,0.7426464251615852,0.7937465229339852,0.05298933804197824
166,500,432,3035,0.15249857033260467,0.273346729039324,1.0,0.12765917081096798,0.41237643717111494,0.7428258390714406,0.7937465229339852,0.053115524382594106
167,500,420,3035,0.15249857033260467,0.27306684618555027,1.0,0.12782399967023836,0.41237643717111494,0.7429839746450239,0.7937465229339852,0.05320363821464086
168,500,429,3035,0.15249857033260467,0.2726813550349461,1.0,0.1281068430775399,0.41237643717111494,0.7431776880041666,0.7937465229339852,0.05335181379545098
169,500,433,3035,0.15249857033260467,0.2716417291453744,1.0,0.12829380779177665,0.41237643717111494,0.7436974459527284,0.7937465229339852,0.05343293945961902
170,500,445,3035,0.1543033499620919,0.2710434034924321,1.0,0.12848002567896954,0.41237643717111494,0.7441366478614609,0.7945575603601399,0.05355889907547532
171,500,443,3035,0.1543033499620919,0.27029871091275437,1.0,0.1272442868389368,0.41237643717111494,0.7443916786620823,0.7945575603601399,0.053116027498192844
172,500,450,3035,0.1543033499620919,0.26908887218205213,1.0,0.12687740510027276,0.41237643717111494,0.7449609188191574,0.7945575603601399,0.05314131800250335
173,500,439,3035,0.1543033499620919,0.2690484271493866,1.0,0.1283988305298881,0.41237643717111494,0.7451273190626593,0.7945575603601399,0.053817863981146394
174,500,451,3035,0.1543033499620919,0.2688573522495819,1.0,0.12779092236980127,0.41237643717111494,0.7453153490406009,0.7945575603601399,0.05349705040373722
175,500,429,3035,0.1543033499620919,0.26816078306386826,1.0,0.1272666067610526,0.41237643717111494,0.7457159362187356,0.7945575603601399,0.053232647555568495
176,500,420,3035,0.15249857033260467,0.2698658426131095,1.0,0.12697530531707646,0.41237643717111494,0.7449595232245907,0.7945575603601399,0.053197589536151
177,500,418,3035,0.15249857033260467,0.26960082537737956,1.0,0.12752303594610911,0.41237643717111494,0.7451223882598568,0.7945575603601399,0.05344533595738294
178,500,402,3035,0.15249857033260467,0.27217538189497514,1.0,0.12818146106711473,0.41237643717111494,0.7440576303558553,0.7976296547665268,0.05385868942024993
179,500,456,3035,0.15249857033260467,0.2698687162984681,1.0,0.12766243737352787,0.41237643717111494,0.7452248274702072,0.7976296547665268,0.05359177845678138
180,500,413,3035,0.15249857033260467,0.2701672737419568,1.0,0.12813781928402554,0.41237643717111494,0.7451079324338531,0.7976296547665268,0.05392746597893827
181,500,444,3035,0.15249857033260467,0.2674278566644923,1.0,0.12762317581403873,0.41237643717111494,0.7465025929018293,0.7976296547665268,0.05355029526484874
182,500,418,3035,0.15249857033260467,0.26641061588394294,1.0,0.1263033346827616,0.41237643717111494,0.7469696362762478,0.7977667308953656,0.05302882234467134
183,500,438,3035,0.15249857033260467,0.26600694447483814,1.0,0.12626811179543773,0.41237643717111494,0.7472122396985885,0.7977667308953656,0.05301406940421113
184,500,450,3035,0.15249857033260467,0.26596698740903363,1.0,0.12630220309283052,0.41237643717111494,0.7472564501509924,0.7977667308953656,0.053049053081086324
185,500,419,3035,0.15249857033260467,0.2659564041549306,1.0,0.1263122722813135,0.41237643717111494,0.7473495712640817,0.7977667308953656,0.053095893162868876
186,500,429,3035,0.15075567228888181,0.26580605375099675,1.0,0.1264296652797553,0.41237643717111494,0.7474790839453449,0.7977667308953656,0.05317669392959109
187,500,455,3035,0.14907119849998599,0.265938595777384,1.0,0.1263278980939782,0.41237643717111494,0.7475123706857592,0.7977667308953656,0.05320134166432176
188,500,450,3035,0.14907119849998599,0.2660209605639379,1.0,0.12626119685122345,0.41237643717111494,0.7475725654324572,0.7977667308953656,0.053204555063459356
189,500,423,3035,0.14907119849998599,0.2660193469370631,1.0,0.12626184887442873,0.41237643717111494,0.7476286851038407,0.7977667308953656,0.053248900400032315
190,500,436,3035,0.15075567228888181,0.2660496942880341,1.0,0.12623727918169503,0.41237643717111494,0.7477015375995066,0.7977667308953656,0.05327074776176736
191,500,470,3035,0.15075567228888181,0.2661046034430202,1.0,0.12619426896596267,0.41237643717111494,0.7477968880937225,0.7978887859813263,0.05333043074838301
192,500,437,3035,0.15075567228888181,0.26678142431919266,1.0,0.12632877857743677,0.41237643717111494,0.7475250735649377,0.7978887859813263,0.05341108658777903
193,500,443,3035,0.15075567228888181,0.27016815188968135,1.0,0.12710707275029162,0.41237643717111494,0.7460236914047823,0.7985672869163722,0.053951453565372266
194,500,420,3035,0.15075567228888181,0.27052331129456364,1.0,0.1283616399306647,0.41237643717111494,0.74610492490082,0.7985672869163722,0.05428772455027733
195,500,430,3035,0.15075567228888181,0.26914877390493475,1.0,0.12715898365125558,0.41237643717111494,0.7468241134697979,0.7997253561989007,0.05383906422426653
196,500,438,3035,0.15075567228888181,0.2676490612508028,1.0,0.12661367386768027,0.41237643717111494,0.7475385818361087,0.7997253561989007,0.05366436785864577
197,500,442,3035,0.14907119849998599,0.2660760166959512,1.0,0.12621991536490146,0.41237643717111494,0.7483367945157074,0.7997253561989007,0.05345633675649391
198,500,434,3035,0.14744195615489714,0.2659292354842067,1.0,0.12632370667112186,0.41237643717111494,0.7484456520995247,0.7997253561989007,0.05352328055458214
199,500,442,3035,0.14744195615489714,0.2658343930521646,1.0,0.1263943421313281,0.41237643717111494,0.7485465464823057,0.7997253561989007,0.05358800578811762
200,500,432,3035,0.14744195615489714,0.26574723877487716,1.0,0.12646433752136693,0.41237643717111494,0.748625931620644,0.7997253561989007,0.05365177239513079
201,500,413,3035,0.14744195615489714,0.26519222881426857,1.0,0.12672776163396496,0.41237643717111494,0.7489426398934185,0.7997253561989007,0.05379740217479828
202,500,449,3035,0.14586499149789456,0.2653243161840328,1.0,0.12672471313213826,0.41237643717111494,0.7489338673017578,0.7997253561989007,0.053859403544184725
203,500,441,3035,0.14586499149789456,0.265532189690427,1.0,0.12661870586756022,0.41237643717111494,0.7488852380286324,0.7997253561989007,0.05377845842916483
204,500,449,3035,0.14586499149789456,0.26510868239383817,1.0,0.12688586636820331,0.41237643717111494,0.7491232897639251,0.7997253561989007,0.0539268405197129
205,500,452,3035,0.14586499149789456,0.2642742620161824,1.0,0.12704973776584133,0.41237643717111494,0.7495674033641176,0.7997253561989007,0.05397447188403709
206,500,418,3035,0.14586499149789456,0.26465055409688615,1.0,0.12709010770941526,0.41237643717111494,0.7494312909717761,0.7999174142944808,0.05407259753642327
207,500,422,3035,0.14586499149789456,0.2647100070670501,1.0,0.1270666318392963,0.41237643717111494,0.749487697946875,0.8005024568257136,0.05410370359852308
208,500,426,3035,0.14586499149789456,0.2633822749430097,1.0,0.12656583287597795,0.41237643717111494,0.7501508632685304,0.8005024568257136,0.053959712441545335
209,500,443,3035,0.14586499149789456,0.2648451798202899,1.0,0.12700922862291852,0.41237643717111494,0.74960180488471,0.8005024568257136,0.054218477798864816
210,500,439,3035,0.14433756729740643,0.26313580652544377,1.0,0.12732210865783222,0.41237643717111494,0.7505084504177724,0.8005024568257136,0.05434753467244851
211,500,437,3035,0.14433756729740643,0.2646828314937103,1.0,0.12711662257623918,0.41237643717111494,0.7497924122923317,0.8005024568257136,0.05438616958889721
212,500,418,3035,0.14433756729740643,0.2641758540976358,1.0,0.1267106078900676,0.41237643717111494,0.7500415567857076,0.8005024568257136,0.05423594215693778
213,500,422,3035,0.14285714285714285,0.2650398527412885,1.0,0.12696827772840666,0.41237643717111494,0.7497049625316781,0.8005024568257136,0.05436371026183489
214,500,428,3035,0.14433756729740643,0.2647721332408056,1.0,0.12712248232263867,0.41237643717111494,0.7499315564225685,0.8005024568257136,0.05448514098792682
215,500,424,3035,0.14433756729740643,0.2653722699311156,1.0,0.12670493322487925,0.41237643717111494,0.7497427986319448,0.8005024568257136,0.054346767980950214
216,500,422,3035,0.14433756729740643,0.26566442788024835,1.0,0.12651047784434571,0.41237643717111494,0.7497061545934177,0.8005024568257136,0.05432820968896975
217,500,415,3035,0.14433756729740643,0.26556867799378525,1.0,0.12657494452359738,0.41237643717111494,0.749813294108279,0.8005024568257136,0.054389852536046286
218,500,414,3035,0.14433756729740643,0.26563643799066655,1.0,0.12653318525799556,0.41237643717111494,0.7498295622044354,0.8005024568257136,0.05439599998680764
219,500,436,3035,0.14433756729740643,0.2656437905935864,1.0,0.12653315708111199,0.41237643717111494,0.749893299634637,0.8005024568257136,0.05444181985152789
220,500,423,3035,0.1543033499620919,0.2660425507227174,1.0,0.1262354399518836,0.41237643717111494,0.7498097888030695,0.8006451817043847,0.05437089871193557
221,500,430,3035,0.1543033499620919,0.2661031711525216,1.0,0.12619496066298555,0.41237643717111494,0.749843743290737,0.8007593327495384,0.054381439464256436
222,500,401,3035,0.1543033499620919,0.26610317115252163,1.0,0.12619496066298555,0.41237643717111494,0.7498788912934679,0.8007593327495384,0.05440319930584298
223,500,430,3035,0.1543033499620919,0.2660511892516359,1.0,0.1262350871471526,0.41237643717111494,0.7499736840404405,0.8007593327495384,0.054462344527135734
224,500,416,3035,0.1543033499620919,0.2661685631629293,1.0,0.12614177830332138,0.41237643717111494,0.7499993859894516,0.8008500560593661,0.054469197684339346
225,500,442,3035,0.1543033499620919,0.26613380406611525,1.0,0.126163297354579,0.41237643717111494,0.7501065602377169,0.8008500560593661,0.05454069282513653
226,500,411,3035,0.1543033499620919,0.2661822719517477,1.0,0.12612611859679113,0.41237643717111494,0.7501483973005779,0.802183033761073,0.054560811401895545
227,500,452,3035,0.1543033499620919,0.26616341133131244,1.0,0.12614085855197735,0.41237643717111494,0.7502293817767214,0.8023156107322773,0.05457942559379989
228,500,458,3035,0.1543033499620919,0.2661897058454711,1.0,0.12611954169022804,0.41237643717111494,0.7502589342017345,0.8023156107322773,0.054597444400542094
229,500,478,3035,0.1543033499620919,0.2671144462941258,1.0,0.12640781464727033,0.41237643717111494,0.7498774018332549,0.8023156107322773,0.05478492753757663
230,500,445,3035,0.1543033499620919,0.26831910274131776,1.0,0.1274878764075493,0.41237643717111494,0.7493300972058128,0.8023156107322773,0.05549839593519461
231,500,432,3035,0.1543033499620919,0.2686493012345553,1.0,0.12746392248543528,0.41237643717111494,0.749336207076457,0.8023156107322773,0.05525056174941864
232,500,462,3035,0.1543033499620919,0.2682392722046988,1.0,0.12716277638635143,0.41237643717111494,0.7496128055123431,0.8023156107322773,0.05517081727546239
233,500,417,3035,0.1543033499620919,0.26660390545572615,1.0,0.12607093032827896,0.41237643717111494,0.7504142796910207,0.8023156107322773,0.05468682590547068
234,500,422,3035,0.15249857033260467,0.26623112276704386,1.0,0.1260891764266986,0.41237643717111494,0.7506408211375514,0.802916538114578,0.05470474591914337
235,500,449,3035,0.15249857033260467,0.2662318717007861,1.0,0.1260889082237754,0.41237643717111494,0.7506853429757745,0.802916538114578,0.054729642422499454
236,500,437,3035,0.15249857033260467,0.26618799672920146,1.0,0.12612451624761467,0.41237643717111494,0.7507339360533658,0.802916538114578,0.0547636102966253
237,500,420,3035,0.15249857033260467,0.2660689754637316,1.0,0.1262163605498084,0.41237643717111494,0.7508404656230395,0.802916538114578,0.05483365144699383
238,500,472,3035,0.15249857033260467,0.2658273067356741,1.0,0.12638671164794668,0.41237643717111494,0.7509646047600609,0.8039627016155251,0.054921775628846245
239,500,450,3035,0.15075567228888181,0.26502475053455443,1.0,0.12682833088791437,0.41237643717111494,0.7514195656129528,0.8039627016155251,0.05515006560816197
240,500,421,3035,0.15075567228888181,0.26543796480281906,1.0,0.12664869916089125,0.41237643717111494,0.7512444056187692,0.8039627016155251,0.05509840018169746
241,500,448,3035,0.15249857033260467,0.2658315815668651,1.0,0.1263883079852107,0.41237643717111494,0.7511161171419114,0.8039627016155251,0.055001791196652675
242,500,453,3035,0.15249857033260467,0.2658315815668651,1.0,0.1263883079852107,0.41237643717111494,0.7511888732456815,0.8039627016155251,0.05504277757754395
243,500,429,3035,0.15249857033260467,0.2656910164103146,1.0,0.12647632009625823,0.41237643717111494,0.7513084065633995,0.8051342974267377,0.055115357510542334
244,500,406,3035,0.15249857033260467,0.26517743062043836,1.0,0.1266793812029403,0.41237643717111494,0.7516342260935697,0.8051342974267377,0.055233336254510344
245,500,451,3035,0.15075567228888181,0.26488131803865345,1.0,0.12677963239988677,0.41237643717111494,0.7518418484428049,0.8051342974267377,0.055271359226668405
246,500,420,3035,0.15075567228888181,0.2648406653481104,1.0,0.12681436421153636,0.41237643717111494,0.7519104822743723,0.8051342974267377,0.055294742834099464
247,500,426,3035,0.15075567228888181,0.2652762727184838,1.0,0.12677101022088402,0.41237643717111494,0.7516689514383817,0.8051342974267377,0.05530950334873764
248,500,445,3035,0.14744195615489714,0.2637567378212312,1.0,0.12630552597165293,0.41237643717111494,0.7524076585196123,0.8051342974267377,0.05515764404241791
249,500,455,3035,0.14744195615489714,0.2636317474206556,1.0,0.12740057668602683,0.41237643717111494,0.7526157810969057,0.8051342974267377,0.05562697879310511
250,500,411,3035,0.14907119849998599,0.2633781178807661,1.0,0.12735956426188413,0.41237643717111494,0.7527711526575354,0.8051342974267377,0.05564988871894658
251,500,435,3035,0.14907119849998599,0.2639612310508563,1.0,0.12666724371997296,0.41237643717111494,0.7525402064408303,0.8051342974267377,0.05545483382767986
252,500,424,3035,0.14907119849998599,0.2643350884461438,1.0,0.12708642262621975,0.41237643717111494,0.7524252129783355,0.8052231494507698,0.05568090456363773
253,500,411,3035,0.14907119849998599,0.2637349053979119,1.0,0.1264517578988051,0.41237643717111494,0.7526918138509593,0.8056269159132191,0.05546620855257416
254,500,410,3035,0.14907119849998599,0.26338273397292267,1.0,0.1265708936343601,0.41237643717111494,0.7529120884414156,0.8056269159132191,0.05550087432522267
255,500,410,3035,0.14907119849998599,0.263273273590178,1.0,0.1275500558466217,0.41237643717111494,0.7530616021980102,0.8056269159132191,0.056050044709246676
256,500,431,3035,0.14907119849998599,0.2658356297535321,1.0,0.1263839636249487,0.41237643717111494,0.7517986988709767,0.8056269159132191,0.05557997782815704
257,500,416,3035,0.14907119849998599,0.2658096707496409,1.0,0.12640745819952037,0.41237643717111494,0.7519080599620133,0.8058957186458002,0.055618722501389536
258,500,434,3035,0.14907119849998599,0.2657060217158593,1.0,0.12648348700276657,0.41237643717111494,0.7520634081060525,0.8058957186458002,0.055558178978031524
259,500,429,3035,0.14907119849998599,0.2652207086691307,1.0,0.12671372288721133,0.41237643717111494,0.7523701447615626,0.8058957186458002,0.05568758757049595
260,500,442,3035,0.14907119849998599,0.2653370759968505,1.0,0.12669812308405567,0.41237643717111494,0.7523322774321138,0.8058957186458002,0.055658099482874784
261,500,400,3035,0.14907119849998599,0.2653863197472881,1.0,0.1267018031461024,0.41237643717111494,0.7523134759771185,0.8058957186458002,0.0556680861830862
262,500,465,3035,0.14907119849998599,0.2644632761087492,1.0,0.12621243328848264,0.41237643717111494,0.7528056802967229,0.8058957186458002,0.05547403802879341
263,500,414,3035,0.14907119849998599,0.2631314405125023,1.0,0.12593765869885198,0.41237643717111494,0.7534930990452408,0.8058957186458002,0.055439037285852075
264,500,427,3035,0.14907119849998599,0.2640255521753622,1.0,0.12710598926275557,0.41237643717111494,0.7531785295247384,0.8065604733907046,0.055988959001832636
265,500,431,3035,0.14907119849998599,0.263488121005865,1.0,0.12720648450917696,0.41237643717111494,0.7534710020300299,0.8065604733907046,0.056025326781526996
266,500,459,3035,0.14907119849998599,0.26299031741665907,1.0,0.12715021221951012,0.41237643717111494,0.7537544590718701,0.8065604733907046,0.05605199131130011
267,500,461,3035,0.14907119849998599,0.26265295404598643,1.0,0.12757531749617906,0.41237643717111494,0.7539694880422558,0.8065604733907046,0.05627365960506285
268,500,430,3035,0.14907119849998599,0.2613390110674382,1.0,0.12665958600248514,0.41237643717111494,0.7546001597062366,0.8077260336530806,0.05589934707210752
269,500,447,3035,0.14907119849998599,0.2616165471912013,1.0,0.12750649175894987,0.41237643717111494,0.7545064065942214,0.8077260336530806,0.056299126058247904
270,500,420,3035,0.14907119849998599,0.26194213007978084,1.0,0.12708609717479255,0.41237643717111494,0.754402866078007,0.8077260336530806,0.0561339720056519
271,500,394,3035,0.14907119849998599,0.2617493976783151,1.0,0.12750922009439564,0.41237643717111494,0.7545620113171014,0.8077260336530806,0.05626741608824848
272,500,423,3035,0.14907119849998599,0.25944202650337456,1.0,0.12504769726547585,0.41237643717111494,0.7556066835524171,0.8077260336530806,0.05529833415195731
273,500,406,3035,0.14907119849998599,0.26148772369136863,1.0,0.12755435459968778,0.41237643717111494,0.754818024152705,0.8077260336530806,0.05638482035093874
274,500,411,3035,0.14907119849998599,0.2607619347598482,1.0,0.12634962854280452,0.41237643717111494,0.755168280770731,0.8077260336530806,0.05590570635323888
275,500,410,3035,0.14907119849998599,0.2602371826451554,1.0,0.1267042892694018,0.41237643717111494,0.7554213227421581,0.8077260336530806,0.056084369233581934
276,500,381,3035,0.14907119849998599,0.2595223719645102,1.0,0.1264519912198728,0.41237643717111494,0.7557732698966502,0.8077260336530806,0.0559592940246308
277,500,438,3035,0.14907119849998599,0.2583447523102259,1.0,0.12488664363750668,0.41237643717111494,0.7563236973004892,0.8077260336530806,0.05532312712942027
278,500,463,3035,0.14907119849998599,0.2597420289098848,1.0,0.12565392229928649,0.41237643717111494,0.7556699560767933,0.8077260336530806,0.05590870615600287
279,500,432,3035,0.15249857033260467,0.2600709418040263,1.0,0.1257238259507819,0.41237643717111494,0.7556042904728942,0.8077260336530806,0.055760420383609274
280,500,445,3035,0.15249857033260467,0.2593668396227489,1.0,0.12564388826046138,0.41237643717111494,0.7560282032946064,0.808256110452125,0.05572477812586659
281,500,434,3035,0.15249857033260467,0.25996996132876626,1.0,0.1271553520574897,0.41237643717111494,0.755760195091304,0.808256110452125,0.05665677306210745
282,500,447,3035,0.15075567228888181,0.26027804646999914,1.0,0.12727520425599098,0.41237643717111494,0.7557043860564476,0.808256110452125,0.056465133014959
283,500,433,3035,0.15075567228888181,0.259939786026125,1.0,0.12702790068839193,0.41237643717111494,0.7559372653024395,0.808256110452125,0.05634912536164849
284,500,456,3035,0.15075567228888181,0.25968027300213115,1.0,0.12624421726484314,0.41237643717111494,0.7560666538159385,0.808256110452125,0.05604392473890153
285,500,406,3035,0.15075567228888181,0.2594636287695737,1.0,0.12609523860651378,0.41237643717111494,0.7561863851748679,0.808256110452125,0.05598270662425858
286,500,398,3035,0.15075567228888181,0.2587651401141515,1.0,0.12572764477499335,0.41237643717111494,0.7565541919879486,0.808256110452125,0.055797141553499956
287,500,431,3035,0.15075567228888181,0.2592146453983037,1.0,0.12542765959239807,0.41237643717111494,0.7562846299070206,0.808256110452125,0.055803525264507874
288,500,403,3035,0.15075567228888181,0.2597981835881318,1.0,0.12672025040572668,0.41237643717111494,0.7561166869143607,0.808256110452125,0.05631126424891899
289,500,434,3035,0.14744195615489714,0.25777235192521736,1.0,0.12507304196076893,0.41237643717111494,0.7570940035760325,0.808256110452125,0.055587156322468724
290,500,399,3035,0.14744195615489714,0.2577455825209492,1.0,0.12509293506790536,0.41237643717111494,0.757131633985546,0.808256110452125,0.05561577175516513
291,500,445,3035,0.14586499149789456,0.25864639620028423,1.0,0.12526040251512358,0.41237643717111494,0.7567322733426561,0.808256110452125,0.05574901564092581
292,500,443,3035,0.14586499149789456,0.257676738334728,1.0,0.12515023907667686,0.41237643717111494,0.7572486004975774,0.808256110452125,0.055674576815363516
293,500,428,3035,0.14586499149789456,0.2576234394931208,1.0,0.12518953251125933,0.41237643717111494,0.7573217515617462,0.808256110452125,0.0557287789778968
294,500,418,3035,0.14586499149789456,0.25761995369703333,1.0,0.12519248380529596,0.41237643717111494,0.7573467158815946,0.808256110452125,0.05573780649979428
295,500,440,3035,0.14285714285714285,0.2574852702070557,1.0,0.1252812191606619,0.41237643717111494,0.7574353154342895,0.8091807848474777,0.05579671998566731
296,500,409,3035,0.14285714285714285,0.2575056011363126,1.0,0.1252734998154034,0.41237643717111494,0.7574371697654542,0.8091807848474777,0.05579756309430005
297,500,436,3035,0.1414213562373095,0.2575142869896387,1.0,0.12526828544310245,0.41237643717111494,0.757472827125674,0.8091807848474777,0.05581316569046639
298,500,461,3035,0.1414213562373095,0.2574608367077658,1.0,0.125314139926655,0.41237643717111494,0.7575207774751161,0.8091807848474777,0.055848120786699394
299,500,434,3035,0.1414213562373095,0.2574019011143606,1.0,0.12535869559376847,0.41237643717111494,0.7575627012343283,0.8091807848474777,0.055879346853464386
300,500,441,3035,0.1414213562373095,0.2574404046923969,1.0,0.12534856336524267,0.41237643717111494,0.7575715364920192,0.8092537391992146,0.05589125316884603
301,500,419,3035,0.1414213562373095,0.25744204499971196,1.0,0.1253462281740508,0.41237643717111494,0.7576092725569142,0.8092537391992146,0.05591794756690838
302,500,429,3035,0.1414213562373095,0.25750474422232567,1.0,0.1253001928436077,0.41237643717111494,0.7576199449811646,0.8092537391992146,0.05591990419766294
303,500,465,3035,0.1414213562373095,0.2581842793603995,1.0,0.12541577081010222,0.41237643717111494,0.7572975567083614,0.8092537391992146,0.0560156553077061
304,500,426,3035,0.1414213562373095,0.25738075157518886,1.0,0.12539278637663454,0.41237643717111494,0.7577511157827491,0.8092537391992146,0.05600947849636189
305,500,449,3035,0.1414213562373095,0.25743513789906924,1.0,0.12535753524668256,0.41237643717111494,0.7577875265228429,0.8092537391992146,0.056027647948066486
306,500,458,3035,0.14002800840280097,0.2574190807745285,1.0,0.12537289008266156,0.41237643717111494,0.7578336585066862,0.8108095912997664,0.056064761903019594
307,500,434,3035,0.14002800840280097,0.25747014826187375,1.0,0.1253399103881459,0.41237643717111494,0.7578370007512565,0.8108095912997664,0.056064867755836814
308,500,454,3035,0.14002800840280097,0.25742866243616647,1.0,0.12537178771345933,0.41237643717111494,0.75789216039265,0.8108095912997664,0.056089868537933546
309,500,436,3035,0.14002800840280097,0.25726624084426986,1.0,0.1254949305613544,0.41237643717111494,0.7579728626907388,0.8108095912997664,0.056153031974406534
310,500,430,3035,0.14002800840280097,0.2567837941184019,1.0,0.12549110605645428,0.41237643717111494,0.7582130457561186,0.8108095912997664,0.056142845719092144
311,500,434,3035,0.13736056394868904,0.2573204766588732,1.0,0.12546330997757785,0.41237643717111494,0.7580078496388333,0.8108095912997664,0.05617449585181996
312,500,442,3035,0.13736056394868904,0.25735634851301215,1.0,0.12543213417995536,0.41237643717111494,0.7580363936587514,0.8108095912997664,0.05619264710542275
313,500,475,3035,0.13736056394868904,0.2574399273874386,1.0,0.12537114923578613,0.41237643717111494,0.7580332994689545,0.8108095912997664,0.05618437340066603
314,500,455,3035,0.13736056394868904,0.25742717221120265,1.0,0.12538417523445722,0.41237643717111494,0.758070988709609,0.8108095912997664,0.0562115635475865
315,500,487,3035,0.13736056394868904,0.25751278108340586,1.0,0.1253207889791443,0.41237643717111494,0.758099341072728,0.8108095912997664,0.056217728676783464
316,500,463,3035,0.13736056394868904,0.25736872740913197,1.0,0.1254433915076071,0.41237643717111494,0.758150376525367,0.8108095912997664,0.056257571117534017
317,500,435,3035,0.13736056394868904,0.2571083313061548,1.0,0.12564624127042487,0.41237643717111494,0.7582521133386322,0.8108095912997664,0.056326885566617704
318,500,465,3035,0.13608276348795434,0.2572125614981514,1.0,0.12557539180151944,0.41237643717111494,0.7582333870619582,0.8108095912997664,0.056306754605223996
319,500,451,3035,0.13608276348795434,0.2570601213407744,1.0,0.12568511363260085,0.41237643717111494,0.7583399103438859,0.8108095912997664,0.05637631006951893
320,500,462,3035,0.13608276348795434,0.2569743626773389,1.0,0.1257562170665794,0.41237643717111494,0.7583947699836291,0.8114402535320973,0.0564144462053926
321,500,467,3035,0.13608276348795434,0.25684011340622226,1.0,0.12585526669045966,0.41237643717111494,0.7584628736238506,0.8114402535320973,0.056462261410824215
322,500,461,3035,0.13483997249264842,0.25576887988252783,1.0,0.12627823094436672,0.41237643717111494,0.7590117454383667,0.8115000176466562,0.056623035230411366
323,500,456,3035,0.13483997249264842,0.2559340424937086,1.0,0.12626760731193762,0.41237643717111494,0.758965218132968,0.8115000176466562,0.056655215851006864
324,500,444,3035,0.13483997249264842,0.2557784949220519,1.0,0.12639503017658435,0.41237643717111494,0.759068477253423,0.8115000176466562,0.056740303115710086
325,500,415,3035,0.13483997249264842,0.2560671395414619,1.0,0.12606906550647773,0.41237643717111494,0.7589083434172953,0.8115000176466562,0.05661527801075006
326,500,440,3035,0.13483997249264842,0.25566141493304334,1.0,0.12626872442994375,0.41237643717111494,0.759152234190245,0.8115000176466562,0.05669303483591069
327,500,447,3035,0.13483997249264842,0.2562496537090856,1.0,0.12631227917808444,0.41237643717111494,0.7588438670313377,0.8115000176466562,0.056744326542417386
328,500,418,3035,0.13483997249264842,0.25529624768859027,1.0,0.12657114766819025,0.41237643717111494,0.7593925803023681,0.8115000176466562,0.05681196053998988
329,500,453,3035,0.13483997249264842,0.2539453935758774,1.0,0.12671115576598016,0.41237643717111494,0.7600161885370391,0.8115000176466562,0.05684788073723423
330,500,462,3035,0.13483997249264842,0.2526431507635939,1.0,0.12630677816921657,0.41237643717111494,0.7605591917004579,0.8115000176466562,0.056743162672044885
331,500,467,3035,0.13483997249264842,0.2543990170282998,1.0,0.12675693648949146,0.41237643717111494,0.7598142296916441,0.8115000176466562,0.057048273792466644
332,500,456,3035,0.13483997249264842,0.254714909881767,1.0,0.12691845202653715,0.41237643717111494,0.7597251989753758,0.8115000176466562,0.05714289826321244
333,500,433,3035,0.13483997249264842,0.25285868211163715,1.0,0.1266675608866495,0.41237643717111494,0.7606161461961128,0.8115000176466562,0.05704531008198285
334,500,452,3035,0.13483997249264842,0.2539261548428664,1.0,0.12740212278465257,0.41237643717111494,0.7600833625354261,0.8115000176466562,0.05752470050386163
335,500,447,3035,0.13483997249264842,0.2514437994385318,1.0,0.12614400350698565,0.41237643717111494,0.7613033359935468,0.8115000176466562,0.05697048541007802
336,500,451,3035,0.1336306209562122,0.2524164550102411,1.0,0.12780586108524516,0.41237643717111494,0.7608497127600115,0.8115000176466562,0.057685865173991345
337,500,428,3035,0.1336306209562122,0.25222683413357294,1.0,0.12592892044024606,0.41237643717111494,0.7609493414678684,0.8117303816284361,0.05687118777560498
338,500,459,3035,0.1336306209562122,0.2517855868064205,1.0,0.12546706804026703,0.41237643717111494,0.7611554143736005,0.8117303816284361,0.056645761442570684
339,500,448,3035,0.1336306209562122,0.25266743935114533,1.0,0.12703229311811579,0.41237643717111494,0.7607980635845326,0.8117303816284361,0.057347791712950964
340,500,487,3035,0.1336306209562122,0.2499183847312857,1.0,0.1247561660625014,0.41237643717111494,0.7621626197577922,0.8117303816284361,0.05635880358188108
341,500,454,3035,0.13483997249264842,0.24890812705566748,1.0,0.12495845754026265,0.41237643717111494,0.7627905943481388,0.8117303816284361,0.05641859287472324
342,500,462,3035,0.13483997249264842,0.24782283861934787,1.0,0.12469178773916513,0.41237643717111494,0.7633264236378859,0.8117303816284361,0.056258379263944475
343,500,448,3035,0.13608276348795434,0.2493334614628775,1.0,0.12533086134993657,0.41237643717111494,0.7626798844967123,0.8117417047705561,0.05660417891640813
344,500,452,3035,0.13608276348795434,0.2478755376043067,1.0,0.12464893227913246,0.41237643717111494,0.763386620726854,0.8123486548804655,0.05629692774553079
345,500,471,3035,0.13608276348795434,0.24790587149931087,1.0,0.12462520860959939,0.41237643717111494,0.7634242187158743,0.8123486548804655,0.05632009534038844
346,500,485,3035,0.13736056394868904,0.24804716193518597,1.0,0.1245152786872733,0.41237643717111494,0.7634390340642093,0.8126984069931842,0.05632282878293298
347,500,452,3035,0.13483997249264842,0.24805336501178007,1.0,0.12451016033481749,0.41237643717111494,0.763483338706987,0.8131678288301124,0.056340778371912745
348,500,439,3035,0.13736056394868904,0.24814848688195604,1.0,0.12443192694501534,0.41237643717111494,0.7634905450511249,0.8131678288301124,0.056342833271141986
349,500,447,3035,0.13736056394868904,0.24849427522100473,1.0,0.12448633349084313,0.41237643717111494,0.7633182709646151,0.8131678288301124,0.0564045494263781
350,500,459,3035,0.13736056394868904,0.24807651156766797,1.0,0.12448368283853588,0.41237643717111494,0.7635801317177331,0.8131678288301124,0.056396511797204195
351,500,480,3035,0.13736056394868904,0.24809796689544011,1.0,0.12446598156186141,0.41237643717111494,0.7635950319606695,0.8131678288301124,0.0564048926910733
352,500,478,3035,0.13736056394868904,0.24814024353835482,1.0,0.12444805779100492,0.41237643717111494,0.7635966150676993,0.8131678288301124,0.056403846107398146
353,500,422,3035,0.13736056394868904,0.24787638614263166,1.0,0.12463444127111115,0.41237643717111494,0.7637104820978705,0.8131678288301124,0.056481699922067044
354,500,460,3035,0.13736056394868904,0.24791737296903393,1.0,0.12460001239710897,0.41237643717111494,0.7637234858474694,0.8131678288301124,0.05648818842735008
355,500,463,3035,0.13736056394868904,0.24796659782880476,1.0,0.1245596909926618,0.41237643717111494,0.7637678076452319,0.8131678288301124,0.05648631881992941
356,500,458,3035,0.13736056394868904,0.24794076705894258,1.0,0.12456817627747149,0.41237643717111494,0.7638386654879387,0.8131678288301124,0.05652929670902823
357,500,454,3035,0.13736056394868904,0.24776408460892993,1.0,0.12469031184079749,0.41237643717111494,0.7639238423089761,0.8131678288301124,0.05658453588145962
358,500,456,3035,0.13736056394868904,0.24983967881630026,1.0,0.1264747422729602,0.41237643717111494,0.7629735252124826,0.8131678288301124,0.05743195290407522
359,500,490,3035,0.13736056394868904,0.24780581845982227,1.0,0.12466744984931132,0.41237643717111494,0.7640000803861763,0.8131678288301124,0.05663176739035031
360,500,467,3035,0.13736056394868904,0.24899371259547204,1.0,0.12434680232048005,0.41237643717111494,0.7634185659799338,0.8135937219131956,0.056606464746957345
361,500,474,3035,0.13736056394868904,0.24787346511379288,1.0,0.12460454206108962,0.41237643717111494,0.7640677875830002,0.8135937219131956,0.05667126923751588
362,500,435,3035,0.13736056394868904,0.24788513907998308,1.0,0.12459471071552293,0.41237643717111494,0.7640881390251285,0.8135937219131956,0.05668313722177917
363,500,464,3035,0.13736056394868904,0.24777698395349,1.0,0.12467122307788289,0.41237643717111494,0.7641361088582328,0.8135937219131956,0.05671795081971528
364,500,450,3035,0.13736056394868904,0.24779683199132585,1.0,0.12465684173530989,0.41237643717111494,0.7641591078129846,0.8135937219131956,0.05673113474822505
365,500,448,3035,0.1386750490563073,0.24779228302046688,1.0,0.12466002191054475,0.41237643717111494,0.7641897375633434,0.8135937219131956,0.05674876960790073
366,500,461,3035,0.1386750490563073,0.2477803684425955,1.0,0.1246699273191713,0.41237643717111494,0.7642340084526938,0.8135937219131956,0.05677592276147187
367,500,437,3035,0.1386750490563073,0.24765070399367703,1.0,0.12474962698705339,0.41237643717111494,0.7643281435088713,0.8135937219131956,0.05684092904162373
368,500,471,3035,0.1386750490563073,0.24761616197178113,1.0,0.12477624464450757,0.41237643717111494,0.7643594001488088,0.8135937219131956,0.05685729176379307
369,500,480,3035,0.13483997249264842,0.24811380616111853,1.0,0.12535041555305876,0.41237643717111494,0.7641065437256763,0.8135937219131956,0.057157313068244654
370,500,434,3035,0.13483997249264842,0.24740853309481087,1.0,0.12492369256750853,0.41237643717111494,0.7644679490976194,0.8135937219131956,0.056916131530591614
371,500,459,3035,0.13483997249264842,0.2473604445289758,1.0,0.12496206894414282,0.41237643717111494,0.7645000569404815,0.8135937219131956,0.0569345632167843
372,500,480,3035,0.13483997249264842,0.24752844187716108,1.0,0.12485004681357513,0.41237643717111494,0.7644832860443445,0.8135937219131956,0.05691902089579028
373,500,478,3035,0.13736056394868904,0.24764685578830045,1.0,0.1247735736933253,0.41237643717111494,0.7644716606790098,0.8135937219131956,0.05690549436149638
374,500,449,3035,0.13736056394868904,0.24749381182099917,1.0,0.12488231812786917,0.41237643717111494,0.7645571597466548,0.8135937219131956,0.056954133393048764
375,500,457,3035,0.13736056394868904,0.2476084769399048,1.0,0.12480402727650967,0.41237643717111494,0.7645615765290745,0.814338252200497,0.0569493766193509
376,500,458,3035,0.13736056394868904,0.24743464433911175,1.0,0.12492377774865847,0.41237643717111494,0.7646512433509728,0.814338252200497,0.05701383354782946
377,500,468,3035,0.13736056394868904,0.24753079301961112,1.0,0.12485791465327743,0.41237643717111494,0.7646438243143309,0.814338252200497,0.05700481619018699
378,500,473,3035,0.13736056394868904,0.2474905435190562,1.0,0.1248813351191573,0.41237643717111494,0.7646959552909761,0.814338252200497,0.057035010334206056
379,500,449,3035,0.13736056394868904,0.24753024187512238,1.0,0.12485029167366964,0.41237643717111494,0.7647120503339773,0.8153714665774414,0.05704805369885557
380,500,462,3035,0.13736056394868904,0.2477045164615014,1.0,0.1247233583894054,0.41237643717111494,0.7647003191208515,0.8153714665774414,0.05703755380488247
381,500,472,3035,0.13736056394868904,0.24753968838733956,1.0,0.1248353919498384,0.41237643717111494,0.7647546986510408,0.8153714665774414,0.05707601817000884
382,500,490,3035,0.13736056394868904,0.24745796664929134,1.0,0.12489155382620028,0.41237643717111494,0.7647914771236431,0.8153714665774414,0.05709690256049015
383,500,461,3035,0.13736056394868904,0.24749932433492766,1.0,0.12485977705358003,0.41237643717111494,0.7648313709844086,0.8153714665774414,0.057121003948739195
384,500,469,3035,0.13736056394868904,0.24730498773563914,1.0,0.12499983109584539,0.41237643717111494,0.7649038405417234,0.8153714665774414,0.05717463173044203
385,500,497,3035,0.13608276348795434,0.24613840826533043,1.0,0.1242281287086007,0.41237643717111494,0.7654736355785812,0.8153714665774414,0.05686488516771767
386,500,450,3035,0.13608276348795434,0.2474149238108026,1.0,0.1249279997622794,0.41237643717111494,0.7649048405483254,0.8153714665774414,0.057270595475796264
387,500,471,3035,0.13736056394868904,0.24733386382563155,1.0,0.1249424835410163,0.41237643717111494,0.7650438852903133,0.8153714665774414,0.05722270658694586
388,500,452,3035,0.13736056394868904,0.24706314831831597,1.0,0.12497325410294913,0.41237643717111494,0.765201264295758,0.8153714665774414,0.05721905750269497
389,500,461,3035,0.13736056394868904,0.24684314736973112,1.0,0.12508558987281987,0.41237643717111494,0.765332695601449,0.8153714665774414,0.057268413806462685
390,500,463,3035,0.13736056394868904,0.24712043068266104,1.0,0.12507240982595794,0.41237643717111494,0.7651912825777107,0.8153714665774414,0.057296275122698234
391,500,493,3035,0.13736056394868904,0.24729213497277183,1.0,0.1250042036865211,0.41237643717111494,0.7650944336472445,0.8153714665774414,0.05726829810614322
392,500,485,3035,0.13736056394868904,0.24621320921624568,1.0,0.12425611593053296,0.41237643717111494,0.7656132870898577,0.8153714665774414,0.0569739702239156
393,500,473,3035,0.13736056394868904,0.24701925310768758,1.0,0.12509020048435454,0.41237643717111494,0.7652692468034995,0.8153714665774414,0.05733750851588192
394,500,490,3035,0.13736056394868904,0.24692699827134806,1.0,0.1252050385100085,0.41237643717111494,0.7652985950954994,0.8153714665774414,0.05741533828464872
395,500,470,3035,0.13736056394868904,0.24600950390639942,1.0,0.12519605848405546,0.41237643717111494,0.765815199892433,0.8153714665774414,0.05733000391927601
396,500,492,3035,0.13736056394868904,0.24693685630770187,1.0,0.12518172833975522,0.41237643717111494,0.7653238258205836,0.8153714665774414,0.0573959089066867
397,500,481,3035,0.13736056394868904,0.24656118399892882,1.0,0.12540461482331167,0.41237643717111494,0.7655447609791711,0.8153714665774414,0.05746368187035659
398,500,485,3035,0.13736056394868904,0.24581737278128107,1.0,0.12552995419700538,0.41237643717111494,0.7659621468339028,0.8153714665774414,0.057474509026704805
399,500,475,3035,0.13736056394868904,0.24623721943450816,1.0,0.12553421406486315,0.41237643717111494,0.765752060115366,0.8153714665774414,0.05752803567025196
400,500,476,3035,0.13736056394868904,0.24643640264639463,1.0,0.1254730283411647,0.41237643717111494,0.7656182269475931,0.8153714665774414,0.05749705867515495
401,500,474,3035,0.13608276348795434,0.2466581315572385,1.0,0.12536767435979723,0.41237643717111494,0.7655124308069305,0.8153714665774414,0.057456177651462596
402,500,469,3035,0.13608276348795434,0.24646728733933748,1.0,0.12518836273096182,0.41237643717111494,0.7656251261195344,0.8153714665774414,0.05736181026030283
403,500,484,3035,0.13608276348795434,0.2462331786909609,1.0,0.12556737276314278,0.41237643717111494,0.7658145041566038,0.8153714665774414,0.0575995359698584
404,500,464,3035,0.13608276348795434,0.2451607246812329,1.0,0.12521471828424066,0.41237643717111494,0.7663578012640769,0.8153714665774414,0.05741978807956007
405,500,473,3035,0.13608276348795434,0.24420216511617124,1.0,0.12407948542447678,0.41237643717111494,0.7668179341705363,0.8153714665774414,0.05705732124777702
406,500,499,3035,0.13608276348795434,0.24476515361470633,1.0,0.12548721847068248,0.41237643717111494,0.7666142444654954,0.8153714665774414,0.05763948301064912
407,500,480,3035,0.13608276348795434,0.24586682722923242,1.0,0.12555030094616187,0.41237643717111494,0.7660447633948942,0.8154948760794171,0.0577311046185205
408,500,491,3035,0.13483997249264842,0.24632054379070173,1.0,0.1254710191544587,0.41237643717111494,0.7658714484697016,0.8154948760794171,0.05771382219153993
409,500,495,3035,0.13483997249264842,0.24678865166227532,1.0,0.12524165325595674,0.41237643717111494,0.7656412970717338,0.8154948760794171,0.05761327596098431
410,500,486,3035,0.13483997249264842,0.24628400989515523,1.0,0.12556886315902954,0.41237643717111494,0.7659032680445782,0.8154948760794171,0.057779183611256696
411,500,481,3035,0.13483997249264842,0.24525168501165467,1.0,0.12561325709838392,0.41237643717111494,0.7664752125088528,0.8154948760794171,0.057752406933405886
412,500,468,3035,0.13483997249264842,0.24549808097736747,1.0,0.12590774870101595,0.41237643717111494,0.7663612620675772,0.8154948760794171,0.05794114859313552
413,500,490,3035,0.13483997249264842,0.24509537293713538,1.0,0.12584784170342647,0.41237643717111494,0.7666887935113359,0.8154948760794171,0.05788614246142223
414,500,495,3035,0.13483997249264842,0.2450276553738513,1.0,0.12600177555437392,0.41237643717111494,0.7666778047818505,0.8154948760794171,0.05798816941887141
415,500,486,3035,0.13483997249264842,0.24267858332933998,1.0,0.12354613991078238,0.41237643717111494,0.7677817071364286,0.8154948760794171,0.05696000397495613
416,500,495,3035,0.13608276348795434,0.24461871303173097,1.0,0.12582895312556322,0.41237643717111494,0.7669114137669337,0.8154948760794171,0.05789042949967656
417,500,487,3035,0.13608276348795434,0.24522634842794225,1.0,0.12550856283330966,0.41237643717111494,0.7667076580271776,0.8157621829008918,0.05773296156003382
418,500,497,3035,0.13608276348795434,0.2464856764073143,1.0,0.12550443227066557,0.41237643717111494,0.7659292358637105,0.8167780064882594,0.0578314742569383
419,500,494,3035,0.13608276348795434,0.24581958905675502,1.0,0.1253770448000062,0.41237643717111494,0.7663033170712735,0.8167780064882594,0.05772564697943718
420,500,459,3035,0.13483997249264842,0.24627103666848107,1.0,0.12560140349265597,0.41237643717111494,0.7661158773500334,0.8167780064882594,0.05786199574920766
421,500,486,3035,0.13483997249264842,0.245611252814998,1.0,0.12569003516378718,0.41237643717111494,0.7664955403153061,0.8167780064882594,0.05785921254359068
422,500,467,3035,0.13483997249264842,0.2451418438600076,1.0,0.12556188838801113,0.41237643717111494,0.766726271863921,0.8167780064882594,0.0578410358257806
423,500,493,3035,0.13483997249264842,0.24611141570326872,1.0,0.12571624695890599,0.41237643717111494,0.7662154902115699,0.8167780064882594,0.05795586489241343
424,500,469,3035,0.13483997249264842,0.2466892870710521,1.0,0.1253532062353383,0.41237643717111494,0.7660493814213426,0.8167780064882594,0.05784447473845377
425,500,476,3035,0.1336306209562122,0.24676092627748336,1.0,0.125350680359138,0.41237643717111494,0.7660150044147185,0.8167780064882594,0.057820685679339165
426,500,485,3035,0.1336306209562122,0.24650190014969778,1.0,0.12550515425434777,0.41237643717111494,0.7661472594082878,0.8167780064882594,0.05788285848599928
427,500,514,3035,0.1336306209562122,0.24617128604526203,1.0,0.1254754837339766,0.41237643717111494,0.7664633670521273,0.8167780064882594,0.05788895081423891
428,500,486,3035,0.1336306209562122,0.24575593487172354,1.0,0.12443840465959155,0.41237643717111494,0.7666580623343775,0.8167780064882594,0.057474911597821365
429,500,484,3035,0.1336306209562122,0.24727680518153897,1.0,0.12503356197457147,0.41237643717111494,0.7659057851215756,0.8167780064882594,0.05777744810353466
430,500,499,3035,0.1336306209562122,0.24719220892730095,1.0,0.1250880492594697,0.41237643717111494,0.7659631346220146,0.8167780064882594,0.057806574146261246
431,500,484,3035,0.13018891098082386,0.24635059457900496,1.0,0.1253723122076901,0.41237643717111494,0.7664341402543228,0.8167780064882594,0.057886236599603104
432,500,482,3035,0.1336306209562122,0.24590331324893108,1.0,0.12557025954236622,0.41237643717111494,0.7666853549359693,0.8167780064882594,0.05797561169603966
433,500,474,3035,0.1336306209562122,0.2467972951829302,1.0,0.12524966368440044,0.41237643717111494,0.766288111043287,0.8169054373612719,0.05785235864508138
434,500,471,3035,0.1336306209562122,0.2465751546533053,1.0,0.12520098621246983,0.41237643717111494,0.7664468588090341,0.8169054373612719,0.05773566865652463
435,500,476,3035,0.1336306209562122,0.24696889198299352,1.0,0.12516481067560056,0.41237643717111494,0.7662662160330211,0.8169054373612719,0.05776684369041409
436,500,508,3035,0.13245323570650439,0.24714546161939552,1.0,0.12511899879591623,0.41237643717111494,0.7661714563852106,0.8169054373612719,0.05776362691949573
437,500,477,3035,0.13245323570650439,0.24724860597112108,1.0,0.12503168300578918,0.41237643717111494,0.7662025978283195,0.8169054373612719,0.05775710277720095
438,500,494,3035,0.13245323570650439,0.24685743631505214,1.0,0.12506448766179368,0.41237643717111494,0.7664352969389613,0.8169054373612719,0.057753559684701146
439,500,495,3035,0.13245323570650439,0.2465575676629859,1.0,0.125273683478393,0.41237643717111494,0.7666163401887804,0.8169054373612719,0.057864027078775526
440,500,488,3035,0.13245323570650439,0.2468393421504343,1.0,0.1251240991739973,0.41237643717111494,0.7665207658792117,0.8169054373612719,0.05781331789320793
441,500,476,3035,0.13245323570650439,0.24691394305829448,1.0,0.12510292587506608,0.41237643717111494,0.7665053807676714,0.8169054373612719,0.05782797223441372
442,500,487,3035,0.1336306209562122,0.24703773553934824,1.0,0.12500744731161115,0.41237643717111494,0.7664884076846873,0.8175190799879778,0.05781455700997186
443,500,442,3035,0.1336306209562122,0.24719365819028868,1.0,0.12490993263801511,0.41237643717111494,0.7664377149873604,0.8175190799879778,0.05778964034364635
444,500,471,3035,0.1336306209562122,0.2474585206807465,1.0,0.12488719241604879,0.41237643717111494,0.7662873486015324,0.8175190799879778,0.057804949161563694
445,500,489,3035,0.1336306209562122,0.24737113506092526,1.0,0.12494697387574631,0.41237643717111494,0.7663436891535623,0.8175190799879778,0.05783691915577241
446,500,468,3035,0.1336306209562122,0.2471627769462314,1.0,0.12505493751204455,0.41237643717111494,0.7664741561350448,0.8175190799879778,0.05790612214658775
447,500,478,3035,0.1336306209562122,0.24733595955227702,1.0,0.12492132002650734,0.41237643717111494,0.7664457620125742,0.8175190799879778,0.05788132984908787
448,500,460,3035,0.1336306209562122,0.24755199814197715,1.0,0.12482427875043668,0.41237643717111494,0.7663547038092338,0.8175190799879778,0.05783162024360254
449,500,492,3035,0.1336306209562122,0.24748621567842322,1.0,0.12487610145637766,0.41237643717111494,0.7664030261223113,0.8175190799879778,0.05786877531754659
450,500,478,3035,0.1336306209562122,0.24752723951215494,1.0,0.12484582772220798,0.41237643717111494,0.766415097919461,0.8175190799879778,0.05787392171584655
451,500,477,3035,0.1336306209562122,0.2474732369178313,1.0,0.12488788857710093,0.41237643717111494,0.7664380002340916,0.8175190799879778,0.05789227253864991
452,500,459,3035,0.1336306209562122,0.24740548709283894,1.0,0.12493722562440979,0.41237643717111494,0.7664619578935399,0.8175190799879778,0.05791093538581791
453,500,504,3035,0.1336306209562122,0.24740021469084383,1.0,0.12494301468165563,0.41237643717111494,0.7664802255709506,0.8175190799879778,0.05792309741412128
454,500,482,3035,0.1336306209562122,0.24729685015390498,1.0,0.12501396140972457,0.41237643717111494,0.7665457521178201,0.8175190799879778,0.05796546029433402
455,500,493,3035,0.1336306209562122,0.2472920999959577,1.0,0.12501909582907203,0.41237643717111494,0.7665625589610229,0.8175190799879778,0.05797542215203924
456,500,486,3035,0.1336306209562122,0.24729421906301827,1.0,0.1250121283732475,0.41237643717111494,0.7666057313952074,0.8176494144894346,0.057997483029763
457,500,463,3035,0.1336306209562122,0.24750321913780282,1.0,0.12486300244591092,0.41237643717111494,0.7665658326368788,0.8176883659192792,0.05796766207556269
458,500,471,3035,0.1336306209562122,0.24757387804667877,1.0,0.12481326163828092,0.41237643717111494,0.7665632198007868,0.8176883659192792,0.05795702453542881
459,500,491,3035,0.1336306209562122,0.24759904334522517,1.0,0.1247997084781894,0.41237643717111494,0.7665687673324634,0.8176883659192792,0.05794564299525159
460,500,479,3035,0.1336306209562122,0.24760008069926556,1.0,0.12479637846953517,0.41237643717111494,0.766574080048186,0.8176883659192792,0.057941922436039024
461,500,482,3035,0.13483997249264842,0.247818526919464,1.0,0.12462877650394816,0.41237643717111494,0.7665349784051675,0.8176883659192792,0.057910567645468224
462,500,501,3035,0.13483997249264842,0.24775534183311723,1.0,0.12467182603977407,0.41237643717111494,0.7665730216021496,0.8176883659192792,0.057933108430290446
463,500,457,3035,0.13483997249264842,0.2478250851464312,1.0,0.12462498868238261,0.41237643717111494,0.7665689596072687,0.8176883659192792,0.05792936210174438
464,500,430,3035,0.13483997249264842,0.24776670029366155,1.0,0.12466202440410683,0.41237643717111494,0.7666092249488843,0.8176883659192792,0.057946545923340864
465,500,461,3035,0.13483997249264842,0.24757413780485274,1.0,0.12479462310182873,0.41237643717111494,0.7666910937846674,0.8181758930058045,0.05800662361336306
466,500,489,3035,0.13483997249264842,0.2475924816587915,1.0,0.12478055974571302,0.41237643717111494,0.7667104667777366,0.8181758930058045,0.05801675708115874
467,500,451,3035,0.13483997249264842,0.2475310259926898,1.0,0.12483073101531897,0.41237643717111494,0.7667372732229287,0.8181758930058045,0.05803771912059261
468,500,504,3035,0.13483997249264842,0.24764107378820213,1.0,0.12475140455832945,0.41237643717111494,0.7667100136856613,0.8181758930058045,0.058017336758326
469,500,489,3035,0.13483997249264842,0.24717559776673134,1.0,0.12488902881808435,0.41237643717111494,0.7669503098306605,0.8181758930058045,0.058048527833442276
470,500,461,3035,0.13483997249264842,0.24687066213746442,1.0,0.1250086459607901,0.41237643717111494,0.7671268175426148,0.8181758930058045,0.05810241225333135
471,500,470,3035,0.13483997249264842,0.24647652155905653,1.0,0.12520674269176732,0.41237643717111494,0.7672866539786416,0.8181758930058045,0.05819933380469858
472,500,482,3035,0.13483997249264842,0.24634182645194155,1.0,0.12531492072525405,0.41237643717111494,0.7673843809037095,0.8184583509409337,0.05824532924676095
473,500,461,3035,0.13483997249264842,0.24585435882425474,1.0,0.12529264462711903,0.41237643717111494,0.7676698769679123,0.8184583509409337,0.05818344294383772
474,500,480,3035,0.13483997249264842,0.2458876001185784,1.0,0.12529413837884337,0.41237643717111494,0.7675597677358004,0.8184583509409337,0.058269338927719176
475,500,489,3035,0.13483997249264842,0.24615920235219352,1.0,0.125393248302596,0.41237643717111494,0.7674321874096315,0.8184583509409337,0.0583725141445906
476,500,505,3035,0.13483997249264842,0.2462171922202489,1.0,0.12543836398314276,0.41237643717111494,0.7674350569749715,0.8184583509409337,0.058397316452255474
477,500,491,3035,0.13483997249264842,0.24504142831289055,1.0,0.12533220783080432,0.41237643717111494,0.7681098795175313,0.8184583509409337,0.05824410331767271
478,500,482,3035,0.13483997249264842,0.24346641582077397,1.0,0.12491292694973542,0.41237643717111494,0.768857361590306,0.8186970334213929,0.05816384003226342
479,500,490,3035,0.1336306209562122,0.24498852379585662,1.0,0.12580352251205795,0.41237643717111494,0.7680738071429217,0.8186970334213929,0.05855058463754959
480,500,459,3035,0.1336306209562122,0.24359454782692475,1.0,0.12473432376720978,0.41237643717111494,0.7687387469619967,0.8186970334213929,0.05808055806386149
481,500,477,3035,0.1336306209562122,0.2430154833234647,1.0,0.1236370098795171,0.41237643717111494,0.7689583171384324,0.8188850296658406,0.057875424441895924
482,500,503,3035,0.1336306209562122,0.24292368676117498,1.0,0.1251731726893183,0.41237643717111494,0.7691766651370183,0.8191719739373768,0.05828634659763545
483,500,454,3035,0.1336306209562122,0.245976616586631,1.0,0.12486020174477241,0.41237643717111494,0.7675303150531838,0.8191719739373768,0.05831832794895901
484,500,460,3035,0.1336306209562122,0.24648591746113793,1.0,0.12542245720773945,0.41237643717111494,0.7672420667823192,0.8191719739373768,0.0586841334153671
485,500,470,3035,0.1336306209562122,0.24584361329656151,1.0,0.12551582010769652,0.41237643717111494,0.7676923030432748,0.8191719739373768,0.05855439867412181
486,500,482,3035,0.1336306209562122,0.24468567740685046,1.0,0.1240416815197746,0.41237643717111494,0.7682452231450362,0.8191719739373768,0.05797387802624657
487,500,468,3035,0.1336306209562122,0.24633569805448763,1.0,0.12546827612303868,0.41237643717111494,0.7672823037372024,0.8191719739373768,0.059280037089658344
488,500,441,3035,0.13245323570650439,0.24692861661324367,1.0,0.1251683870392218,0.41237643717111494,0.7670879681820952,0.8191719739373768,0.05875859555721257
489,500,484,3035,0.13245323570650439,0.24686413013711486,1.0,0.12517468358716843,0.41237643717111494,0.7672721270956093,0.8191719739373768,0.05849664517090195
490,500,509,3035,0.13245323570650439,0.24573888269063685,1.0,0.12512419153034585,0.41237643717111494,0.767890428319245,0.8191719739373768,0.05832579479969801
491,500,469,3035,0.13245323570650439,0.24532506013182498,1.0,0.12521435660695387,0.41237643717111494,0.7680883644685041,0.8196099730105786,0.058403862534072856
492,500,483,3035,0.13245323570650439,0.24461052303853204,1.0,0.1240023437361315,0.41237643717111494,0.7684064073069602,0.8196099730105786,0.05806480307231007
493,500,478,3035,0.13245323570650439,0.24569347452782192,1.0,0.12553871927905397,0.41237643717111494,0.7679209838775877,0.8196099730105786,0.05865978132039555
494,500,459,3035,0.13245323570650439,0.24366274391985035,1.0,0.12511911107778842,0.41237643717111494,0.7690060556982256,0.8196099730105786,0.058493507865493614
495,500,459,3035,0.13245323570650439,0.24321755879809145,1.0,0.12534345016006665,0.41237643717111494,0.7692591730251758,0.8196099730105786,0.058513727349858685
496,500,469,3035,0.13245323570650439,0.24269896870721885,1.0,0.1250398993653163,0.41237643717111494,0.7695134906705539,0.8196099730105786,0.05843197191201904
497,500,460,3035,0.13245323570650439,0.2433211726513233,1.0,0.1258694651879564,0.41237643717111494,0.7693044400380514,0.8196099730105786,0.05879902677539089
498,500,441,3035,0.13245323570650439,0.24007720968494858,1.0,0.12280682803372707,0.41237643717111494,0.770875962084154,0.8196099730105786,0.05738296132935596
499,500,490,3035,0.13245323570650439,0.23953270811884805,1.0,0.1230101464219658,0.41237643717111494,0.771200169482185,0.8196099730105786,0.057457544424258725
