inner_cv_RF4_bal_acc,inner_cv_root_separation,inner_cv_root_leanness,train_RF4_bal_acc,train_root_separation,train_root_leanness,test_RF4_bal_acc,test_root_separation,test_root_leanness
0.8980085376380538,0.6145038985838267,0.18257418583505536,0.964852549133828,0.6146208815186051,0.18257418583505536,0.8393451115005187,0.6222704659356658,0.18257418583505536
0.8944326217412832,0.5996729078291294,0.19245008972987526,0.9753684051666232,0.5990936234242784,0.19245008972987526,0.781767192214298,0.6072595579153095,0.19245008972987526
0.892739560237856,0.5996729078291294,0.19245008972987526,0.9759387089439995,0.5967756519164676,0.19245008972987526,0.8085019269901302,0.6057508144488634,0.19245008972987526
0.8908415609867814,0.6386214434981852,0.22360679774997896,0.9581856629179102,0.6321868129731323,0.22360679774997896,0.8637241641532214,0.6521184771430185,0.22360679774997896
0.8899400616771258,0.6386214434981852,0.21320071635561044,0.9683056217138133,0.627422522370108,0.21320071635561044,0.864172283778624,0.6539472873494421,0.21320071635561044
0.8924553773050282,0.63390383863253,0.21320071635561044,0.9692683226494698,0.6215906422803524,0.21320071635561044,0.8606210114192241,0.6486445565798828,0.21320071635561044
0.8855432019280707,0.63390383863253,0.21320071635561044,0.9618897819932793,0.6299761540195657,0.21320071635561044,0.8547107532740672,0.6348171483051094,0.21320071635561044
0.882024512834971,0.5813296711871934,0.30151134457776363,0.9579017148564124,0.5811644525463582,0.30151134457776363,0.8337194251215116,0.5922085909144654,0.30151134457776363
0.8834149749465754,0.5813296711871934,0.30151134457776363,0.9537890486076676,0.5814897203727756,0.30151134457776363,0.8182192737970647,0.5851174708065243,0.30151134457776363
0.8864632200906115,0.6145038985838267,0.18257418583505536,0.9742641200661593,0.6105423346881991,0.18257418583505536,0.8727646317076493,0.614802234615012,0.18257418583505536
0.886345211724774,0.6145038985838267,0.1767766952966369,0.9759005919482135,0.6145068425673971,0.1767766952966369,0.8309929231866185,0.6233929715195307,0.1767766952966369
0.8810489913218541,0.5996729078291294,0.19245008972987526,0.9759387089439995,0.5972088270775964,0.19245008972987526,0.8069268430087195,0.607654449384834,0.19245008972987526
0.8737845520365491,0.5939899083678678,0.31622776601683794,0.9520162355037523,0.6008304639018778,0.31622776601683794,0.818924282834331,0.5948580871435383,0.31622776601683794
0.876523798015701,0.5813296711871934,0.3535533905932738,0.9539983590039095,0.5785324124009982,0.3535533905932738,0.8241832233038836,0.5916858721221903,0.3535533905932738
0.876589750460082,0.6162686393951905,0.3779644730092272,0.9344002741370236,0.6277077154900839,0.3779644730092272,0.8816912405501334,0.6154287327907907,0.3779644730092272
0.876589750460082,0.6162686393951905,0.3779644730092272,0.9344002741370236,0.6166462751892091,0.3779644730092272,0.8816912405501334,0.6162048605329068,0.3779644730092272
0.876589750460082,0.6162686393951905,0.3779644730092272,0.9344002741370236,0.6218224421891407,0.3779644730092272,0.8816912405501334,0.6222715039678038,0.3779644730092272
0.876589750460082,0.6162686393951905,0.3779644730092272,0.9344002741370236,0.6167305383197286,0.3779644730092272,0.8816912405501334,0.623555871714986,0.3779644730092272
0.8751395929148763,0.6417201873506252,0.21821789023599236,0.9573904013798793,0.6369116060074915,0.21821789023599236,0.8968576473234368,0.6531910331351547,0.21821789023599236
0.8690096071991511,0.5813296711871934,0.3333333333333333,0.9560791581224632,0.5771951654186261,0.3333333333333333,0.8195303473173335,0.5913632453351664,0.3333333333333333
0.8762455745657258,0.6386214434981852,0.22941573387056177,0.9637181296078142,0.6375234099817703,0.22941573387056177,0.8715544157306498,0.6531698123005948,0.22941573387056177
0.8709806178395897,0.5999857456640747,0.2773500981126146,0.9570745436276961,0.6121524135418649,0.2773500981126146,0.8410356473686997,0.6105433016158485,0.2773500981126146
0.8698780860955697,0.5813296711871934,0.31622776601683794,0.9493289095573186,0.5823624622380466,0.31622776601683794,0.8264745870199118,0.600451132336355,0.31622776601683794
0.8762130447921069,0.6145038985838267,0.17407765595569785,0.9810203010875946,0.6144080903037114,0.17407765595569785,0.8505904402608881,0.6238393776892354,0.17407765595569785
0.8724714701676688,0.5993460460732084,0.3535533905932738,0.9470660064577713,0.6076828460482359,0.3535533905932738,0.8312825668291303,0.5957357779925151,0.3535533905932738
0.870487255424181,0.63390383863253,0.21821789023599236,0.9652063001720236,0.6256108884872852,0.21821789023599236,0.8627826436975179,0.635942700508513,0.21821789023599236
0.870487255424181,0.63390383863253,0.21821789023599236,0.9652063001720236,0.6283469742293281,0.21821789023599236,0.8627826436975179,0.6342836284743714,0.21821789023599236
0.8688245653016593,0.5993460460732084,0.3779644730092272,0.938025202188603,0.6047901811137392,0.3779644730092272,0.8008266402239214,0.6035938505213628,0.3779644730092272
0.8688245653016593,0.5993460460732084,0.3779644730092272,0.938025202188603,0.6036907356532025,0.3779644730092272,0.8008266402239214,0.600057970491954,0.3779644730092272
0.8668457548613069,0.63390383863253,0.20851441405707477,0.9509500414852335,0.6315397400905012,0.20851441405707477,0.8645752693606438,0.6419247950029344,0.20851441405707477
0.8696001565031087,0.63390383863253,0.20851441405707477,0.960479509823945,0.6286927780434403,0.20851441405707477,0.8616777390137739,0.6391660033702186,0.20851441405707477
0.8661107846665689,0.6145038985838267,0.17149858514250885,0.9840357061416843,0.6200453945338125,0.17149858514250885,0.8611152145529553,0.6212467231219475,0.17149858514250885
0.8713671499161822,0.6386214434981852,0.21821789023599236,0.9753466490444801,0.6403779578931521,0.21821789023599236,0.8721342147954112,0.6528394426936789,0.21821789023599236
0.8609040382096832,0.6060209870269954,0.3333333333333333,0.9523685088327696,0.6028861694168983,0.3333333333333333,0.8066991936861584,0.6057967010711013,0.3333333333333333
0.862394221637015,0.5811714293663993,0.3535533905932738,0.9498365347674602,0.5819686927807823,0.3535533905932738,0.7771026741395642,0.5830883734790863,0.3535533905932738
0.862394221637015,0.5811714293663993,0.3535533905932738,0.9498365347674602,0.5818491893074699,0.3535533905932738,0.7771026741395642,0.5840150903517342,0.3535533905932738
0.862394221637015,0.5811714293663993,0.3535533905932738,0.9498365347674602,0.5854469898685708,0.3535533905932738,0.7771026741395642,0.5818345963644216,0.3535533905932738
0.862394221637015,0.5811714293663993,0.3535533905932738,0.9498365347674602,0.5829823345028959,0.3535533905932738,0.7771026741395642,0.58220165222419,0.3535533905932738
0.85980960300595,0.6217369169879468,0.23570226039551584,0.9548856807046422,0.6188784586713949,0.23570226039551584,0.8412978591830665,0.6303320001551808,0.23570226039551584
0.8567419474514929,0.594457414675153,0.28867513459481287,0.9608355139920539,0.5938719026523889,0.28867513459481287,0.837253929561089,0.5936752987773203,0.28867513459481287
0.8560316286028553,0.5958486023724651,0.14586499149789456,0.9920475356364651,0.5951604053261751,0.14586499149789456,0.877095343071931,0.5936521182243694,0.14586499149789456
0.8560316286028553,0.5958486023724651,0.14586499149789456,0.9920475356364651,0.5936600414503926,0.14586499149789456,0.877095343071931,0.5942107998051592,0.14586499149789456
0.8560316286028553,0.5958486023724651,0.14586499149789456,0.9920475356364651,0.5918510004029044,0.14586499149789456,0.877095343071931,0.594835104239924,0.14586499149789456
0.8562972317005972,0.6082806903305746,0.4472135954999579,0.9257560994537589,0.6084680430989948,0.4472135954999579,0.7916219453425444,0.6082762928326503,0.4472135954999579
0.8564290273112162,0.5996729078291294,0.18569533817705186,0.973332610950924,0.5981758749007363,0.18569533817705186,0.8164969605298144,0.6033764775313978,0.18569533817705186
0.8531481272383223,0.622121934834767,0.408248290463863,0.9345735371900562,0.6241262169717794,0.408248290463863,0.8867152384165542,0.634580419502162,0.408248290463863
0.8517815465610387,0.622121934834767,0.3535533905932738,0.9502986278255237,0.6211850124576096,0.3535533905932738,0.8805245951417003,0.6352406333323732,0.3535533905932738
0.8544685289722509,0.600461791389346,0.22360679774997896,0.971071509948811,0.5946544676443101,0.22360679774997896,0.8485206856918794,0.6098608268242536,0.22360679774997896
0.8571274381064007,0.6002424168844464,0.3333333333333333,0.9555247620276559,0.6009551319699721,0.3333333333333333,0.8343478693533276,0.6184431754067493,0.3333333333333333
0.8504907326434441,0.5818019210253611,0.3535533905932738,0.9382767133629485,0.5803831418685568,0.3535533905932738,0.8145364383101552,0.582234091964644,0.3535533905932738
0.8467784483980455,0.5989903910586772,0.408248290463863,0.8949646169041495,0.6031310511453654,0.408248290463863,0.8438280990661889,0.6224666413331786,0.408248290463863
0.849049668502645,0.5795686393582602,0.4472135954999579,0.9366604961415113,0.5852755543179515,0.4472135954999579,0.7959509272435742,0.5891153784034383,0.4472135954999579
0.8478936830311641,0.5693553962437087,0.408248290463863,0.9267082836286974,0.5724837818750317,0.408248290463863,0.7953642820607844,0.5796177913750987,0.408248290463863
0.8462830606547311,0.5818019210253611,0.3535533905932738,0.9439462655036202,0.5774860838954868,0.3535533905932738,0.8343781730018394,0.5821061152866428,0.3535533905932738
0.8467487745754694,0.64156778704159,0.24253562503633297,0.9692985821705762,0.6387809409235888,0.24253562503633297,0.8777389607186903,0.6522325600333074,0.24253562503633297
0.8467487745754694,0.64156778704159,0.24253562503633297,0.9692985821705762,0.6433486271596336,0.24253562503633297,0.8777389607186903,0.6574673847108652,0.24253562503633297
0.8467487745754694,0.64156778704159,0.24253562503633297,0.9692985821705762,0.6395854135830679,0.24253562503633297,0.8777389607186903,0.6515393569193084,0.24253562503633297
0.8467487745754694,0.64156778704159,0.24253562503633297,0.9692985821705762,0.6408977827312864,0.24253562503633297,0.8777389607186903,0.656364413540419,0.24253562503633297
0.845054335322347,0.5671455922128155,0.408248290463863,0.9181838016375165,0.5684610029273408,0.408248290463863,0.759550507223192,0.5757799664216918,0.408248290463863
0.8482164153147065,0.5813296711871934,0.3333333333333333,0.9622780615769065,0.5813875548352243,0.3333333333333333,0.8180211708708436,0.5957124161354029,0.3333333333333333
0.851566077105369,0.6035534174043725,0.2,0.9644711557579285,0.6048301855445554,0.2,0.887326274139615,0.6193898583386392,0.2
0.8473670070525186,0.5909720958636652,0.408248290463863,0.9258416536223433,0.5870390152143399,0.408248290463863,0.8189093190033739,0.5913676653484636,0.408248290463863
0.8419899908262454,0.5818019210253611,0.3779644730092272,0.9279268486838332,0.581551906263621,0.3779644730092272,0.8299434097585938,0.5825810581505375,0.3779644730092272
0.8451775274363081,0.5988332823954631,0.14002800840280097,0.9843088830017418,0.5971619555595463,0.14002800840280097,0.7903170608994896,0.6090103910473581,0.14002800840280097
0.8435012056031953,0.5865806186250928,0.1690308509457033,0.9812586937152155,0.5836221425282698,0.1690308509457033,0.8370255050152509,0.5851521296713238,0.1690308509457033
0.8399888134722111,0.6162686393951905,0.408248290463863,0.9199515671728912,0.6203705892181194,0.408248290463863,0.8500487160121681,0.6202026394854008,0.408248290463863
0.8404991580064489,0.5930672991507847,0.408248290463863,0.936148094412258,0.5932000731502741,0.408248290463863,0.8018702078774325,0.590736151650251,0.408248290463863
0.8404991580064489,0.5930672991507847,0.408248290463863,0.936148094412258,0.5876129620057456,0.408248290463863,0.8018702078774325,0.5889933829955185,0.408248290463863
0.839962669313026,0.6055079094971916,0.4472135954999579,0.9269385796897683,0.5999914848392932,0.4472135954999579,0.817592592055877,0.5966589468592635,0.4472135954999579
0.8375750666424737,0.5743610867627051,0.17407765595569785,0.9842029873555648,0.5724681206294807,0.17407765595569785,0.8323326442990032,0.5774962766840884,0.17407765595569785
0.8375750666424737,0.5743610867627051,0.17407765595569785,0.9842029873555648,0.5746881078021393,0.17407765595569785,0.8323326442990032,0.5809923251239397,0.17407765595569785
0.8397074969498979,0.5885071228415298,0.16666666666666666,0.9796548174279164,0.588752914985052,0.16666666666666666,0.8256599760342501,0.5970353513207234,0.16666666666666666
0.8387173412398953,0.5993460460732084,0.3779644730092272,0.9309770063549968,0.6052827429767305,0.3779644730092272,0.8111347342187389,0.6088847289345227,0.3779644730092272
0.8387173412398953,0.5993460460732084,0.3779644730092272,0.9309770063549968,0.611373066700023,0.3779644730092272,0.8111347342187389,0.6113172002316462,0.3779644730092272
0.8387173412398953,0.5993460460732084,0.3779644730092272,0.9309770063549968,0.6063736799814633,0.3779644730092272,0.8111347342187389,0.6147154419160109,0.3779644730092272
0.833195777506718,0.5693815819384598,0.408248290463863,0.9269417526272551,0.5740049080779064,0.408248290463863,0.7836134455845869,0.5782005264964939,0.408248290463863
0.8354307760227032,0.6098439389323719,0.28867513459481287,0.9490261128737979,0.610111819381998,0.28867513459481287,0.8215288500670535,0.6099863237742769,0.28867513459481287
0.8308953953683194,0.5671455922128155,0.4472135954999579,0.9189362711332787,0.5658775235471067,0.4472135954999579,0.754046712419923,0.5722076825663382,0.4472135954999579
0.8379244678378603,0.5791501075060747,0.1767766952966369,0.9853267397832616,0.5791907008425936,0.1767766952966369,0.8246256969396,0.5906270200854211,0.1767766952966369
0.8342610564508288,0.6217983756782893,0.4472135954999579,0.9282516246275312,0.6193219780611635,0.4472135954999579,0.842741241607757,0.6316640813895836,0.4472135954999579
0.8342610564508288,0.6217983756782893,0.4472135954999579,0.9282516246275312,0.6232173293914863,0.4472135954999579,0.842741241607757,0.6296218929005104,0.4472135954999579
0.8409332589051608,0.6016651541965766,0.14285714285714285,0.9859000037710857,0.6054783048325572,0.14285714285714285,0.8804086704149796,0.6102551544442358,0.14285714285714285
0.8254312264293421,0.5930672991507847,0.4472135954999579,0.9079452464209269,0.5928279558887353,0.4472135954999579,0.7721225445937036,0.5911715793702753,0.4472135954999579
0.829061417676323,0.5886667862702004,0.5,0.9267110070210844,0.589780264686907,0.5,0.7688650514869139,0.5720238669983064,0.5
0.8308658726818843,0.6238326038686699,0.31622776601683794,0.9588964654969455,0.6245818771670487,0.31622776601683794,0.8082900381327234,0.6365314736268424,0.31622776601683794
0.8334181529624466,0.6128148155253597,0.3535533905932738,0.9399892841534165,0.6085945825854091,0.3535533905932738,0.8326173696146498,0.6207186656752103,0.3535533905932738
0.8334181529624466,0.6128148155253597,0.3535533905932738,0.9399892841534165,0.6132701898354641,0.3535533905932738,0.8326173696146498,0.6249488965208653,0.3535533905932738
0.8334181529624466,0.6128148155253597,0.3535533905932738,0.9399892841534165,0.608598222113361,0.3535533905932738,0.8326173696146498,0.6306955926432262,0.3535533905932738
0.8279053643966527,0.5865234446734134,0.408248290463863,0.9098474509469507,0.5885650824213361,0.408248290463863,0.7369620400918093,0.5940027308897664,0.408248290463863
0.8304823344448036,0.5792156537227984,0.16012815380508713,0.9873579842264861,0.574883605780092,0.16012815380508713,0.8549167606266777,0.58167884509746,0.16012815380508713
0.8297112939459116,0.5818019210253611,0.3779644730092272,0.9153856762903897,0.5878798120577546,0.3779644730092272,0.8649495589532586,0.5922785302862775,0.3779644730092272
0.8297112939459116,0.5818019210253611,0.3779644730092272,0.9153856762903897,0.582631399453555,0.3779644730092272,0.8649495589532586,0.5893727038546505,0.3779644730092272
0.8283595134426296,0.6055079094971916,0.5,0.9115755201857879,0.6018747800721123,0.5,0.8283311822287882,0.6041418098317358,0.5
0.8283595134426296,0.6055079094971916,0.5,0.9115755201857879,0.6043888748021458,0.5,0.8283311822287882,0.604284459788248,0.5
0.8261384753375084,0.5808173116076132,0.3535533905932738,0.9503200510505484,0.583951086944666,0.3535533905932738,0.8283638284156534,0.5856265521808958,0.3535533905932738
0.8323597950152953,0.64156778704159,0.23570226039551584,0.9729980099265921,0.645819365661417,0.23570226039551584,0.8607851029560382,0.6565057697523032,0.23570226039551584
0.8305689348589974,0.5796019426319474,0.3333333333333333,0.9491434561985613,0.5815676610718294,0.3333333333333333,0.771077246142158,0.5797294947344257,0.3333333333333333
0.8276520728304352,0.6041874688908595,0.4472135954999579,0.9065834965868286,0.6061772754049933,0.4472135954999579,0.8158347074860006,0.6164937115899126,0.4472135954999579
0.8262461327524804,0.5689062413651098,0.408248290463863,0.9255831579666376,0.5595502178384741,0.408248290463863,0.7826107810918819,0.5767832434637408,0.408248290463863
0.8262461327524804,0.5689062413651098,0.408248290463863,0.9255831579666376,0.5607765158469714,0.408248290463863,0.7826107810918819,0.572065090038216,0.408248290463863
0.8262461327524804,0.5689062413651098,0.408248290463863,0.9255831579666376,0.5622921074026657,0.408248290463863,0.7826107810918819,0.5725173501248101,0.408248290463863
0.8255051655307224,0.5973366154822565,0.2773500981126146,0.9664620069110107,0.5929607197760954,0.2773500981126146,0.7986975003681197,0.5955877728793694,0.2773500981126146
0.8200590028671904,0.5930672991507847,0.4472135954999579,0.9321955392337784,0.5926523019095298,0.4472135954999579,0.7397952555504784,0.593557377049352,0.4472135954999579
0.8213600410011102,0.5671455922128155,0.5,0.9279731007670389,0.5663001939597267,0.5,0.7563610608101914,0.5796285241626805,0.5
0.8267913067607363,0.641412844598109,0.2773500981126146,0.9549580040615138,0.6407283221485947,0.2773500981126146,0.8711909406115308,0.6545278541675913,0.2773500981126146
0.8231733230369713,0.6116568566767163,0.3535533905932738,0.9399040582633859,0.6211163776543057,0.3535533905932738,0.8609338069768738,0.6306530736677325,0.3535533905932738
0.8317035100510168,0.6004993975739342,0.1414213562373095,0.9830254767920678,0.6017943163224838,0.1414213562373095,0.8631508550691617,0.6078138656020927,0.1414213562373095
0.8247805104074711,0.6118101159554297,0.5,0.883097112311723,0.6074891553410092,0.5,0.8366601612697476,0.6281190748046208,0.5
0.8272988106025434,0.6009584402040716,0.1889822365046136,0.9889966682948724,0.5989329541446039,0.1889822365046136,0.8965275424748749,0.6188436930088782,0.1889822365046136
0.8198367868967718,0.6416033698152678,0.31622776601683794,0.9310179604165176,0.6449821873026306,0.31622776601683794,0.8617618519798558,0.6565975798628053,0.31622776601683794
0.8225142442027257,0.6092006133056931,0.408248290463863,0.9149413968727037,0.6114421833510447,0.408248290463863,0.8066536262739076,0.6095196123966062,0.408248290463863
0.8225142442027257,0.6092006133056931,0.408248290463863,0.9149413968727037,0.6024165486535421,0.408248290463863,0.8066536262739076,0.6149098656113616,0.408248290463863
0.8245809226114443,0.6035543695212667,0.14586499149789456,0.9815607198022973,0.6059745531760558,0.14586499149789456,0.8415925131010429,0.6166119079492595,0.14586499149789456
0.8245809226114443,0.6035543695212667,0.14586499149789456,0.9815607198022973,0.602643878397274,0.14586499149789456,0.8415925131010429,0.6216805263929475,0.14586499149789456
0.8245809226114443,0.6035543695212667,0.14586499149789456,0.9815607198022973,0.6041152388462719,0.14586499149789456,0.8415925131010429,0.6205541641771305,0.14586499149789456
0.8271902182067576,0.6050668603260704,0.30151134457776363,0.9640341798034481,0.599942725404787,0.30151134457776363,0.7968483282832858,0.5984959039130562,0.30151134457776363
0.8271902182067576,0.6050668603260704,0.30151134457776363,0.9640341798034481,0.6037027122156808,0.30151134457776363,0.7968483282832858,0.594167127676848,0.30151134457776363
0.8205391166563775,0.5848948041586297,0.3779644730092272,0.944384619231394,0.578075969238386,0.3779644730092272,0.798260862397493,0.5874483591400598,0.3779644730092272
0.8191899350116959,0.5693553962437087,0.4472135954999579,0.9205428219965632,0.5700268283385671,0.4472135954999579,0.7898047300857252,0.5842973061201034,0.4472135954999579
0.82636884173428,0.6034988110888985,0.1543033499620919,0.9759211483452509,0.6089761185051923,0.1543033499620919,0.8776704043833925,0.6199504960081739,0.1543033499620919
0.82636884173428,0.6034988110888985,0.1543033499620919,0.9759211483452509,0.6039456728151223,0.1543033499620919,0.8776704043833925,0.6236361705495329,0.1543033499620919
0.813761887812813,0.5795686393582602,0.5,0.9205227854127791,0.5800629430392422,0.5,0.8138209541834885,0.5876265424265767,0.5
0.8241278554144746,0.6003723346537448,0.15617376188860607,0.9896842021229781,0.6054605871807801,0.15617376188860607,0.8767663081110388,0.6145023791143971,0.15617376188860607
0.8241278554144746,0.6003723346537448,0.15617376188860607,0.9896842021229781,0.6050765789869292,0.15617376188860607,0.8767663081110388,0.6148645074392556,0.15617376188860607
0.8241278554144746,0.6003723346537448,0.15617376188860607,0.9896842021229781,0.6051470343726059,0.15617376188860607,0.8767663081110388,0.6223052202102657,0.15617376188860607
0.8241278554144746,0.6003723346537448,0.15617376188860607,0.9896842021229781,0.607044411018177,0.15617376188860607,0.8767663081110388,0.6186879821967964,0.15617376188860607
0.8241278554144746,0.6003723346537448,0.15617376188860607,0.9896842021229781,0.6065991806626936,0.15617376188860607,0.8767663081110388,0.6155232909701471,0.15617376188860607
0.8241278554144746,0.6003723346537448,0.15617376188860607,0.9896842021229781,0.5997555178217472,0.15617376188860607,0.8767663081110388,0.6199453882028133,0.15617376188860607
0.817911712984541,0.5786797622805708,0.408248290463863,0.9513480861269652,0.5872057923014156,0.408248290463863,0.8216880035345013,0.5958793418777064,0.408248290463863
0.8135754843498807,0.5671455922128155,0.4472135954999579,0.901368348355171,0.5595924941338252,0.4472135954999579,0.7258175251417113,0.5736420477644969,0.4472135954999579
0.8139205465797511,0.5709843402341908,0.4472135954999579,0.9082784776920066,0.5696962049849983,0.4472135954999579,0.7436174592607675,0.5855047773833881,0.4472135954999579
0.8150214505977667,0.5671455922128155,0.4472135954999579,0.914954711650527,0.5659644291780701,0.4472135954999579,0.7300609585279497,0.5716855591855443,0.4472135954999579
0.8202403693404331,0.6319333608073927,0.3779644730092272,0.9383627731596008,0.6303021377046295,0.3779644730092272,0.8735377036969421,0.647388080848159,0.3779644730092272
0.820189003339233,0.6148598245487029,0.5,0.8978546257044603,0.6092953176507416,0.5,0.834984301703073,0.6134012137961015,0.5
0.820189003339233,0.6148598245487029,0.5,0.8978546257044603,0.6231292925536099,0.5,0.834984301703073,0.6170071467479371,0.5
0.820189003339233,0.6148598245487029,0.5,0.8978546257044603,0.619048463950475,0.5,0.834984301703073,0.6290059709594671,0.5
0.8214592513627929,0.6020692275399251,0.1543033499620919,0.9915262786476108,0.6029885077043879,0.1543033499620919,0.8648703509906328,0.6099761388767964,0.1543033499620919
0.8136581362635231,0.5912694188888226,0.5,0.9077013543650297,0.5836216461014185,0.5,0.7838866034625808,0.5991917577541119,0.5
0.8136581362635231,0.5912694188888226,0.5,0.9077013543650297,0.593432859961894,0.5,0.7838866034625808,0.5965500962717302,0.5
0.8156703881050476,0.616092375857748,0.5,0.9094767673788781,0.6167859261118517,0.5,0.7780559693112684,0.623671172145506,0.5
0.8184933193807988,0.6209268951664796,0.3779644730092272,0.9461034329717769,0.6211135979914109,0.3779644730092272,0.8259097914556129,0.6267647305199557,0.3779644730092272
0.8184933193807988,0.6209268951664796,0.3779644730092272,0.9461034329717769,0.6175773466103333,0.3779644730092272,0.8259097914556129,0.6294437124001708,0.3779644730092272
0.8064744761542726,0.5984795614192533,0.408248290463863,0.9395789888470175,0.5966411163844176,0.408248290463863,0.7901710667522811,0.5992700884664423,0.408248290463863
0.8064744761542726,0.5984795614192533,0.408248290463863,0.9395789888470175,0.5952380097046855,0.408248290463863,0.7901710667522811,0.5987878212075782,0.408248290463863
0.8032365311832532,0.566477807015586,0.5,0.8971461719703971,0.5706886773570792,0.5,0.7940328124393646,0.5733653594463909,0.5
0.8099972081782434,0.6118101159554297,0.4472135954999579,0.9138305539417143,0.6093403227338551,0.4472135954999579,0.8303842794893854,0.6129408431403287,0.4472135954999579
0.8042684507726777,0.5930672991507847,0.5,0.9004279582900814,0.5943959586280854,0.5,0.7745463477454784,0.5837557974937596,0.5
0.8029343004989575,0.5366644427826921,0.25,0.9715728295310049,0.5343691754597296,0.25,0.7812651825214799,0.5684756465251519,0.25
0.8108442682868348,0.6003240979103209,0.20851441405707477,0.9819901983567599,0.6001010644473335,0.20851441405707477,0.8339608508128895,0.6125782027940214,0.20851441405707477
0.8029750026617233,0.5811738419614303,0.4472135954999579,0.9177775955348875,0.5876903591151698,0.4472135954999579,0.7782263290609853,0.5728210317134266,0.4472135954999579
0.8029750026617233,0.5811738419614303,0.4472135954999579,0.9177775955348875,0.5884691705461542,0.4472135954999579,0.7782263290609853,0.577678921770087,0.4472135954999579
0.8029750026617233,0.5811738419614303,0.4472135954999579,0.9177775955348875,0.5804658974938841,0.4472135954999579,0.7782263290609853,0.5798214462969933,0.4472135954999579
0.8002769996329855,0.5831096668760687,0.408248290463863,0.8933561189229144,0.5952953286558677,0.408248290463863,0.7973345824806259,0.6031132382003627,0.408248290463863
0.8026547588552578,0.6153653510748749,0.408248290463863,0.9104411397956641,0.6161301159032286,0.408248290463863,0.7885931461441106,0.6309564253164502,0.408248290463863
0.8103351697860616,0.5957219900724449,0.408248290463863,0.9276573133626893,0.5991792223912215,0.408248290463863,0.8310382867996869,0.6049424364312568,0.408248290463863
0.8062005611543688,0.631620662904745,0.408248290463863,0.91029868088982,0.6347991528854908,0.408248290463863,0.8540625350470492,0.6507574882188029,0.408248290463863
0.8134326945285912,0.6041883364822505,0.17407765595569785,0.974684605245824,0.6067370788994059,0.17407765595569785,0.8743388827484573,0.6129566010840096,0.17407765595569785
0.8134326945285912,0.6041883364822505,0.17407765595569785,0.974684605245824,0.6115216900288568,0.17407765595569785,0.8743388827484573,0.6168580214769612,0.17407765595569785
0.8134326945285912,0.6041883364822505,0.17407765595569785,0.974684605245824,0.6011944951737884,0.17407765595569785,0.8743388827484573,0.6164552474366438,0.17407765595569785
0.8076243990152033,0.5833522863489777,0.5,0.9192130451066944,0.5805744826640621,0.5,0.8368976542099916,0.5931116515378902,0.5
0.8076243990152033,0.5833522863489777,0.5,0.9192130451066944,0.576950988022077,0.5,0.8368976542099916,0.5839822121137848,0.5
0.8076243990152033,0.5833522863489777,0.5,0.9192130451066944,0.5773167067416505,0.5,0.8368976542099916,0.5863229726673463,0.5
0.8090043831305976,0.5606102629140486,0.2672612419124244,0.97242051950753,0.5644428361826075,0.2672612419124244,0.7659188746603871,0.5569557963079611,0.2672612419124244
0.8005594307385385,0.622427933818449,0.4472135954999579,0.8915593722314065,0.6194423054457465,0.4472135954999579,0.8370982685828768,0.6351873926341001,0.4472135954999579
0.8090564993703034,0.6123955344307184,0.5,0.904777774068609,0.6107308213619982,0.5,0.7977880657541715,0.6177831827208659,0.5
0.806261854664831,0.5836060341611674,0.2773500981126146,0.9562267885214905,0.582531576221849,0.2773500981126146,0.8150311052876368,0.5890773026515957,0.2773500981126146
0.806261854664831,0.5836060341611674,0.2773500981126146,0.9562267885214905,0.5821681590363833,0.2773500981126146,0.8150311052876368,0.5903532706404826,0.2773500981126146
0.8031323394745704,0.641401197911569,0.3779644730092272,0.9424855793925587,0.6363103914719805,0.3779644730092272,0.8605926000899685,0.6504922415046643,0.3779644730092272
0.8031323394745704,0.641401197911569,0.3779644730092272,0.9424855793925587,0.6346792562859733,0.3779644730092272,0.8605926000899685,0.6542003402611364,0.3779644730092272
0.8025876238812453,0.609110116398769,0.5,0.8831872042849672,0.5985795157963966,0.5,0.8208630853289322,0.6142610991214733,0.5
0.8052487257426182,0.6144827161349684,0.5,0.8832136093983535,0.6257195928364252,0.5,0.8183475751416611,0.6304063312493273,0.5
0.805869612900329,0.6336675766288302,0.3779644730092272,0.9337410236590227,0.6235691333856122,0.3779644730092272,0.8262191372843551,0.642118091296717,0.3779644730092272
0.7992236071464145,0.6382557140472024,0.3333333333333333,0.9363542210780562,0.6365953426520778,0.3333333333333333,0.8471310156445779,0.6527693400477763,0.3333333333333333
0.7992236071464145,0.6382557140472024,0.3333333333333333,0.9363542210780562,0.6268602185715866,0.3333333333333333,0.8471310156445779,0.6539951141645087,0.3333333333333333
0.8035868939669452,0.5919472696451948,0.19245008972987526,0.9765388082446597,0.5930016226931202,0.19245008972987526,0.8263127165248817,0.5844634958632206,0.19245008972987526
0.8035868939669452,0.5919472696451948,0.19245008972987526,0.9765388082446597,0.593733998801867,0.19245008972987526,0.8263127165248817,0.5883597123408335,0.19245008972987526
0.7918662691400767,0.5930672991507847,0.4472135954999579,0.9004333291432343,0.5925094077487394,0.4472135954999579,0.7599912743043742,0.5899632543769457,0.4472135954999579
0.7961082075459937,0.5767131521464807,0.5,0.8665715310079125,0.5701197303436766,0.5,0.7957210572851227,0.5851699507377233,0.5
0.7961082075459937,0.5767131521464807,0.5,0.8665715310079125,0.5865026340536166,0.5,0.7957210572851227,0.5774333425271063,0.5
0.7961082075459937,0.5767131521464807,0.5,0.8665715310079125,0.574503231183314,0.5,0.7957210572851227,0.5793393561754606,0.5
0.7978288054101742,0.5967601768274512,0.5,0.908692331113972,0.5950301440033806,0.5,0.8051231522515077,0.5859381544424098,0.5
0.7978288054101742,0.5967601768274512,0.5,0.908692331113972,0.5925280418631241,0.5,0.8051231522515077,0.579850210811814,0.5
0.7978288054101742,0.5967601768274512,0.5,0.908692331113972,0.5913775343157347,0.5,0.8051231522515077,0.5827803357145346,0.5
0.7978288054101742,0.5967601768274512,0.5,0.908692331113972,0.5899117271239745,0.5,0.8051231522515077,0.579930993738255,0.5
0.8015904603775268,0.5949951771969676,0.5,0.8989604775855335,0.584310011921915,0.5,0.8087835700724739,0.6020617556725972,0.5
0.795740132261723,0.631620662904745,0.408248290463863,0.9003905168099545,0.6316773192867944,0.408248290463863,0.8097171762331383,0.6471409544315835,0.408248290463863
0.7997663344054855,0.5761935561892659,0.5,0.9159367405244677,0.5673264760334333,0.5,0.7618269588190903,0.5735126624249727,0.5
0.7955208742873064,0.5725401196139362,0.5,0.9024768711579766,0.5680292957397102,0.5,0.7635794873832732,0.5846713189540395,0.5
0.7999123864145358,0.589821379678243,0.408248290463863,0.939915110282437,0.5878546637413148,0.408248290463863,0.8410983584397546,0.591501736466054,0.408248290463863
0.7928447404262323,0.6223589126931315,0.5,0.8773569034093924,0.6184973850488814,0.5,0.8164646969632563,0.6269056447583452,0.5
0.7899915372903756,0.5861332080875585,0.4472135954999579,0.8872309773070225,0.589388011202283,0.4472135954999579,0.8073805201574408,0.6061108419966571,0.4472135954999579
0.7899915372903756,0.5861332080875585,0.4472135954999579,0.8872309773070225,0.5838051726988365,0.4472135954999579,0.8073805201574408,0.6074832762304043,0.4472135954999579
0.7949191346056173,0.6344086106861551,0.408248290463863,0.9187662889405485,0.627283901204593,0.408248290463863,0.796279724862693,0.6470113730868055,0.408248290463863
0.7949191346056173,0.6344086106861551,0.408248290463863,0.9187662889405485,0.627148826917519,0.408248290463863,0.796279724862693,0.6478823846158843,0.408248290463863
0.7860141121337094,0.6118101159554297,0.4472135954999579,0.9066112477358481,0.6039524244192112,0.4472135954999579,0.8215385358370583,0.6127582065677819,0.4472135954999579
0.7972708000956149,0.6345749663972031,0.408248290463863,0.930225050419671,0.6353857358179628,0.408248290463863,0.8223253786797755,0.6548838901000821,0.408248290463863
0.7972708000956149,0.6345749663972031,0.408248290463863,0.930225050419671,0.626078825477597,0.408248290463863,0.8223253786797755,0.6516317082440533,0.408248290463863
0.7853661128363184,0.5961454343664623,0.5,0.9284696351124917,0.5918036709067959,0.5,0.7530570258675878,0.5918713838160028,0.5
0.7917178950060824,0.6280032598433788,0.408248290463863,0.8885132187028041,0.6247141887357084,0.408248290463863,0.8593615461907214,0.6373627771807965,0.408248290463863
0.7861105627723454,0.574285446525032,0.5,0.873959155293328,0.5691765853700174,0.5,0.7978113407217932,0.5845878432692855,0.5
0.7861105627723454,0.574285446525032,0.5,0.873959155293328,0.573708946754517,0.5,0.7978113407217932,0.578847961616393,0.5
0.7861105627723454,0.574285446525032,0.5,0.873959155293328,0.5702463281937016,0.5,0.7978113407217932,0.5828737782218358,0.5
0.784440541409392,0.5777710007346121,0.5,0.8796816127362134,0.5705098603127288,0.5,0.8189539291416976,0.5854629864302753,0.5
0.784440541409392,0.5777710007346121,0.5,0.8796816127362134,0.5796743155710523,0.5,0.8189539291416976,0.5844501425327451,0.5
0.784440541409392,0.5777710007346121,0.5,0.8796816127362134,0.578067282617588,0.5,0.8189539291416976,0.5831540967763752,0.5
0.7974070079722219,0.6041883364822505,0.17149858514250885,0.980541851287517,0.6059452908779405,0.17149858514250885,0.8620691489361701,0.6154455286152393,0.17149858514250885
0.7864822349281659,0.6005416926093811,0.5,0.8727368780142378,0.6156371514321598,0.5,0.7534008555169167,0.6198825675106472,0.5
0.7864822349281659,0.6005416926093811,0.5,0.8727368780142378,0.5949387055717181,0.5,0.7534008555169167,0.6228753166395354,0.5
0.7877542850838313,0.5984466234844358,0.19611613513818404,0.9851502904489918,0.6004960175803206,0.19611613513818404,0.808573499869137,0.6121542969363909,0.19611613513818404
0.7877542850838313,0.5984466234844358,0.19611613513818404,0.9851502904489918,0.6005788195864399,0.19611613513818404,0.808573499869137,0.602879108257732,0.19611613513818404
0.7779991331530061,0.5868898428365565,0.5,0.8667218020742783,0.5800648358477959,0.5,0.7735868669273812,0.6015006657382691,0.5
0.7779991331530061,0.5868898428365565,0.5,0.8667218020742783,0.586669121478586,0.5,0.7735868669273812,0.6068183882479528,0.5
0.7779991331530061,0.5868898428365565,0.5,0.8667218020742783,0.5900343637188222,0.5,0.7735868669273812,0.6016562143484779,0.5
0.7805094434099248,0.6149123479474433,0.5,0.8841156717248077,0.6150640070156759,0.5,0.7138097878467974,0.6203725903907968,0.5
0.7827123157722609,0.5893966897709265,0.4472135954999579,0.8919079142047331,0.5908158433370285,0.4472135954999579,0.7776814526180824,0.5997189031407165,0.4472135954999579
0.7737168176803899,0.5925010909535375,0.5,0.8876839307416757,0.5865774104645768,0.5,0.8084811880876659,0.602988012029213,0.5
0.7737168176803899,0.5925010909535375,0.5,0.8876839307416757,0.5892676653100208,0.5,0.8084811880876659,0.6004527432381782,0.5
0.7778850043330895,0.6302272259817632,0.4472135954999579,0.9049844070644021,0.6234956480990843,0.4472135954999579,0.8454518331314004,0.6415183627818931,0.4472135954999579
0.784628332487025,0.6044208453729262,0.5,0.9161898877652308,0.6041519899090257,0.5,0.8345934008520216,0.6092047636321837,0.5
0.784628332487025,0.6044208453729262,0.5,0.9161898877652308,0.6004564300636471,0.5,0.8345934008520216,0.6106848092113926,0.5
0.784628332487025,0.6044208453729262,0.5,0.9161898877652308,0.5988629734937918,0.5,0.8345934008520216,0.6048283067049011,0.5
0.7814157673610356,0.641401197911569,0.408248290463863,0.9301943542100413,0.6344872129137108,0.408248290463863,0.8524895622812503,0.6505916593971824,0.408248290463863
0.7814157673610356,0.641401197911569,0.408248290463863,0.9301943542100413,0.6388261757655572,0.408248290463863,0.8524895622812503,0.6538195949211004,0.408248290463863
0.7814157673610356,0.641401197911569,0.408248290463863,0.9301943542100413,0.6325058944577842,0.408248290463863,0.8524895622812503,0.6518617146643528,0.408248290463863
0.7814157673610356,0.641401197911569,0.408248290463863,0.9301943542100413,0.6396041566878018,0.408248290463863,0.8524895622812503,0.6505224325156812,0.408248290463863
0.7811994699159707,0.5773466650459416,0.5,0.8829442877691571,0.5823854158265327,0.5,0.7936474454673322,0.5813084849865908,0.5
0.7811994699159707,0.5773466650459416,0.5,0.8829442877691571,0.5727440535039594,0.5,0.7936474454673322,0.5855351822079907,0.5
0.7723161635721022,0.5772284514553347,0.5,0.8865535426322746,0.5743460131785311,0.5,0.7926957586681194,0.5921997878490709,0.5
0.7723161635721022,0.5772284514553347,0.5,0.8865535426322746,0.5826430893832026,0.5,0.7926957586681194,0.6018950610651406,0.5
0.7781369248799712,0.5861332080875585,0.5773502691896257,0.8567950272581223,0.581555543219053,0.5773502691896257,0.765337183521578,0.6078492695360975,0.5773502691896257
0.7786745088654761,0.5893966897709265,0.5,0.8685784823244144,0.5943289037235466,0.5,0.7723366250318755,0.6140160082623879,0.5
0.7786745088654761,0.5893966897709265,0.5,0.8685784823244144,0.5969043689566844,0.5,0.7723366250318755,0.6035453099565266,0.5
0.7900781787747919,0.6242896632890798,0.5,0.8898805473623737,0.6269787847621792,0.5,0.7423066269151402,0.6421102837511287,0.5
0.7807675507911749,0.6045777943131658,0.4472135954999579,0.9245573825727194,0.6003230414559841,0.4472135954999579,0.7837853917319013,0.6267367376505149,0.4472135954999579
0.7757563916429348,0.6034481312938864,0.4472135954999579,0.8750049156085681,0.6015318320050047,0.4472135954999579,0.7727122922736566,0.6097649666538887,0.4472135954999579
0.7757563916429348,0.6034481312938864,0.4472135954999579,0.8750049156085681,0.6054510402349014,0.4472135954999579,0.7727122922736566,0.615747921124359,0.4472135954999579
0.7757563916429348,0.6034481312938864,0.4472135954999579,0.8750049156085681,0.6032441288983457,0.4472135954999579,0.7727122922736566,0.6096457135433412,0.4472135954999579
0.7736258140162293,0.5924771728228838,0.5,0.9057373890456591,0.5830141050004717,0.5,0.7331758621742825,0.5830609833379875,0.5
0.7736258140162293,0.5924771728228838,0.5,0.9057373890456591,0.5890325326201861,0.5,0.7331758621742825,0.5776298221992113,0.5
0.7763033196488536,0.6258052107196628,0.3535533905932738,0.9512110683982496,0.6204424764011965,0.3535533905932738,0.7931212305696805,0.6384399443648249,0.3535533905932738
0.7763033196488536,0.6258052107196628,0.3535533905932738,0.9512110683982496,0.6312126290823656,0.3535533905932738,0.7931212305696805,0.6350055259736032,0.3535533905932738
0.7763033196488536,0.6258052107196628,0.3535533905932738,0.9512110683982496,0.6215825187491768,0.3535533905932738,0.7931212305696805,0.6395177178509147,0.3535533905932738
0.7763033196488536,0.6258052107196628,0.3535533905932738,0.9512110683982496,0.6253071340825179,0.3535533905932738,0.7931212305696805,0.6398597835246406,0.3535533905932738
0.7739706903586575,0.5722447687236347,0.5773502691896257,0.8224759160712305,0.579792463210549,0.5773502691896257,0.7888522265714958,0.5937457299030372,0.5773502691896257
0.7726786595080369,0.631620662904745,0.4472135954999579,0.9031398779320824,0.6162543710079087,0.4472135954999579,0.8241247738672971,0.6458914705012738,0.4472135954999579
0.7695563325921593,0.631620662904745,0.5,0.8796425928638099,0.6336388397037999,0.5,0.8391688752971743,0.6434741758783412,0.5
0.771669482108012,0.574285446525032,0.5773502691896257,0.8713013379497918,0.5721624397105228,0.5773502691896257,0.7831791610551326,0.5770236059669994,0.5773502691896257
0.7729127627673581,0.5940148528554768,0.5,0.8855461225715974,0.6002233317929222,0.5,0.7525712619927513,0.5757194686364993,0.5
0.7711869522296488,0.5865324751120014,0.5,0.8907007375283074,0.5889911720693244,0.5,0.7927739741867025,0.6052828399694794,0.5
0.7734091399458444,0.631620662904745,0.4472135954999579,0.9097048815524028,0.6283503387052916,0.4472135954999579,0.8190164970598469,0.6485725514555719,0.4472135954999579
0.7727296342929342,0.6206585101148987,0.4472135954999579,0.9058158220678707,0.6271915148551773,0.4472135954999579,0.8030021531100479,0.6399600192196742,0.4472135954999579
0.766511714873424,0.6166831154477893,0.4472135954999579,0.8788558894448468,0.6170975500808298,0.4472135954999579,0.7854679333653487,0.6351164234289514,0.4472135954999579
0.766511714873424,0.6166831154477893,0.4472135954999579,0.8788558894448468,0.6139942155625853,0.4472135954999579,0.7854679333653487,0.6298960640911594,0.4472135954999579
0.766511714873424,0.6166831154477893,0.4472135954999579,0.8788558894448468,0.6207239962976127,0.4472135954999579,0.7854679333653487,0.6263443563652288,0.4472135954999579
0.766511714873424,0.6166831154477893,0.4472135954999579,0.8788558894448468,0.6180047039817614,0.4472135954999579,0.7854679333653487,0.6248474640593621,0.4472135954999579
0.7549754337932605,0.5924771728228838,0.5773502691896257,0.8688837166226073,0.5908469120921921,0.5773502691896257,0.6777076788384897,0.5783966495333146,0.5773502691896257
0.7716254409982402,0.5863637187806344,0.5,0.8782794556289709,0.5830787359741552,0.5,0.7794662210349662,0.6012868116824122,0.5
0.7652895227405416,0.5712211371288473,0.5773502691896257,0.8581213720249272,0.5743607610455749,0.5773502691896257,0.7992112596468404,0.5920212563872791,0.5773502691896257
0.7680789249454947,0.6198122117495761,0.5,0.9266110915792635,0.6156406920961861,0.5,0.7814459954132025,0.6241965534215798,0.5
0.7680789249454947,0.6198122117495761,0.5,0.9266110915792635,0.6167735945485998,0.5,0.7814459954132025,0.6273534163999209,0.5
0.7637847810364797,0.5575308469056645,0.5773502691896257,0.8492627557369578,0.5553703406128927,0.5773502691896257,0.7474632075796682,0.5638585209540667,0.5773502691896257
0.7677636957769929,0.6319727230122414,0.4472135954999579,0.9296497355558273,0.6366524027803001,0.4472135954999579,0.871061043165861,0.6559505169407166,0.4472135954999579
0.7677636957769929,0.6319727230122414,0.4472135954999579,0.9296497355558273,0.6342254315743504,0.4472135954999579,0.871061043165861,0.6610299124524086,0.4472135954999579
0.7677636957769929,0.6319727230122414,0.4472135954999579,0.9296497355558273,0.6262012101861324,0.4472135954999579,0.871061043165861,0.6570104237026333,0.4472135954999579
0.7598854999813768,0.604472945476202,0.5773502691896257,0.8241966427484752,0.6023411431782709,0.5773502691896257,0.7565391109600792,0.588555440586566,0.5773502691896257
0.7599442711278442,0.5970267900391308,0.4472135954999579,0.8994744528369139,0.5970145952642091,0.4472135954999579,0.8098783931736745,0.5920398902773789,0.4472135954999579
0.7664733381902062,0.5909020367227003,0.5773502691896257,0.8565722551116566,0.5957559910155708,0.5773502691896257,0.7606161322813146,0.5948093124575186,0.5773502691896257
0.7677797023992883,0.6188424055200329,0.5,0.8882835433786057,0.61425225352472,0.5,0.8251086928757688,0.6269759013761709,0.5
0.7681498499311075,0.6206585101148987,0.3779644730092272,0.9401616071270338,0.618604924761746,0.3779644730092272,0.8178201865600091,0.6384072114269731,0.3779644730092272
0.7681498499311075,0.6206585101148987,0.3779644730092272,0.9401616071270338,0.6212723725031274,0.3779644730092272,0.8178201865600091,0.6368424757033763,0.3779644730092272
0.7637514961054179,0.6301589213851903,0.408248290463863,0.9185235443443934,0.6238791095004123,0.408248290463863,0.7960315587232175,0.6499297845519851,0.408248290463863
0.7561639205399598,0.604472945476202,0.5,0.8901990521415255,0.5954465755664055,0.5,0.7802162560103947,0.5984056280674256,0.5
0.7561639205399598,0.604472945476202,0.5,0.8901990521415255,0.5987395107384341,0.5,0.7802162560103947,0.606628086667599,0.5
0.7580108549453505,0.604472945476202,0.5,0.8968604062506549,0.5927579463086403,0.5,0.7201562901687568,0.5938587612706862,0.5
0.7580108549453505,0.604472945476202,0.5,0.8968604062506549,0.5974211670852182,0.5,0.7201562901687568,0.5911996522608858,0.5
0.7671885321658419,0.6206585101148987,0.408248290463863,0.931886448569928,0.6298618952458392,0.408248290463863,0.7811294737110334,0.6371267514953136,0.408248290463863
0.7671885321658419,0.6206585101148987,0.408248290463863,0.931886448569928,0.622223022356355,0.408248290463863,0.7811294737110334,0.6245846327792476,0.408248290463863
0.7671885321658419,0.6206585101148987,0.408248290463863,0.931886448569928,0.6232942825246027,0.408248290463863,0.7811294737110334,0.6359585318160743,0.408248290463863
0.7701947327590632,0.6057359619105136,0.19611613513818404,0.9693507146466037,0.6047291893072924,0.19611613513818404,0.7561155395208452,0.6111290234889638,0.19611613513818404
0.7614970433393188,0.6026680101112291,0.5,0.8906780861675008,0.6040664048012488,0.5,0.7805885138908278,0.5925353255182703,0.5
0.7585367922472176,0.5735163878046874,0.5773502691896257,0.8318382627306621,0.573371093329066,0.5773502691896257,0.7533034113668056,0.5764731372933662,0.5773502691896257
0.7500594755395097,0.5571773824692381,0.5773502691896257,0.8522422439677151,0.5567798607408575,0.5773502691896257,0.7250436114642059,0.5664729614525074,0.5773502691896257
0.7500594755395097,0.5571773824692381,0.5773502691896257,0.8522422439677151,0.5709783131309917,0.5773502691896257,0.7250436114642059,0.5648354104277031,0.5773502691896257
0.7656330185118175,0.621014339655516,0.5,0.911525448406424,0.6249695366127126,0.5,0.8032564983888292,0.6287839935362991,0.5
0.7527731500581754,0.6137495587811564,0.5,0.8944524717292949,0.6153334280553261,0.5,0.7314499664479671,0.6341552556741129,0.5
0.7504514290663385,0.6021529187467901,0.4472135954999579,0.9292656641498744,0.5970345799111276,0.4472135954999579,0.7931216313672641,0.6144572700839567,0.4472135954999579
0.7597659507735174,0.6260566328769495,0.5,0.8992066609359507,0.6271567747057435,0.5,0.7685191775264261,0.6380834554679314,0.5
0.7587589567884326,0.6275570202171767,0.5,0.9099724820202945,0.6274468677623327,0.5,0.7622894582497854,0.6476173799454032,0.5
0.7587589567884326,0.6275570202171767,0.5,0.9099724820202945,0.6265847553212535,0.5,0.7622894582497854,0.6568255051094036,0.5
0.7483525512814186,0.6154494968374901,0.5,0.8897156165071901,0.6155714332339536,0.5,0.7675115202435109,0.6252742034351135,0.5
0.7483525512814186,0.6154494968374901,0.5,0.8897156165071901,0.611574781766172,0.5,0.7675115202435109,0.6236261422098309,0.5
0.7483525512814186,0.6154494968374901,0.5,0.8897156165071901,0.6059542862707614,0.5,0.7675115202435109,0.6182857985874002,0.5
0.751133892245875,0.6045777943131658,0.408248290463863,0.939066081977549,0.606978918632764,0.408248290463863,0.7885403440972241,0.6221166700209126,0.408248290463863
0.751133892245875,0.6045777943131658,0.408248290463863,0.939066081977549,0.6096809682078784,0.408248290463863,0.7885403440972241,0.6218427632448458,0.408248290463863
0.7481529828495763,0.5740306008434198,0.5773502691896257,0.8669747150667494,0.5592057822934465,0.5773502691896257,0.7046677136572427,0.555026908571686,0.5773502691896257
0.7481529828495763,0.5740306008434198,0.5773502691896257,0.8669747150667494,0.5756938532803694,0.5773502691896257,0.7046677136572427,0.5513318875271679,0.5773502691896257
0.7548980484529192,0.6275570202171767,0.4472135954999579,0.9163280889382375,0.6231721019801799,0.4472135954999579,0.7829081094888548,0.6477206203629615,0.4472135954999579
0.7505349822255201,0.6151899973195206,0.5,0.8864261568964428,0.6152716559857005,0.5,0.7577537249300407,0.6243859748347619,0.5
0.7565448526423044,0.6260566328769495,0.4472135954999579,0.9275791588789137,0.6244552063267259,0.4472135954999579,0.7725917951705457,0.643064232145618,0.4472135954999579
0.7565448526423044,0.6260566328769495,0.4472135954999579,0.9275791588789137,0.6199653596935915,0.4472135954999579,0.7725917951705457,0.6467572446512909,0.4472135954999579
0.7462869802715072,0.5585278219632998,0.5773502691896257,0.8419021436775931,0.5586854300257752,0.5773502691896257,0.7186606256256179,0.5634426491556443,0.5773502691896257
0.7472266436919317,0.6045777943131658,0.5,0.9195620252146204,0.604322857185788,0.5,0.7428505751872845,0.6228350206488804,0.5
0.7465311401132169,0.5850069869569822,0.5773502691896257,0.8401777413871424,0.5807195710855607,0.5773502691896257,0.8068173026700087,0.5999839001794454,0.5773502691896257
0.7423451682168207,0.6276974683006066,0.4472135954999579,0.9339392725661684,0.6242505261236698,0.4472135954999579,0.7759974155282562,0.6502161225801859,0.4472135954999579
0.7446203049702683,0.5815421263815373,0.5773502691896257,0.8839978157731033,0.5891237853734151,0.5773502691896257,0.7691812136646602,0.5783069000888972,0.5773502691896257
0.7455645004895557,0.6180127506776227,0.5,0.947104110440822,0.6157242515518322,0.5,0.7855689960203853,0.6289378830560828,0.5
0.7498864431464904,0.6243766136121502,0.4472135954999579,0.9096280507393893,0.6255406832495854,0.4472135954999579,0.8046517018220738,0.6389141413369452,0.4472135954999579
0.7421024415444423,0.6295704889575893,0.4472135954999579,0.9195694189527097,0.6233742229652981,0.4472135954999579,0.8075839018781207,0.6515771857493453,0.4472135954999579
0.7421024415444423,0.6295704889575893,0.4472135954999579,0.9195694189527097,0.6297421671456714,0.4472135954999579,0.8075839018781207,0.6494773551295336,0.4472135954999579
0.7421024415444423,0.6295704889575893,0.4472135954999579,0.9195694189527097,0.6299157109538611,0.4472135954999579,0.8075839018781207,0.6474329939421686,0.4472135954999579
0.7288503389575386,0.5913370205850175,0.5773502691896257,0.8354094043561247,0.5842654873405492,0.5773502691896257,0.7229114908684782,0.5959559479166336,0.5773502691896257
0.7405269929566769,0.6031380491875861,0.5,0.883445059486856,0.6064741984498548,0.5,0.7917101476121449,0.6284030919962029,0.5
0.748879986663832,0.6278300438663925,0.5,0.8830673269495379,0.6279838686135641,0.5,0.8238646480261854,0.6341155010505576,0.5
0.7397953809110192,0.6275570202171767,0.408248290463863,0.9205631949212889,0.6204686805272509,0.408248290463863,0.8181639547688098,0.6427392228914631,0.408248290463863
0.7416005358741595,0.5683510676392481,0.5773502691896257,0.8885871059047605,0.5573611121938982,0.5773502691896257,0.7556959846642791,0.5855758831321067,0.5773502691896257
0.7444790224199429,0.6275570202171767,0.4472135954999579,0.9092165036363795,0.6279492653451384,0.4472135954999579,0.8061056928034371,0.6447569366231536,0.4472135954999579
0.7444790224199429,0.6275570202171767,0.4472135954999579,0.9092165036363795,0.6187805133239059,0.4472135954999579,0.8061056928034371,0.6428474139251291,0.4472135954999579
0.7444790224199429,0.6275570202171767,0.4472135954999579,0.9092165036363795,0.6189950015451352,0.4472135954999579,0.8061056928034371,0.6491143828734461,0.4472135954999579
0.7409348022851735,0.6029476072345683,0.5,0.8975652922266919,0.6034522142616916,0.5,0.7140945076796797,0.607666033551142,0.5
0.7409348022851735,0.6029476072345683,0.5,0.8975652922266919,0.6039292369467912,0.5,0.7140945076796797,0.6084377340713687,0.5
0.7304801384554938,0.6005416926093811,0.5,0.8755537762873122,0.6050410432980381,0.5,0.7409347112755408,0.6148453706824585,0.5
0.7304801384554938,0.6005416926093811,0.5,0.8755537762873122,0.607395555633741,0.5,0.7409347112755408,0.6208069714995015,0.5
0.7304801384554938,0.6005416926093811,0.5,0.8755537762873122,0.6033933777976703,0.5,0.7409347112755408,0.6085383583590506,0.5
0.7304801384554938,0.6005416926093811,0.5,0.8755537762873122,0.6011277709811842,0.5,0.7409347112755408,0.6105531839516538,0.5
0.7304801384554938,0.6005416926093811,0.5,0.8755537762873122,0.6021803607521592,0.5,0.7409347112755408,0.6110904904289638,0.5
0.7323149276278791,0.6047369002152333,0.5,0.8534126539975431,0.6067107889718395,0.5,0.7522259850029241,0.6263632734282569,0.5
0.7323149276278791,0.6047369002152333,0.5,0.8534126539975431,0.6162951926330761,0.5,0.7522259850029241,0.626835229577853,0.5
0.7323149276278791,0.6047369002152333,0.5,0.8534126539975431,0.6092308510660097,0.5,0.7522259850029241,0.6260161540292921,0.5
0.7379605120985904,0.5472353099530215,0.5773502691896257,0.8593159090344706,0.5476258467209459,0.5773502691896257,0.7211768539550305,0.5512541596544474,0.5773502691896257
0.7365988986293766,0.6038762087706234,0.5773502691896257,0.843763304220252,0.6080970156691766,0.5773502691896257,0.7777466593966087,0.6078308808716177,0.5773502691896257
0.7273414568042265,0.5587911486083633,0.5773502691896257,0.8175794300515692,0.5406303022367004,0.5773502691896257,0.7204677908846647,0.5582067105886444,0.5773502691896257
0.7309665758211251,0.6005416926093811,0.5773502691896257,0.8258568106594409,0.609673461259891,0.5773502691896257,0.7551074596294233,0.6191259721044724,0.5773502691896257
0.7392943841992625,0.6015053956855366,0.5773502691896257,0.9030498690182263,0.6067525659856324,0.5773502691896257,0.7549836959696069,0.6041353519482437,0.5773502691896257
0.7362579512386234,0.5813784431817065,0.5773502691896257,0.876613603239763,0.5861738946892909,0.5773502691896257,0.7196375441921999,0.5930426484671883,0.5773502691896257
0.7329239056506068,0.5568220023289362,0.5773502691896257,0.8218709433719085,0.5553275069056801,0.5773502691896257,0.769936648015401,0.5613507573533282,0.5773502691896257
0.7275224600447248,0.6095438283044503,0.5,0.823088965725092,0.6113990633592084,0.5,0.6998262847471214,0.6219667599466492,0.5
0.7309560320951698,0.5710712091367568,0.5773502691896257,0.8511459224442769,0.5730439860104302,0.5773502691896257,0.6770340793815236,0.5774693568299826,0.5773502691896257
0.7300993317115569,0.6243766136121502,0.5,0.8859477905740637,0.6151283982040688,0.5,0.7688731621914179,0.6350166186931913,0.5
0.7353590766020847,0.6126693205626047,0.5,0.8883893470854529,0.6070939164555457,0.5,0.7453590513719829,0.6348581019958659,0.5
0.73280563843948,0.6188225619843102,0.5,0.8876771738532234,0.6253730634519545,0.5,0.702817393373574,0.6298840110648276,0.5
0.73280563843948,0.6188225619843102,0.5,0.8876771738532234,0.6187048875526142,0.5,0.702817393373574,0.6296255397790398,0.5
0.73280563843948,0.6188225619843102,0.5,0.8876771738532234,0.620804073236255,0.5,0.702817393373574,0.6367893300217808,0.5
0.73280563843948,0.6188225619843102,0.5,0.8876771738532234,0.6178917902744208,0.5,0.702817393373574,0.6286196752491566,0.5
0.7274869508792693,0.5868741343496943,0.5773502691896257,0.8611782517826468,0.5940681978158592,0.5773502691896257,0.7400695168487836,0.5900633445723641,0.5773502691896257
0.7274869508792693,0.5868741343496943,0.5773502691896257,0.8611782517826468,0.5914392513493246,0.5773502691896257,0.7400695168487836,0.5908641331624016,0.5773502691896257
0.7274869508792693,0.5868741343496943,0.5773502691896257,0.8611782517826468,0.5909517426190353,0.5773502691896257,0.7400695168487836,0.5933929130351597,0.5773502691896257
0.7274869508792693,0.5868741343496943,0.5773502691896257,0.8611782517826468,0.5851659798825528,0.5773502691896257,0.7400695168487836,0.5925103545407359,0.5773502691896257
0.7217467852793981,0.5674853210792296,0.5773502691896257,0.83301653602445,0.5646647050877365,0.5773502691896257,0.7037490366858614,0.5797795287716211,0.5773502691896257
0.7217467852793981,0.5674853210792296,0.5773502691896257,0.83301653602445,0.5760433875524625,0.5773502691896257,0.7037490366858614,0.5860767896975443,0.5773502691896257
0.7217467852793981,0.5674853210792296,0.5773502691896257,0.83301653602445,0.5748997116226339,0.5773502691896257,0.7037490366858614,0.5846767323237225,0.5773502691896257
0.7280137035529002,0.5984159216727898,0.5773502691896257,0.8660679924491314,0.5980251117138372,0.5773502691896257,0.730016512507339,0.5873824430007093,0.5773502691896257
0.7294235407943946,0.6129323971561469,0.4472135954999579,0.8749378961348814,0.6085297371910086,0.4472135954999579,0.7779384437194595,0.6330559144424805,0.4472135954999579
0.7228028618586835,0.6146415354426725,0.5,0.8761777680055047,0.6115305302496378,0.5,0.8089640588588742,0.624745848216321,0.5
0.7194323091194387,0.5972444103914893,0.5773502691896257,0.7848445073327881,0.5992360241924137,0.5773502691896257,0.6448656674903319,0.6030656084189389,0.5773502691896257
0.7249966753296057,0.6134417733084901,0.5,0.8564677602870632,0.609302440258428,0.5,0.7349295657804066,0.6142249165732322,0.5
0.7249966753296057,0.6134417733084901,0.5,0.8564677602870632,0.6156233761643739,0.5,0.7349295657804066,0.6222508599563431,0.5
0.7249966753296057,0.6134417733084901,0.5,0.8564677602870632,0.6145387926559184,0.5,0.7349295657804066,0.620823104933922,0.5
0.7106398516787538,0.573748805742843,0.5773502691896257,0.8301417698966258,0.5875370795324074,0.5773502691896257,0.7302753275267504,0.60099717536255,0.5773502691896257
0.7233152173596281,0.6218821509417383,0.5,0.8815816514310452,0.6190396517649702,0.5,0.8151782956727524,0.6291185687133813,0.5
0.7164276911834967,0.5897751751318876,0.5773502691896257,0.8632016547221206,0.589650241273768,0.5773502691896257,0.7321268885469046,0.589679050578143,0.5773502691896257
0.7164276911834967,0.5897751751318876,0.5773502691896257,0.8632016547221206,0.5877799844157188,0.5773502691896257,0.7321268885469046,0.596522012906488,0.5773502691896257
0.7164276911834967,0.5897751751318876,0.5773502691896257,0.8632016547221206,0.5872272460751755,0.5773502691896257,0.7321268885469046,0.595352688704342,0.5773502691896257
0.7190527155918277,0.5505241039781071,0.5773502691896257,0.8481765212700089,0.5632908137825627,0.5773502691896257,0.6698760229024243,0.5609029984989652,0.5773502691896257
0.7085529538574732,0.5652695779739547,0.5773502691896257,0.8295561962785389,0.5636998831422386,0.5773502691896257,0.6933609849829143,0.5519347675364019,0.5773502691896257
0.7085529538574732,0.5652695779739547,0.5773502691896257,0.8295561962785389,0.5649849983899343,0.5773502691896257,0.6933609849829143,0.5501167371853222,0.5773502691896257
0.7130529765586537,0.5533566148327744,0.5773502691896257,0.8383317878880191,0.5633520554389979,0.5773502691896257,0.6426718284710486,0.5644368865086321,0.5773502691896257
0.7098583542274235,0.5846947371282702,0.5773502691896257,0.8300513209226803,0.5891463622656699,0.5773502691896257,0.6753243027394712,0.5760100178546187,0.5773502691896257
0.7055632308620938,0.5567193736530849,0.5773502691896257,0.8510155989549308,0.5577213368164795,0.5773502691896257,0.7678560143535953,0.5758809449748493,0.5773502691896257
0.7190798007975057,0.5823166706097745,0.5773502691896257,0.848133794334418,0.5829580841149391,0.5773502691896257,0.6505509170285101,0.581616522389625,0.5773502691896257
0.7134275068124166,0.589647385874212,0.5773502691896257,0.8372973280778955,0.5894652610821429,0.5773502691896257,0.7548689048968814,0.6034668959214317,0.5773502691896257
0.7189706288451011,0.6110672320968883,0.5,0.8533995867454938,0.6141778305832261,0.5,0.7431133690944235,0.6303683400272532,0.5
0.7067278518864927,0.605071683528894,0.5773502691896257,0.8590952487758023,0.60611338831892,0.5773502691896257,0.7236051479388363,0.6067921274708615,0.5773502691896257
0.7067278518864927,0.605071683528894,0.5773502691896257,0.8590952487758023,0.6047116044142089,0.5773502691896257,0.7236051479388363,0.6098999903122574,0.5773502691896257
0.7067278518864927,0.605071683528894,0.5773502691896257,0.8590952487758023,0.5984824547689312,0.5773502691896257,0.7236051479388363,0.6055846720243161,0.5773502691896257
0.7067278518864927,0.605071683528894,0.5773502691896257,0.8590952487758023,0.606452341438983,0.5773502691896257,0.7236051479388363,0.6070239553184915,0.5773502691896257
0.7129369009109348,0.6121130098874352,0.5773502691896257,0.8459753117747827,0.6007978174966527,0.5773502691896257,0.7770458775813451,0.6225612068488201,0.5773502691896257
0.7076823733762762,0.6129323971561469,0.5,0.869190776685802,0.6147265980101416,0.5,0.7836163369536455,0.624665740008184,0.5
0.7076823733762762,0.6129323971561469,0.5,0.869190776685802,0.6075838415562407,0.5,0.7836163369536455,0.6284295187185609,0.5
0.7076823733762762,0.6129323971561469,0.5,0.869190776685802,0.6067225361730306,0.5,0.7836163369536455,0.6344739353674111,0.5
0.7076823733762762,0.6129323971561469,0.5,0.869190776685802,0.6080144436289306,0.5,0.7836163369536455,0.6324528152656059,0.5
0.7094217935932554,0.6114210804828033,0.5,0.8677864359126717,0.6126218168889641,0.5,0.7713510916962381,0.6279193534627973,0.5
0.7013576184314937,0.5926851999105711,0.5773502691896257,0.85012219076988,0.5891796268318683,0.5773502691896257,0.7518321252099381,0.6098593168367549,0.5773502691896257
0.7031984191854691,0.5845613553206082,0.5773502691896257,0.8592960325130353,0.5828354643143672,0.5773502691896257,0.6770292371936684,0.5786026489922201,0.5773502691896257
0.7022290941376022,0.5699821291938002,0.5773502691896257,0.8726572277586693,0.5729801721756381,0.5773502691896257,0.6506976621518398,0.5919441433871422,0.5773502691896257
0.7022290941376022,0.5699821291938002,0.5773502691896257,0.8726572277586693,0.5632788923046552,0.5773502691896257,0.6506976621518398,0.5835275802405508,0.5773502691896257
0.6972039781438487,0.6121828680962756,0.5,0.8828618536795281,0.6112419800750711,0.5,0.6932283533834371,0.6277913977033911,0.5
0.6948379644843219,0.5960331743302456,0.5773502691896257,0.8802152800069288,0.598043654830415,0.5773502691896257,0.7268885101385887,0.6013041225969645,0.5773502691896257
0.6948379644843219,0.5960331743302456,0.5773502691896257,0.8802152800069288,0.5988521599611771,0.5773502691896257,0.7268885101385887,0.5928407487716638,0.5773502691896257
0.7005907021710407,0.6097044895318884,0.5,0.8682279139526133,0.6161907211053168,0.5,0.7640792466495452,0.6272174590282608,0.5
0.6900246412282449,0.5912542890710807,0.5773502691896257,0.8491499354001254,0.5885996156910277,0.5773502691896257,0.7283101380750456,0.5920061889052154,0.5773502691896257
0.6816729760666858,0.5816063600897714,0.5773502691896257,0.8340967044849307,0.5768594110653129,0.5773502691896257,0.715551150784804,0.5746849462800129,0.5773502691896257
0.6816729760666858,0.5816063600897714,0.5773502691896257,0.8340967044849307,0.5726923231033282,0.5773502691896257,0.715551150784804,0.5742550574557834,0.5773502691896257
0.6905356058577445,0.5836993805760883,0.5773502691896257,0.8459385058889176,0.5877536495037947,0.5773502691896257,0.6765909262709137,0.5810099385728307,0.5773502691896257
0.6995875947647019,0.5780225326627123,0.5773502691896257,0.8555489219734101,0.5726163108244346,0.5773502691896257,0.7215130120192699,0.5868366115234923,0.5773502691896257
0.6995875947647019,0.5780225326627123,0.5773502691896257,0.8555489219734101,0.5742590061909358,0.5773502691896257,0.7215130120192699,0.5880893223669634,0.5773502691896257
0.6912231871495332,0.5954330918623821,0.5773502691896257,0.8282054508966389,0.5957710419820914,0.5773502691896257,0.6520384913391665,0.5914368112700941,0.5773502691896257
0.6912231871495332,0.5954330918623821,0.5773502691896257,0.8282054508966389,0.5914223120763765,0.5773502691896257,0.6520384913391665,0.6091394248112825,0.5773502691896257
0.6848158502113091,0.598016128370686,0.5773502691896257,0.8193081354667306,0.5996601448157347,0.5773502691896257,0.5974060882804917,0.6013060586965772,0.5773502691896257
0.6790805435603059,0.5807112555661826,0.5773502691896257,0.7955283988328616,0.5808194475283306,0.5773502691896257,0.7364302864354518,0.6075839077214973,0.5773502691896257
0.6790805435603059,0.5807112555661826,0.5773502691896257,0.7955283988328616,0.5974345465175329,0.5773502691896257,0.7364302864354518,0.6047494762189002,0.5773502691896257
0.6790805435603059,0.5807112555661826,0.5773502691896257,0.7955283988328616,0.5845070455649044,0.5773502691896257,0.7364302864354518,0.6127203671251208,0.5773502691896257
0.6744116469184207,0.5774022567939114,0.5773502691896257,0.7989432557741132,0.5817314280367958,0.5773502691896257,0.6518262963349188,0.6044585925113309,0.5773502691896257
0.6744116469184207,0.5774022567939114,0.5773502691896257,0.7989432557741132,0.5851675571167583,0.5773502691896257,0.6518262963349188,0.6031745465422179,0.5773502691896257
0.6744116469184207,0.5774022567939114,0.5773502691896257,0.7989432557741132,0.5867127398648162,0.5773502691896257,0.6518262963349188,0.5939926714947459,0.5773502691896257
0.6744116469184207,0.5774022567939114,0.5773502691896257,0.7989432557741132,0.5867701327755466,0.5773502691896257,0.6518262963349188,0.6021372823307335,0.5773502691896257
0.6744116469184207,0.5774022567939114,0.5773502691896257,0.7989432557741132,0.5860397041757689,0.5773502691896257,0.6518262963349188,0.6049122792691295,0.5773502691896257
0.6744116469184207,0.5774022567939114,0.5773502691896257,0.7989432557741132,0.5787041873070419,0.5773502691896257,0.6518262963349188,0.6026458521693093,0.5773502691896257
0.6801821206865033,0.5733860127440763,0.5773502691896257,0.8431802027778428,0.5774148777137783,0.5773502691896257,0.6924308943863302,0.5583444364791542,0.5773502691896257
0.6824741113599336,0.5783611119357589,0.5773502691896257,0.7888033890077588,0.5762852331315776,0.5773502691896257,0.6644428268968878,0.5951906435821672,0.5773502691896257
0.6657971732196745,0.5759517323398836,0.5773502691896257,0.8272544573734344,0.5825956327694137,0.5773502691896257,0.5978919473462799,0.581463183915558,0.5773502691896257
0.6612444860149951,0.5963436575292197,0.5773502691896257,0.7886621546523132,0.5909397870941684,0.5773502691896257,0.611487901766971,0.6034687640794132,0.5773502691896257
0.6612444860149951,0.5963436575292197,0.5773502691896257,0.7886621546523132,0.5883087243219047,0.5773502691896257,0.611487901766971,0.6068221027733455,0.5773502691896257
0.6612444860149951,0.5963436575292197,0.5773502691896257,0.7886621546523132,0.6022719943605783,0.5773502691896257,0.611487901766971,0.6040758516763489,0.5773502691896257
0.6612444860149951,0.5963436575292197,0.5773502691896257,0.7886621546523132,0.5931432186156106,0.5773502691896257,0.611487901766971,0.6019960055602426,0.5773502691896257
0.6612444860149951,0.5963436575292197,0.5773502691896257,0.7886621546523132,0.6063907542411394,0.5773502691896257,0.611487901766971,0.6011911314953419,0.5773502691896257
0.6637609320195673,0.5921775836267261,0.5773502691896257,0.8366758700940148,0.5909140352002923,0.5773502691896257,0.7147745708054287,0.5942916243831198,0.5773502691896257
0.6579538188107876,0.5751298801484528,0.5773502691896257,0.8260930599084019,0.5791129767009974,0.5773502691896257,0.6889058804200375,0.5879011182521502,0.5773502691896257
0.6570167980683289,0.5983201171931632,0.5773502691896257,0.8605831071198475,0.6048966816517963,0.5773502691896257,0.6247490089657461,0.606245007626959,0.5773502691896257
0.6570167980683289,0.5983201171931632,0.5773502691896257,0.8605831071198475,0.5985693270275966,0.5773502691896257,0.6247490089657461,0.6030407410286579,0.5773502691896257
0.6570167980683289,0.5983201171931632,0.5773502691896257,0.8605831071198475,0.5969625068885221,0.5773502691896257,0.6247490089657461,0.6026664426678588,0.5773502691896257
0.6570167980683289,0.5983201171931632,0.5773502691896257,0.8605831071198475,0.5996541619624014,0.5773502691896257,0.6247490089657461,0.6040846861559449,0.5773502691896257
0.6570167980683289,0.5983201171931632,0.5773502691896257,0.8605831071198475,0.5960230261265348,0.5773502691896257,0.6247490089657461,0.5989946184447424,0.5773502691896257
0.650806110939117,0.5902442645985199,0.5773502691896257,0.8330645792927749,0.5966422570147443,0.5773502691896257,0.6638069570911983,0.6066794889617855,0.5773502691896257
0.650806110939117,0.5902442645985199,0.5773502691896257,0.8330645792927749,0.5943211150628612,0.5773502691896257,0.6638069570911983,0.6111345510183289,0.5773502691896257
0.6477549917715422,0.6043777380646291,0.5773502691896257,0.8205474925677035,0.6077821342103472,0.5773502691896257,0.6624942173938014,0.6287786827740462,0.5773502691896257
0.6555010949817157,0.5920367849051794,0.5773502691896257,0.8214279019490034,0.6010367901280006,0.5773502691896257,0.6276945130247094,0.6035559035918887,0.5773502691896257
0.6555010949817157,0.5920367849051794,0.5773502691896257,0.8214279019490034,0.5994497443061114,0.5773502691896257,0.6276945130247094,0.6041607739608894,0.5773502691896257
0.6555991869411516,0.6025859890669166,0.5773502691896257,0.852822785419224,0.605530576955911,0.5773502691896257,0.6622032467119692,0.6326368882227712,0.5773502691896257
0.6421679043323836,0.5357817913256053,0.7071067811865476,0.7829251834028286,0.5488865532046171,0.7071067811865476,0.6345884252515567,0.5428037315695362,0.7071067811865476
0.637507163995771,0.6010148031628875,0.5773502691896257,0.8190030432427391,0.6016832844795698,0.5773502691896257,0.6760499348882946,0.6129084910147635,0.5773502691896257
0.6383015626015607,0.5773139131882128,0.5773502691896257,0.8310902748189176,0.5839391349705902,0.5773502691896257,0.6024304526164345,0.5875518391947834,0.5773502691896257
0.6383015626015607,0.5773139131882128,0.5773502691896257,0.8310902748189176,0.5857852083888434,0.5773502691896257,0.6024304526164345,0.5914125804818188,0.5773502691896257
0.626400438062722,0.5891178590261457,0.5773502691896257,0.7981102098327033,0.5823749305816995,0.5773502691896257,0.6510197315187333,0.5959292877568467,0.5773502691896257
0.6265854506039763,0.5853676659512332,0.5773502691896257,0.7954953927956978,0.5940913325199386,0.5773502691896257,0.5993264395494354,0.585679333263808,0.5773502691896257
0.6272738786757134,0.591176649551863,0.5773502691896257,0.7904335876364977,0.597281997790837,0.5773502691896257,0.6342146019495682,0.5951609016040951,0.5773502691896257
0.6272738786757134,0.591176649551863,0.5773502691896257,0.7904335876364977,0.6035492736614857,0.5773502691896257,0.6342146019495682,0.5969822575591578,0.5773502691896257
0.6272738786757134,0.591176649551863,0.5773502691896257,0.7904335876364977,0.5981163175807,0.5773502691896257,0.6342146019495682,0.6102211710925115,0.5773502691896257
0.6272738786757134,0.591176649551863,0.5773502691896257,0.7904335876364977,0.5989143529697086,0.5773502691896257,0.6342146019495682,0.5939414933142865,0.5773502691896257
0.6296970328840266,0.5896056024204367,0.5773502691896257,0.8437038564201527,0.5902391172365155,0.5773502691896257,0.6301678586609857,0.60358426915799,0.5773502691896257
0.6338734983012668,0.5956502276951524,0.5773502691896257,0.8238079262079084,0.5989797589067175,0.5773502691896257,0.6643033070744929,0.6155838646701494,0.5773502691896257
0.6211659082287844,0.5634800719914167,0.7071067811865476,0.7795531059704159,0.5610840725576646,0.7071067811865476,0.5375505404648148,0.5420579372476543,0.7071067811865476
0.5880579533607576,0.5094479589405644,0.7071067811865476,0.7420160806116337,0.5105384998454189,0.7071067811865476,0.5033369349047574,0.5078756943233842,0.7071067811865476
0.5545456794767025,0.5270256977854137,0.7071067811865476,0.7367699241893249,0.5461231203611179,0.7071067811865476,0.5121388768232215,0.5445341801474418,0.7071067811865476
0.549276108756576,0.5283329268351148,0.7071067811865476,0.7093463301334764,0.5194786969740961,0.7071067811865476,0.4649839201522476,0.5489934784952512,0.7071067811865476
0.5526425916764891,0.4957302007919104,0.7071067811865476,0.7142738798528986,0.5031517996325261,0.7071067811865476,0.42556165575199156,0.4762385689897359,0.7071067811865476
0.5300940312252468,0.5378580693367,0.7071067811865476,0.6753199283470361,0.5297587215767987,0.7071067811865476,0.5423718992697355,0.5328359483068014,0.7071067811865476
0.5110216100898503,0.5452713671408064,0.7071067811865476,0.7315287889797261,0.5398839075919476,0.7071067811865476,0.5005255717415117,0.5728979803642574,0.7071067811865476
0.5110216100898503,0.5452713671408064,0.7071067811865476,0.7315287889797261,0.5504535203046206,0.7071067811865476,0.5005255717415117,0.5680480005852772,0.7071067811865476
0.5110216100898503,0.5452713671408064,0.7071067811865476,0.7315287889797261,0.5380257513683021,0.7071067811865476,0.5005255717415117,0.5537319016993257,0.7071067811865476
0.5110216100898503,0.5452713671408064,0.7071067811865476,0.7315287889797261,0.5386641718020816,0.7071067811865476,0.5005255717415117,0.5690083320792718,0.7071067811865476
0.5110216100898503,0.5452713671408064,0.7071067811865476,0.7315287889797261,0.546150828289369,0.7071067811865476,0.5005255717415117,0.5532821891700527,0.7071067811865476
0.5236621238119186,0.526317781585257,0.7071067811865476,0.6959500859426115,0.512646902613651,0.7071067811865476,0.56248342405574,0.5490383895602197,0.7071067811865476
0.511992544859215,0.5221777722894493,0.7071067811865476,0.7344866315132126,0.5194779296358663,0.7071067811865476,0.49748163840129006,0.4702444991472106,0.7071067811865476
0.511992544859215,0.5221777722894493,0.7071067811865476,0.7344866315132126,0.5167646816837413,0.7071067811865476,0.49748163840129006,0.4684967142292183,0.7071067811865476
0.511992544859215,0.5221777722894493,0.7071067811865476,0.7344866315132126,0.5097284566045152,0.7071067811865476,0.49748163840129006,0.47974187102388555,0.7071067811865476
0.5077876825559632,0.5215205948511714,0.7071067811865476,0.7077161161847126,0.5116298600076288,0.7071067811865476,0.45407288997760253,0.5344715119604764,0.7071067811865476
0.5026291123917992,0.4937626280294957,0.7071067811865476,0.6698793061169886,0.5089550817228309,0.7071067811865476,0.4431519578016983,0.5114985188296176,0.7071067811865476
0.5110970107498548,0.46811985628654507,0.7071067811865476,0.7032295330220008,0.47189045472265123,0.7071067811865476,0.40930782540709587,0.4799049248966502,0.7071067811865476
0.5045266820737024,0.49507668288094886,0.7071067811865476,0.6771231409464168,0.5016089586546159,0.7071067811865476,0.44794184288802563,0.4814263050169838,0.7071067811865476
0.5045266820737024,0.49507668288094886,0.7071067811865476,0.6771231409464168,0.5036889009597041,0.7071067811865476,0.44794184288802563,0.4663820941616313,0.7071067811865476
0.5045266820737024,0.49507668288094886,0.7071067811865476,0.6771231409464168,0.4975500816481882,0.7071067811865476,0.44794184288802563,0.4763058392176313,0.7071067811865476
0.5045266820737024,0.49507668288094886,0.7071067811865476,0.6771231409464168,0.5029364749994029,0.7071067811865476,0.44794184288802563,0.48448759539493697,0.7071067811865476
0.5045266820737024,0.49507668288094886,0.7071067811865476,0.6771231409464168,0.49976385008491087,0.7071067811865476,0.44794184288802563,0.4764459224718889,0.7071067811865476
0.5045266820737024,0.49507668288094886,0.7071067811865476,0.6771231409464168,0.5023699606133413,0.7071067811865476,0.44794184288802563,0.469606764068933,0.7071067811865476
0.5045266820737024,0.49507668288094886,0.7071067811865476,0.6771231409464168,0.4987004082129312,0.7071067811865476,0.44794184288802563,0.46926799564575983,0.7071067811865476
0.5045266820737024,0.49507668288094886,0.7071067811865476,0.6771231409464168,0.4974502021474748,0.7071067811865476,0.44794184288802563,0.4774772669060588,0.7071067811865476
0.5045266820737024,0.49507668288094886,0.7071067811865476,0.6771231409464168,0.4989447057539216,0.7071067811865476,0.44794184288802563,0.47864713940088377,0.7071067811865476
0.502226155648543,0.4886318065674753,0.7071067811865476,0.6792734034010429,0.4935488191944371,0.7071067811865476,0.42521570026914157,0.49077271797578925,0.7071067811865476
0.4976431635200553,0.5153991780181281,0.7071067811865476,0.6818485716703578,0.524856770188479,0.7071067811865476,0.4565111691527164,0.5286090139391983,0.7071067811865476
0.4976431635200553,0.5153991780181281,0.7071067811865476,0.6818485716703578,0.5223025080957512,0.7071067811865476,0.4565111691527164,0.5381260656777191,0.7071067811865476
0.4976431635200553,0.5153991780181281,0.7071067811865476,0.6818485716703578,0.524441584594967,0.7071067811865476,0.4565111691527164,0.5364848254998833,0.7071067811865476
0.4976431635200553,0.5153991780181281,0.7071067811865476,0.6818485716703578,0.5197662394605896,0.7071067811865476,0.4565111691527164,0.538119162379968,0.7071067811865476
0.4976431635200553,0.5153991780181281,0.7071067811865476,0.6818485716703578,0.5229368292265001,0.7071067811865476,0.4565111691527164,0.5342545465073903,0.7071067811865476
0.48210734333781563,0.47666886622320465,0.7071067811865476,0.6831336498721732,0.4688108517560003,0.7071067811865476,0.5041358687559122,0.48530746442059325,0.7071067811865476
0.48240039318376315,0.4960759136108284,0.7071067811865476,0.6751376062531567,0.49194276339283366,0.7071067811865476,0.47339121809978724,0.5080735676464417,0.7071067811865476
0.48240039318376315,0.4960759136108284,0.7071067811865476,0.6751376062531567,0.4983266443928544,0.7071067811865476,0.47339121809978724,0.496177951190905,0.7071067811865476
0.48064301896377004,0.544812513773741,0.7071067811865476,0.7068134154616998,0.5340019472003288,0.7071067811865476,0.5102123198765192,0.5499067413302621,0.7071067811865476
0.48403954053902104,0.5618810466414299,0.7071067811865476,0.7228635416232739,0.5601063392170962,0.7071067811865476,0.5192994517852505,0.5632847956522392,0.7071067811865476
0.4777065603894204,0.5296570982158626,0.7071067811865476,0.6990880817569837,0.5286935693978938,0.7071067811865476,0.387122368714358,0.5250814009958947,0.7071067811865476
0.470366189716631,0.488343452667227,0.7071067811865476,0.7013014882971368,0.5153145441296604,0.7071067811865476,0.5025157781596916,0.4987218233964078,0.7071067811865476
0.4652547326839863,0.5077361156882126,0.7071067811865476,0.6767799791156119,0.49287973543177965,0.7071067811865476,0.45318722519994975,0.5073663299850545,0.7071067811865476
0.4652547326839863,0.5077361156882126,0.7071067811865476,0.6767799791156119,0.506591587699487,0.7071067811865476,0.45318722519994975,0.4974859071241123,0.7071067811865476
0.4652547326839863,0.5077361156882126,0.7071067811865476,0.6767799791156119,0.5059301575234663,0.7071067811865476,0.45318722519994975,0.48749720951474396,0.7071067811865476
0.46274043948888177,0.5205587269390408,0.7071067811865476,0.7236366514995105,0.5210096687010674,0.7071067811865476,0.44604875302937075,0.5011501498649148,0.7071067811865476
0.4704600232949175,0.517013724436512,0.7071067811865476,0.6837962420453906,0.514354120809659,0.7071067811865476,0.4160928498149922,0.5255382475236138,0.7071067811865476
0.4704600232949175,0.517013724436512,0.7071067811865476,0.6837962420453906,0.5072622609913963,0.7071067811865476,0.4160928498149922,0.5175106089248013,0.7071067811865476
0.4615945518963079,0.5168560139552819,0.7071067811865476,0.6870672909159901,0.507695466203635,0.7071067811865476,0.4647863595882073,0.4889850283821666,0.7071067811865476
0.4589575429334649,0.5279463399605555,0.7071067811865476,0.729882880768513,0.5192727067420829,0.7071067811865476,0.42111853716680087,0.518763449214899,0.7071067811865476
0.45670253450090675,0.549591717428179,0.7071067811865476,0.6863330698809289,0.5463214429707924,0.7071067811865476,0.4624796944241025,0.5502806634643266,0.7071067811865476
0.4377511387939414,0.522276112536854,0.7071067811865476,0.7255764916287226,0.5324088103561059,0.7071067811865476,0.47692827547138844,0.5277438142255191,0.7071067811865476
0.4433337409237309,0.5252782961231488,0.7071067811865476,0.6223704240786274,0.5356781168822995,0.7071067811865476,0.424861188811119,0.5559228602776802,0.7071067811865476
0.43305252811524053,0.5116366647197783,0.7071067811865476,0.684522178435091,0.5130490143047324,0.7071067811865476,0.39319671433467773,0.5202004427878952,0.7071067811865476
0.43305252811524053,0.5116366647197783,0.7071067811865476,0.684522178435091,0.513094016043039,0.7071067811865476,0.39319671433467773,0.5015624075821523,0.7071067811865476
0.43305252811524053,0.5116366647197783,0.7071067811865476,0.684522178435091,0.5135687358652181,0.7071067811865476,0.39319671433467773,0.500861672998344,0.7071067811865476
0.4335098522017,0.5310648832845309,0.7071067811865476,0.6473111656286259,0.526708173581988,0.7071067811865476,0.43838759968102076,0.5057916459017404,0.7071067811865476
0.4335098522017,0.5310648832845309,0.7071067811865476,0.6473111656286259,0.5285716601174405,0.7071067811865476,0.43838759968102076,0.514715093892593,0.7071067811865476
0.4130318173618891,0.5452445781609776,0.7071067811865476,0.710952786363191,0.5437765107434234,0.7071067811865476,0.40407646395115104,0.5531680506491036,0.7071067811865476
0.3861395638688658,0.5427291340863798,0.7071067811865476,0.7027117311513214,0.5417754729731702,0.7071067811865476,0.39550495561787186,0.5618278891124432,0.7071067811865476
0.38762602018868386,0.5201371361993025,0.7071067811865476,0.6716933955909883,0.5237877545917156,0.7071067811865476,0.4061249535337747,0.538142892637842,0.7071067811865476
0.20000000000000004,0.0,1.0,0.2,0.0,1.0,0.2,0.0,1.0
