gen,evals,gen_feats,explored,type naive Bayes adjusted balanced accuracy_min,type naive Bayes adjusted balanced accuracy_avg,type naive Bayes adjusted balanced accuracy_max,type naive Bayes adjusted balanced accuracy_std,adjusted root leanness_min,adjusted root leanness_avg,adjusted root leanness_max,adjusted root leanness_std
0,500,403,403,0.11686541871009348,0.7319286958205024,0.8497270480420154,0.15298671868611216,0.14002800840280097,0.24865133337495487,1.0,0.1489099749173984
1,506,616,622,0.11686541871009348,0.731299275386975,0.8497270480420154,0.14828114050054833,0.12909944487358055,0.26777683676555025,1.0,0.13315307206131222
2,500,670,848,0.11686541871009348,0.7401206467402044,0.8497270480420154,0.13798878810018986,0.12909944487358055,0.2735864265793473,1.0,0.1337004730974915
3,500,687,1041,0.11686541871009348,0.7512066589589337,0.8497270480420154,0.1306601810074533,0.12909944487358055,0.2707151990414016,1.0,0.13475336196838716
4,500,699,1236,0.11686541871009348,0.758175181634524,0.8521880816761418,0.12259106205877257,0.13483997249264842,0.27233368269435243,1.0,0.13434218287965674
5,500,748,1423,0.11686541871009348,0.7653025627004632,0.8521880816761418,0.11934140673132448,0.14002800840280097,0.27020097689407846,1.0,0.13693170097500887
6,500,762,1625,0.11686541871009348,0.7667378825488679,0.8521880816761418,0.11714807974548785,0.13608276348795434,0.27613255555537386,1.0,0.1365365449634207
7,500,777,1796,0.11686541871009348,0.7719160702398369,0.8521880816761418,0.11379832428593467,0.13608276348795434,0.27480731422814125,1.0,0.13595699986211296
8,500,745,1956,0.11686541871009348,0.7737664798586182,0.8534226495773765,0.11223329885566538,0.13608276348795434,0.2778571776852684,1.0,0.13678270145226767
9,500,774,2104,0.11686541871009348,0.7798314540671082,0.8534226495773765,0.10815284823743149,0.13608276348795434,0.27364289623510185,1.0,0.1358177164386008
10,500,806,2282,0.11686541871009348,0.7845647891904555,0.8589906174664108,0.10315914161927695,0.1386750490563073,0.27319403083902843,1.0,0.13398083541015635
11,500,797,2430,0.11686541871009348,0.7839817529405535,0.8589906174664108,0.10583804635195694,0.13608276348795434,0.2762002993678676,1.0,0.13668686469659933
12,500,804,2567,0.11686541871009348,0.7880289516276254,0.8589906174664108,0.10214483757415459,0.1386750490563073,0.27333889703478453,1.0,0.13435398984922883
13,500,825,2707,0.11686541871009348,0.786450049061617,0.8590873371010028,0.10426743253904935,0.1386750490563073,0.27826743652407565,1.0,0.13655321436151752
14,500,840,2847,0.11686541871009348,0.7898855484766828,0.8647003615250364,0.10278247862904738,0.14002800840280097,0.27565588101530397,1.0,0.13701085171104369
15,500,818,2975,0.11686541871009348,0.7930184883602422,0.8647003615250364,0.09946315117666342,0.13483997249264842,0.27541615674433606,1.0,0.135172903346313
16,500,828,3097,0.11686541871009348,0.7927237945974752,0.8647003615250364,0.10144115233016746,0.13483997249264842,0.2780117035224427,1.0,0.13625730026733118
17,500,795,3200,0.11686541871009348,0.7949700949330792,0.8647003615250364,0.09980012632591684,0.13483997249264842,0.27825300757466787,1.0,0.135366105014214
18,500,815,3321,0.11686541871009348,0.7955587158380397,0.8647003615250364,0.09862832488785017,0.13608276348795434,0.2812292551956125,1.0,0.13434944990737133
19,500,775,3409,0.11686541871009348,0.7972885780988227,0.8647003615250364,0.09826035396055326,0.13483997249264842,0.2812479452482359,1.0,0.13435599542007146
20,500,819,3518,0.11686541871009348,0.7995463066135325,0.8647003615250364,0.09724981816794805,0.12909944487358055,0.28076166687418047,1.0,0.13480740235156255
21,500,822,3610,0.11686541871009348,0.801745595718919,0.8683384941919192,0.09744719389097076,0.12803687993289598,0.27773814027561355,1.0,0.13558293287172643
22,500,850,3714,0.11686541871009348,0.8055411337794435,0.8683384941919192,0.09429210332623508,0.13018891098082386,0.27403773658502667,1.0,0.13361035500300836
23,500,823,3787,0.11686541871009348,0.8047738970639967,0.8683384941919192,0.09680499501053381,0.13018891098082386,0.27690403748610315,1.0,0.13605160514562406
24,500,822,3866,0.11686541871009348,0.8050865654165739,0.8683384941919192,0.09530950854495965,0.13018891098082386,0.2800545167497821,1.0,0.1354561392130319
25,500,827,3945,0.11686541871009348,0.8065859216239301,0.8683384941919192,0.09512616502701228,0.13018891098082386,0.27762258011234586,1.0,0.136945241871312
26,500,841,4032,0.11686541871009348,0.8081375469448075,0.8683384941919192,0.09511727635102563,0.13018891098082386,0.2760161990223203,1.0,0.13766710465416537
27,500,871,4108,0.11686541871009348,0.8119779143027731,0.8683384941919192,0.09238220729593244,0.13130643285972254,0.27069830718374405,1.0,0.1355444285104109
28,500,835,4195,0.11686541871009348,0.8126559461212128,0.8683384941919192,0.09243064010257294,0.13130643285972254,0.27096728374398554,1.0,0.13564436976502608
29,500,847,4267,0.11686541871009348,0.8099606100260764,0.8683384941919192,0.09603498288688975,0.13130643285972254,0.27751491411966706,1.0,0.13669411058234487
30,500,814,4322,0.11686541871009348,0.8108160483828246,0.8683653326245548,0.09545106173981155,0.13130643285972254,0.27797086757733497,1.0,0.13643634582409225
31,500,815,4387,0.11686541871009348,0.8146213185135923,0.8683653326245548,0.09128962717130797,0.13018891098082386,0.2728438099255356,1.0,0.13430966326065716
32,500,853,4474,0.11686541871009348,0.8157152506489824,0.8714517523776413,0.09089971814325926,0.13130643285972254,0.2720187258083977,1.0,0.1346586562006857
33,500,843,4522,0.11686541871009348,0.8167583959908127,0.8714517523776413,0.09075387046103084,0.13130643285972254,0.27115843941704815,1.0,0.13496732137875272
34,500,846,4581,0.11686541871009348,0.817640263526484,0.8714517523776413,0.09034581721737697,0.13130643285972254,0.27084876357065607,1.0,0.13494572820980208
35,500,829,4636,0.11686541871009348,0.8183299749267766,0.8714517523776413,0.09001663442582793,0.13483997249264842,0.2713069219023354,1.0,0.13443262504045383
36,500,855,4687,0.11686541871009348,0.821334281323462,0.8714517523776413,0.08687566712083274,0.13483997249264842,0.2677198186185084,1.0,0.1313838612249215
37,500,833,4728,0.11686541871009348,0.8217016480033418,0.8714517523776413,0.0868951700114914,0.13483997249264842,0.2683076824468433,1.0,0.13117458241765395
38,500,856,4774,0.11686541871009348,0.8223833678157577,0.8714517523776413,0.08681977489945696,0.13483997249264842,0.26793221602229866,1.0,0.13152640291471626
39,500,870,4815,0.11686541871009348,0.8228467455202392,0.8714517523776413,0.08687190481458637,0.1336306209562122,0.2678258571683399,1.0,0.13143725481618498
40,500,830,4855,0.11686541871009348,0.8232684006848887,0.8714517523776413,0.08673243853090991,0.13483997249264842,0.26811751495376573,1.0,0.13129645911800353
41,500,860,4904,0.11686541871009348,0.8237209112618691,0.8714517523776413,0.08660441891444039,0.13483997249264842,0.26807296185596113,1.0,0.1313599461012136
42,500,845,4943,0.11686541871009348,0.8241533257527854,0.8715953067847615,0.08638336707851908,0.13245323570650439,0.2690061782455522,1.0,0.1306550387639358
43,500,844,4979,0.11686541871009348,0.8240030244062947,0.8715953067847615,0.08845070078620328,0.13245323570650439,0.26890177394448594,1.0,0.1326580942563778
44,500,838,5009,0.11686541871009348,0.8251573275173625,0.8715953067847615,0.08657505838891029,0.1270001270001905,0.2680814898645149,1.0,0.13156391959723743
45,500,842,5055,0.11686541871009348,0.8230737226789547,0.8715953067847615,0.09055989272530102,0.1270001270001905,0.27204722500754575,1.0,0.13385557995326136
46,500,850,5082,0.11686541871009348,0.8236772119107256,0.8722125907353788,0.08932516454239185,0.1270001270001905,0.2727844692608354,1.0,0.13386173319274128
47,500,846,5115,0.11686541871009348,0.8237904890329107,0.8722125907353788,0.08915544350250294,0.13245323570650439,0.2751263696905776,1.0,0.13248433176619284
48,500,861,5149,0.11686541871009348,0.824042196741535,0.8722125907353788,0.08910727368465467,0.13245323570650439,0.27554467717189574,1.0,0.13234666811058135
49,500,834,5178,0.11686541871009348,0.8246443893201845,0.8722125907353788,0.08874725359199236,0.13245323570650439,0.2754696997251614,1.0,0.13255514055224327
50,500,840,5215,0.11686541871009348,0.8242252593941426,0.8734820992375916,0.08939346509500437,0.13245323570650439,0.27731891784480056,1.0,0.1328998423267581
51,500,849,5250,0.11686541871009348,0.8235722387574017,0.8746080533326843,0.09247503502653975,0.13245323570650439,0.27823480442599796,1.0,0.1342609040755519
52,500,846,5278,0.11686541871009348,0.8257126942971061,0.8746080533326843,0.08887047059687136,0.13483997249264842,0.27684903174624176,1.0,0.13142411446181443
53,500,865,5297,0.11686541871009348,0.8242573765543232,0.8746080533326843,0.09265340593586999,0.14002800840280097,0.2788410660103518,1.0,0.13339674163827067
54,500,832,5319,0.11686541871009348,0.8243468162257896,0.8746080533326843,0.09203376210225596,0.1386750490563073,0.2806921924139872,1.0,0.1334500859931188
55,500,800,5340,0.11686541871009348,0.8267839334837145,0.8746080533326843,0.08912651561693023,0.1386750490563073,0.2771236641421797,1.0,0.13141112892370588
56,500,804,5358,0.11686541871009348,0.8271219440999102,0.8746080533326843,0.08922268252900785,0.14907119849998599,0.27733499468962386,1.0,0.13107942800118969
57,500,832,5380,0.11686541871009348,0.8280433433161197,0.8746080533326843,0.08940429621045483,0.14907119849998599,0.27513313074147516,1.0,0.13184350569034417
58,500,839,5397,0.11686541871009348,0.8305104945112954,0.8746080533326843,0.08691296702016417,0.14907119849998599,0.27144050807008957,1.0,0.12898247348526287
59,500,837,5417,0.11686541871009348,0.8308558728012999,0.8746080533326843,0.08700432040757877,0.14744195615489714,0.27110324234576727,1.0,0.1292200049192298
60,500,834,5443,0.11686541871009348,0.8312521219684135,0.8746080533326843,0.08708386786988807,0.14744195615489714,0.2709745420146954,1.0,0.12906438261595166
61,500,809,5466,0.11686541871009348,0.8317928356940755,0.8763819218142368,0.08720622430063017,0.14744195615489714,0.2707117740141737,1.0,0.12925420159213466
62,500,840,5479,0.11686541871009348,0.8321769878999026,0.8763819218142368,0.08732032778964616,0.14744195615489714,0.2701031375467161,1.0,0.12961833288489424
63,500,815,5506,0.11686541871009348,0.8325718493116064,0.8797167177773784,0.08673812843968506,0.14744195615489714,0.26992811737182104,1.0,0.12979718288487185
64,500,829,5517,0.11686541871009348,0.8330154214539964,0.8797167177773784,0.0868873077353168,0.14744195615489714,0.26884261011788113,1.0,0.13040448691464518
65,500,794,5527,0.11686541871009348,0.8312538742271873,0.8797167177773784,0.09058925070226774,0.14744195615489714,0.2713513300095249,1.0,0.13350444606683615
66,500,798,5538,0.11686541871009348,0.8336021818514455,0.8797167177773784,0.08704015233773348,0.14744195615489714,0.2688469054862775,1.0,0.1304719846839351
67,500,810,5551,0.11686541871009348,0.8337716514208553,0.8797167177773784,0.08706109975992472,0.14744195615489714,0.2692492565435474,1.0,0.1302442027953259
68,500,821,5562,0.11686541871009348,0.83196482972485,0.8797167177773784,0.09036133065752348,0.14002800840280097,0.2725835598010176,1.0,0.1321312323425394
69,500,849,5576,0.11686541871009348,0.8339772474519234,0.8797167177773784,0.08711108478912724,0.14002800840280097,0.2706570578007976,1.0,0.12937912383630099
70,500,852,5590,0.11686541871009348,0.8341134418870054,0.8797167177773784,0.08710299787429296,0.14002800840280097,0.27122556870577424,1.0,0.12907498245041152
71,500,847,5600,0.11686541871009348,0.8346347942566661,0.8797167177773784,0.08721453028677141,0.14002800840280097,0.27019970804761945,1.0,0.12956243357453348
72,500,831,5612,0.11686541871009348,0.8349254018886731,0.8801555067198972,0.08729709036201028,0.14002800840280097,0.26990704207565286,1.0,0.12980073037995923
73,500,825,5626,0.11686541871009348,0.8351811559709058,0.8801555067198972,0.08712400678778738,0.14002800840280097,0.2699025792632003,1.0,0.129809905473191
74,500,857,5637,0.11686541871009348,0.8371286176958151,0.8801555067198972,0.08527506739019534,0.14002800840280097,0.2657513272198157,1.0,0.1290952856037572
75,500,852,5647,0.11686541871009348,0.8356970288488267,0.8801555067198972,0.0887665154052995,0.14433756729740643,0.2686531398868981,1.0,0.13025459697863273
76,500,823,5657,0.11686541871009348,0.8356874598111687,0.8801555067198972,0.0885058784520234,0.14433756729740643,0.2708319151228723,1.0,0.12883368708766807
77,500,793,5668,0.11686541871009348,0.8359828634086728,0.8801555067198972,0.08744073141468656,0.14433756729740643,0.2713282172061088,1.0,0.12840421355927692
78,500,796,5673,0.11686541871009348,0.8360935748991726,0.8801555067198972,0.08746126621139491,0.14433756729740643,0.27146034785724704,1.0,0.1283367497891021
79,500,806,5681,0.11686541871009348,0.8360084937467711,0.8810211668805696,0.08757248149874093,0.14285714285714285,0.2722181324654231,1.0,0.12872549144017523
80,500,822,5689,0.11686541871009348,0.8334516558582057,0.8810211668805696,0.09272781234407165,0.14285714285714285,0.27718424635362127,1.0,0.1301505014433807
81,500,848,5695,0.11686541871009348,0.8338786152816515,0.8810211668805696,0.09012376869821584,0.14285714285714285,0.27871601991858086,1.0,0.12936683630997184
82,500,814,5711,0.11686541871009348,0.8341330293971362,0.8810211668805696,0.09013336087715547,0.14285714285714285,0.2787913998791104,1.0,0.12911853564461934
83,500,833,5721,0.11686541871009348,0.8365484744146207,0.8810211668805696,0.08692218770649601,0.14285714285714285,0.2750596635221836,1.0,0.1264071754416948
84,500,823,5729,0.11686541871009348,0.8367614535936966,0.8810211668805696,0.08698615208374542,0.14285714285714285,0.27471741774910297,1.0,0.12662108525971122
85,500,839,5736,0.11686541871009348,0.8370526025636025,0.8810211668805696,0.08702186505323842,0.14285714285714285,0.27417166908726787,1.0,0.1269096314088658
86,500,808,5739,0.11686541871009348,0.8372921255531519,0.8810211668805696,0.08710105220123825,0.14285714285714285,0.2736187704913093,1.0,0.12714988494108057
87,500,839,5746,0.11686541871009348,0.838868405489663,0.881638450831187,0.08502089701588894,0.14433756729740643,0.27113751339068015,1.0,0.12552310570707925
88,500,817,5749,0.11686541871009348,0.8401449085184372,0.881638450831187,0.0845269952057417,0.14433756729740643,0.2685396136843676,1.0,0.12449276567888051
89,500,841,5757,0.11686541871009348,0.8402434840912946,0.881638450831187,0.08456326507316847,0.15249857033260467,0.2686512245863987,1.0,0.12444491362334033
90,500,812,5760,0.11686541871009348,0.8404304851749596,0.881638450831187,0.08454637674392838,0.15249857033260467,0.26884588958515376,1.0,0.12435958302773609
91,500,807,5769,0.11686541871009348,0.8405634447722252,0.881638450831187,0.08458478153275882,0.15249857033260467,0.268814815657443,1.0,0.12452650389654937
92,500,818,5777,0.11686541871009348,0.8407872231995898,0.881638450831187,0.0846285924716274,0.15249857033260467,0.2683867791016127,1.0,0.12474691375132725
93,500,821,5782,0.11686541871009348,0.8409324461352267,0.881638450831187,0.08464779231976115,0.15075567228888181,0.26841838441685,1.0,0.12480175557061753
94,500,836,5785,0.11686541871009348,0.8413902471690541,0.881638450831187,0.0847808225384579,0.15075567228888181,0.26687328045012854,1.0,0.12540458305698607
95,500,837,5788,0.11686541871009348,0.8419194804754666,0.881638450831187,0.08486437746210602,0.15075567228888181,0.26546543629953534,1.0,0.1256181363443516
96,500,848,5797,0.11686541871009348,0.8416247591088003,0.881638450831187,0.08485545910224122,0.15075567228888181,0.266766564875931,1.0,0.1254206941701656
97,500,820,5801,0.11686541871009348,0.8415949647978884,0.881638450831187,0.08485069972666597,0.15075567228888181,0.2675818588987322,1.0,0.12515835083311833
98,500,854,5803,0.11686541871009348,0.8424206254720125,0.881638450831187,0.08471009667124667,0.15075567228888181,0.2656014557834273,1.0,0.1250813043329394
99,500,799,5803,0.11686541871009348,0.8443996720399316,0.881638450831187,0.08187741651005298,0.1643989873053573,0.2631083316825709,1.0,0.12186951492704384
100,500,801,5807,0.11686541871009348,0.8436935196678217,0.881638450831187,0.08280667768836973,0.1643989873053573,0.2645210493970502,1.0,0.12258193026631621
101,500,800,5809,0.11686541871009348,0.8441098731880371,0.881638450831187,0.08212647481806987,0.1643989873053573,0.2642360802432146,1.0,0.12220262973949715
102,500,815,5811,0.11686541871009348,0.844603633646959,0.881638450831187,0.08191396915617016,0.1643989873053573,0.2634221397361389,1.0,0.1218622576066485
103,500,800,5816,0.11686541871009348,0.8447494909070083,0.8820422991727273,0.08194863756066895,0.1643989873053573,0.26314677456228974,1.0,0.1220934547113789
104,500,821,5818,0.11686541871009348,0.8448040139071563,0.8820422991727273,0.08194628611366608,0.1643989873053573,0.26337509962832845,1.0,0.12193628238319819
105,500,817,5821,0.11686541871009348,0.8422732362662204,0.8820422991727273,0.08526437960083551,0.1643989873053573,0.2684503315239344,1.0,0.12472313521878302
106,500,822,5824,0.11686541871009348,0.843705207186973,0.8820422991727273,0.08471683100100416,0.1643989873053573,0.26520984516152507,1.0,0.12383309171412142
107,500,826,5825,0.11686541871009348,0.8451006328299118,0.8820422991727273,0.08197491473454667,0.1643989873053573,0.2635236695049033,1.0,0.12175629380087025
108,500,792,5829,0.11686541871009348,0.8432541741722858,0.8820422991727273,0.0853702552542524,0.1643989873053573,0.26641977957055746,1.0,0.12451522064930924
109,500,790,5831,0.11686541871009348,0.8422649257732294,0.8820422991727273,0.08530678096803282,0.1643989873053573,0.26984962988527333,1.0,0.12408495360834636
110,500,806,5835,0.11686541871009348,0.8425942855582582,0.8820422991727273,0.08473248590812914,0.1643989873053573,0.26985636536973245,1.0,0.12408347314019522
111,500,795,5836,0.11686541871009348,0.8426194225355416,0.8820422991727273,0.0847081584644567,0.1643989873053573,0.27036298256353475,1.0,0.12379609045449168
112,500,784,5839,0.11686541871009348,0.8426949683072579,0.8820422991727273,0.08469549936013208,0.1643989873053573,0.2704174558592688,1.0,0.12376050915605094
113,500,801,5841,0.11686541871009348,0.8427372196313383,0.8820422991727273,0.0846895568354451,0.1643989873053573,0.2706212502726391,1.0,0.12362035270817825
114,500,805,5844,0.11686541871009348,0.8428197204786508,0.8833467482759185,0.08470548235046321,0.1643989873053573,0.2707480733591767,1.0,0.12356945894919279
115,500,809,5847,0.11686541871009348,0.8430852134143372,0.8833467482759185,0.0847524058808734,0.14586499149789456,0.2702072308614486,1.0,0.12373779386963728
116,500,784,5850,0.11686541871009348,0.8431493745089967,0.8833467482759185,0.08477383918529374,0.14586499149789456,0.2702612991033989,1.0,0.12376853272777485
117,500,805,5854,0.11686541871009348,0.8432445618681068,0.8833467482759185,0.08480395430532882,0.14586499149789456,0.2701257922087899,1.0,0.12389022087897054
118,500,808,5856,0.11686541871009348,0.8433592379332888,0.8833467482759185,0.08483309202983218,0.14586499149789456,0.2701012090459581,1.0,0.12379972207615701
119,500,807,5856,0.11686541871009348,0.8416491007546285,0.8833467482759185,0.08849849881486811,0.14586499149789456,0.27258552940763436,1.0,0.1256267599613277
120,500,799,5857,0.11686541871009348,0.8434281046448471,0.8833467482759185,0.0848281102274905,0.14586499149789456,0.2708525074240391,1.0,0.12346603567699115
121,500,806,5860,0.11686541871009348,0.8434138180490132,0.8833467482759185,0.08481528020357519,0.14586499149789456,0.27136629339436263,1.0,0.12313495353567633
122,500,770,5861,0.11686541871009348,0.8402974519280416,0.8833467482759185,0.08996393365262262,0.14433756729740643,0.27702814164525513,1.0,0.12549565789747386
123,500,805,5862,0.11686541871009348,0.8407404222017983,0.8833467482759185,0.08838435256661739,0.14433756729740643,0.2767034417934637,1.0,0.12569672705484009
124,500,780,5864,0.11686541871009348,0.8411975833291963,0.8833467482759185,0.08804218717842646,0.14433756729740643,0.27579494766641005,1.0,0.12613368586733487
125,500,780,5868,0.11686541871009348,0.8437871574401303,0.8833467482759185,0.08494398259661987,0.14433756729740643,0.271064405935364,1.0,0.12345302867766259
126,500,794,5870,0.11686541871009348,0.8436122593001669,0.8833467482759185,0.08491504477181212,0.14433756729740643,0.2717950003420229,1.0,0.123387385110064
127,500,804,5872,0.11686541871009348,0.8438618457009599,0.8833467482759185,0.08493956194692562,0.14433756729740643,0.27138715114772033,1.0,0.12328184869442045
128,500,792,5873,0.11686541871009348,0.8438181055798938,0.8833467482759185,0.0849231168068123,0.14433756729740643,0.27185418827068086,1.0,0.12308107767436967
129,500,806,5873,0.11686541871009348,0.8439201413439011,0.8833467482759185,0.084932708063721,0.14433756729740643,0.27174032776685864,1.0,0.12320569706583807
130,500,778,5874,0.11686541871009348,0.8438937186655551,0.8833467482759185,0.08492069107768165,0.14433756729740643,0.2722676100476136,1.0,0.12283309019731777
131,500,814,5876,0.11686541871009348,0.8439022953053551,0.8833467482759185,0.08492172883848458,0.14433756729740643,0.27251707739255915,1.0,0.12270192900915138
132,500,813,5876,0.11686541871009348,0.8440117631365672,0.8833467482759185,0.08495356493826559,0.14433756729740643,0.272358588445637,1.0,0.12272913460915329
133,500,788,5877,0.11686541871009348,0.8441534908815712,0.8833467482759185,0.08500270524512356,0.14285714285714285,0.2719882780987891,1.0,0.12296268184124462
134,500,773,5878,0.11686541871009348,0.844261385973565,0.8833467482759185,0.08504805831042721,0.14285714285714285,0.27152932714469785,1.0,0.12329870820373766
135,500,793,5878,0.11686541871009348,0.8443073207223754,0.8833467482759185,0.08506242618744474,0.14285714285714285,0.27172291551267935,1.0,0.12315827406808641
136,500,796,5879,0.11686541871009348,0.8443279554613171,0.8833467482759185,0.08505763738198341,0.14285714285714285,0.2720724859261075,1.0,0.1229930234380168
137,500,814,5880,0.11686541871009348,0.8443541082715094,0.8833467482759185,0.08506620318131945,0.14285714285714285,0.2721907327986038,1.0,0.12293014669541864
138,500,823,5880,0.11686541871009348,0.8443346270787855,0.8833467482759185,0.08505459035580455,0.14285714285714285,0.2726723187239613,1.0,0.12265687176486849
139,500,786,5880,0.11686541871009348,0.8452593734090803,0.8845463755761749,0.0852296445000613,0.14285714285714285,0.2697876345806466,1.0,0.12298193463436576
140,500,796,5881,0.11686541871009348,0.8448214241950731,0.8845463755761749,0.08526425377187204,0.14285714285714285,0.27099895853415135,1.0,0.12318697558339793
141,500,778,5883,0.11686541871009348,0.8473177240478444,0.8845463755761749,0.08237671545514093,0.14285714285714285,0.2666313373499568,1.0,0.12009871421390624
142,500,785,5884,0.11686541871009348,0.8474187971376463,0.885120616757471,0.08238955203619568,0.14285714285714285,0.2666013225416167,1.0,0.12017761123560898
143,500,804,5885,0.11686541871009348,0.8474130718016242,0.885120616757471,0.0823253845477975,0.14285714285714285,0.2668220343139685,1.0,0.12010579049784685
144,500,804,5885,0.11686541871009348,0.8473430958231402,0.885120616757471,0.08226739828196117,0.14285714285714285,0.26739015271756567,1.0,0.1199291701218208
145,500,813,5885,0.11686541871009348,0.8474097549058005,0.885120616757471,0.08229206271421592,0.1414213562373095,0.26722567306147677,1.0,0.1201150932338742
146,500,781,5885,0.11686541871009348,0.8475955300418945,0.885120616757471,0.08235458752242897,0.1414213562373095,0.2663934896151309,1.0,0.12055626340600227
147,500,783,5885,0.11686541871009348,0.8482878524601468,0.885120616757471,0.08247464132200834,0.1414213562373095,0.2639011065862892,1.0,0.12083664256155553
148,500,771,5886,0.11686541871009348,0.85023491644867,0.8857809434774093,0.07948188696088568,0.1414213562373095,0.2607161970430707,1.0,0.11789027377200961
149,500,828,5886,0.11686541871009348,0.8503875234273218,0.8857809434774093,0.07950599089398229,0.1414213562373095,0.26051022933961226,1.0,0.11789870774533996
150,500,804,5886,0.11686541871009348,0.8477228660277458,0.8857809434774093,0.08318647995839668,0.14285714285714285,0.26480666276495024,1.0,0.12139282370818273
151,500,758,5887,0.11686541871009348,0.8479117706028094,0.8857809434774093,0.08290387234559768,0.14285714285714285,0.26468776752214124,1.0,0.12160254442510718
152,500,788,5887,0.11686541871009348,0.8481176271280108,0.8857809434774093,0.0828667711971206,0.14285714285714285,0.26425884488510315,1.0,0.12189204401163388
153,500,809,5887,0.11686541871009348,0.8485279334865407,0.8857809434774093,0.08292538344900235,0.14285714285714285,0.26291488821296466,1.0,0.12219324693403469
154,500,767,5888,0.11686541871009348,0.850419800252035,0.8857809434774093,0.08029886924385965,0.14285714285714285,0.25919135368870383,1.0,0.12028868404898323
155,500,821,5888,0.11686541871009348,0.8486666259331767,0.8857809434774093,0.08332525893018818,0.14433756729740643,0.2628730407440773,1.0,0.12179459242344244
156,500,787,5888,0.11686541871009348,0.850879193950762,0.8857809434774093,0.07968533400015182,0.14285714285714285,0.26001096355586073,1.0,0.11841902549782474
157,500,783,5889,0.11686541871009348,0.8511032234982394,0.8857809434774093,0.07968871575555192,0.14285714285714285,0.25978938640273896,1.0,0.11793986326947102
158,500,801,5890,0.11686541871009348,0.8510810975599248,0.8857809434774093,0.07969635379365118,0.14285714285714285,0.26057640562554973,1.0,0.11751103739553696
159,500,809,5891,0.11686541871009348,0.8510927353119783,0.8857809434774093,0.07969663760594844,0.14285714285714285,0.26092118600915687,1.0,0.11734249884299192
160,500,817,5892,0.11686541871009348,0.8510162918482729,0.8857809434774093,0.07969334057247306,0.14285714285714285,0.26126418889819353,1.0,0.11737024225083868
161,500,811,5892,0.11686541871009348,0.8510240850978947,0.8857809434774093,0.0796948955684786,0.14285714285714285,0.26163779313821756,1.0,0.11706407272589965
162,500,800,5892,0.11686541871009348,0.8511517585720316,0.8857809434774093,0.07971746232467126,0.14285714285714285,0.26142548508841085,1.0,0.11702945194379233
163,500,784,5892,0.11686541871009348,0.8512668478242462,0.8857809434774095,0.07975323128137798,0.14285714285714285,0.26109644525357056,1.0,0.11716188254132097
164,500,775,5893,0.11686541871009348,0.8513044975877642,0.8857809434774095,0.07976156720560498,0.14285714285714285,0.2612024661193833,1.0,0.11710323160998048
165,500,758,5894,0.11686541871009348,0.8513689832637665,0.8857809434774095,0.0797840111141062,0.1414213562373095,0.26095928077301594,1.0,0.1172935030294847
166,500,800,5894,0.11686541871009348,0.8504322006677892,0.8857809434774095,0.08118235597996898,0.1414213562373095,0.26235746869450843,1.0,0.11843203060145008
167,500,768,5894,0.11686541871009348,0.8515872779834374,0.8857809434774095,0.07982572117208672,0.1414213562373095,0.2604412256523385,1.0,0.11735570552183269
168,500,780,5894,0.11686541871009348,0.8493122087087204,0.8857809434774095,0.08411055894176732,0.1414213562373095,0.26347417452515104,1.0,0.1207442467271571
169,500,788,5894,0.11686541871009348,0.848770788021765,0.8857809434774095,0.08354562513898856,0.1414213562373095,0.266651840884086,1.0,0.11981101927297207
170,500,788,5894,0.11686541871009348,0.8488585594002427,0.8857809434774095,0.0835642590918825,0.1414213562373095,0.26669631676965105,1.0,0.11974916126006048
171,500,785,5894,0.11686541871009348,0.8489282751436744,0.8857809434774095,0.08292532467498677,0.1414213562373095,0.2670324130561479,1.0,0.11963709704772237
172,500,817,5894,0.11686541871009348,0.8489909868923131,0.8857809434774095,0.08290047714544581,0.14285714285714285,0.26727044545745116,1.0,0.11942101905257844
173,500,781,5894,0.11686541871009348,0.8490699763917616,0.8857809434774095,0.08292205233902893,0.14285714285714285,0.2673278326827456,1.0,0.11938583772068616
174,500,781,5894,0.11686541871009348,0.8492062723159236,0.8857809434774095,0.08290739090087547,0.14285714285714285,0.26703238365412185,1.0,0.11952556613991604
175,500,796,5894,0.11686541871009348,0.8492023665526204,0.8857809434774095,0.0828996149054824,0.14285714285714285,0.26723644103266064,1.0,0.11942172571732017
176,500,761,5894,0.11686541871009348,0.8492728255522334,0.8857809434774095,0.08292243987593649,0.14433756729740643,0.2673853319882756,1.0,0.1192956600887825
177,500,773,5894,0.11686541871009348,0.8496836218564199,0.8857809434774095,0.08292373714565925,0.14433756729740643,0.2662923160454222,1.0,0.11950183263816953
178,500,778,5894,0.11686541871009348,0.8494810032780065,0.8857809434774095,0.08289164368078426,0.14433756729740643,0.2671850963126071,1.0,0.11926351227684179
179,500,769,5894,0.11686541871009348,0.8498255282966308,0.8857809434774095,0.0829635854324653,0.14433756729740643,0.26618978944493377,1.0,0.11956571616719554
180,500,773,5894,0.11686541871009348,0.8499576392624212,0.8857809434774095,0.08298847519151269,0.14433756729740643,0.26584931496508235,1.0,0.1196232314881424
181,500,778,5894,0.11686541871009348,0.852312468378505,0.8857809434774095,0.08001383913156711,0.14586499149789456,0.2615918155073259,1.0,0.11648453130180868
182,500,781,5894,0.11686541871009348,0.8522801148658266,0.8857809434774095,0.08000791932450702,0.14586499149789456,0.26192124332951655,1.0,0.11637702730196584
183,500,788,5895,0.11686541871009348,0.8522740331757142,0.8857809434774095,0.08000741967200793,0.14586499149789456,0.2621755518760601,1.0,0.11624629653659005
184,500,794,5895,0.11686541871009348,0.8524410326436562,0.8857809434774095,0.08005526598083562,0.1690308509457033,0.26174085779308087,1.0,0.1164286503048502
185,500,805,5895,0.11686541871009348,0.852486974976473,0.8857809434774095,0.0800715327726454,0.1690308509457033,0.261666957594806,1.0,0.1165079953734848
186,500,793,5895,0.11686541871009348,0.8525062459838764,0.8858158840783876,0.08007881758550371,0.1690308509457033,0.2618938099433691,1.0,0.1163899362936538
187,500,793,5895,0.11686541871009348,0.8526276438104696,0.8858158840783876,0.08011916256777389,0.1690308509457033,0.2614619321869838,1.0,0.11659794769702973
188,500,780,5895,0.11686541871009348,0.8526669838653054,0.8858158840783876,0.08012608163788994,0.1690308509457033,0.2613794599867404,1.0,0.11664803852397015
189,500,790,5895,0.11686541871009348,0.8528270918266985,0.8858158840783876,0.08018330019976157,0.16666666666666666,0.26072446804232186,1.0,0.11698733115972648
190,500,803,5895,0.11686541871009348,0.8556248857051807,0.887015511378644,0.07716804986671638,0.1690308509457033,0.2546855079562405,1.0,0.11379503545519944
191,500,780,5895,0.11686541871009348,0.8556538074078514,0.887015511378644,0.07717808858523824,0.1690308509457033,0.254570216480879,1.0,0.11386979091791946
192,500,770,5895,0.11686541871009348,0.855678617260088,0.887015511378644,0.07718706657523791,0.1690308509457033,0.25474718425836973,1.0,0.11376916946187235
193,500,780,5895,0.11686541871009348,0.8558005432585567,0.887015511378644,0.07722656170508337,0.1690308509457033,0.2542404864213481,1.0,0.11401611218589798
194,500,758,5895,0.11686541871009348,0.856050782802461,0.887015511378644,0.07730196830892572,0.1690308509457033,0.25297387354677053,1.0,0.11455067425225389
195,500,781,5895,0.11686541871009348,0.8587488584668211,0.887015511378644,0.07406591558467673,0.16666666666666666,0.24724900960754323,1.0,0.11078423966085216
196,500,786,5895,0.11686541871009348,0.8587590145348389,0.887015511378644,0.07406874150412293,0.16666666666666666,0.24773375610919826,1.0,0.11052119197554389
197,500,768,5895,0.11686541871009348,0.8588087304525613,0.887015511378644,0.07408548760356029,0.16666666666666666,0.24756868440480506,1.0,0.11061814550985834
198,500,789,5895,0.11686541871009348,0.8588123754155446,0.887015511378644,0.07408829618488379,0.16666666666666666,0.24778172059917256,1.0,0.11054521017028496
199,500,756,5895,0.11686541871009348,0.8588463700883688,0.887015511378644,0.07409967288659902,0.16666666666666666,0.24770681236067127,1.0,0.11058770955550673
200,500,757,5895,0.11686541871009348,0.8588938178935646,0.887015511378644,0.07411378735231028,0.16666666666666666,0.24770938211080687,1.0,0.11057603764491526
201,500,722,5895,0.11686541871009348,0.8588757039888539,0.887015511378644,0.0741107067900033,0.16666666666666666,0.24815439745678453,1.0,0.11039771623630279
202,500,763,5895,0.11686541871009348,0.8588741124309365,0.887015511378644,0.07410947846029567,0.16666666666666666,0.24843489438145458,1.0,0.11028171227216789
203,500,769,5895,0.11686541871009348,0.859024462343332,0.887015511378644,0.07415215750565278,0.16666666666666666,0.24773956079157114,1.0,0.11055501868389789
204,500,754,5895,0.11686541871009348,0.8604688681847126,0.887015511378644,0.07175848291369613,0.16666666666666666,0.2445953077719904,1.0,0.10888587115644055
205,500,766,5895,0.11686541871009348,0.8618558813745245,0.887015511378644,0.07084538628687224,0.16666666666666666,0.24171740127414984,1.0,0.10627240983122614
206,500,736,5895,0.11686541871009348,0.8618269196791741,0.887015511378644,0.07083576669092645,0.16666666666666666,0.24241939785541913,1.0,0.10593490399094833
207,500,754,5895,0.11686541871009348,0.8618264391310906,0.887015511378644,0.0708343469727272,0.16666666666666666,0.24272900743902642,1.0,0.1057896204305635
208,500,762,5895,0.11686541871009348,0.8586643047326047,0.887015511378644,0.07603193622895249,0.16666666666666666,0.24813516231758717,1.0,0.110025958478681
209,500,764,5895,0.11686541871009348,0.8588549956709183,0.887015511378644,0.07554262800009096,0.16666666666666666,0.24835026853941253,1.0,0.10999130748593534
210,500,747,5895,0.11686541871009348,0.8619563467545952,0.8882850198808567,0.07086877613769874,0.16666666666666666,0.24267081502113402,1.0,0.10576570435366497
211,500,755,5895,0.11686541871009348,0.8619366797537141,0.8882850198808567,0.07086244012851792,0.16666666666666666,0.2430253717768631,1.0,0.1055690240615459
212,500,770,5896,0.11686541871009348,0.8620739391764298,0.8882850198808567,0.07061502157582061,0.16666666666666666,0.24301871837898698,1.0,0.10559373535421461
213,500,774,5897,0.11686541871009348,0.8622314230244981,0.8882850198808567,0.0706218116250482,0.16666666666666666,0.24243299858066553,1.0,0.10576498131914185
214,500,749,5897,0.11686541871009348,0.8625352909384276,0.8882850198808567,0.07063512700731016,0.16666666666666666,0.2412656890112238,1.0,0.10597032847455479
215,500,746,5897,0.11686541871009348,0.8624206285103255,0.8882850198808567,0.0706185943638953,0.16666666666666666,0.24196781065075293,1.0,0.10574039539562012
216,500,769,5897,0.11686541871009348,0.8650490455703832,0.8882850198808567,0.06701626105726609,0.16666666666666666,0.2365049872209014,1.0,0.10091212620242897
217,500,723,5897,0.11686541871009348,0.8618490725383563,0.8882850198808567,0.07345982679384438,0.16666666666666666,0.2420117395347662,1.0,0.10546434582307265
218,500,756,5897,0.11686541871009348,0.8620200476508032,0.8882850198808567,0.07180532637277072,0.16666666666666666,0.2425666487705176,1.0,0.10548796879409476
219,500,766,5897,0.11686541871009348,0.8620615899409423,0.8882850198808567,0.07142530094552005,0.16666666666666666,0.2432284439204643,1.0,0.10527540829302265
220,500,756,5897,0.11686541871009348,0.8623468081000685,0.8882850198808567,0.07147656732159892,0.16666666666666666,0.24220200062659392,1.0,0.1055003618350838
221,500,739,5897,0.11686541871009348,0.8650633798371146,0.8882850198808567,0.06701560592745634,0.16666666666666666,0.23744178195963667,1.0,0.10064082686942628
222,500,725,5897,0.11686541871009348,0.8650626496527455,0.8882850198808567,0.06701076290975487,0.17149858514250885,0.23769578124362903,1.0,0.10051810971229648
223,500,708,5897,0.11686541871009348,0.8618662380418671,0.8882850198808567,0.07384584307448853,0.17149858514250885,0.24316741484421558,1.0,0.10485992432790132
224,500,751,5897,0.11686541871009348,0.8621613710646331,0.8882850198808567,0.07272328090574037,0.17149858514250885,0.24322013684239568,1.0,0.10491871704001426
225,500,752,5897,0.11686541871009348,0.8623887380930945,0.8882850198808567,0.07127424082124612,0.17149858514250885,0.2436694526901727,1.0,0.10477383460077173
226,500,745,5897,0.11686541871009348,0.862398840484247,0.8882850198808567,0.07127746726568279,0.17149858514250885,0.24383102308374444,1.0,0.10470232030379169
227,500,743,5897,0.11686541871009348,0.8624242494258848,0.8882850198808567,0.07127530162753319,0.17149858514250885,0.24383736687108265,1.0,0.10469922420396381
228,500,768,5897,0.11686541871009348,0.8622563385582155,0.8882850198808567,0.07126558951104424,0.17149858514250885,0.24454788917303052,1.0,0.1046709798901519
229,500,767,5897,0.11686541871009348,0.8622389148451943,0.8882850198808567,0.07126090929173778,0.17149858514250885,0.24474953050923193,1.0,0.10458324979731891
230,500,741,5897,0.11686541871009348,0.862265613491873,0.8882850198808567,0.07122577192976708,0.17149858514250885,0.24500707955602471,1.0,0.10447685054826683
231,500,728,5897,0.11686541871009348,0.8623711726392329,0.8882850198808567,0.07112516686242286,0.1690308509457033,0.24461825125546013,1.0,0.10467055869204248
232,500,744,5897,0.11686541871009348,0.86241130774289,0.8882850198808567,0.07111803370491988,0.1690308509457033,0.24461888654961023,1.0,0.10467921474268807
233,500,729,5897,0.11686541871009348,0.8598924683643735,0.8882850198808567,0.0762291013920641,0.1690308509457033,0.2478834119461333,1.0,0.10888883807755667
234,500,746,5897,0.11686541871009348,0.8625932870366683,0.8882850198808567,0.07102149844919158,0.1690308509457033,0.24427567996146554,1.0,0.1047756843554192
235,500,744,5897,0.11686541871009348,0.8594726032843186,0.8882850198808567,0.07576372965085791,0.1690308509457033,0.24984775065217743,1.0,0.10899263792812325
236,500,741,5897,0.11686541871009348,0.8596719028707077,0.8882850198808567,0.07562124980999803,0.1690308509457033,0.24960616221806559,1.0,0.10909837048600263
237,500,752,5897,0.11686541871009348,0.8595089091477685,0.8882850198808567,0.0755313547284439,0.1690308509457033,0.2508088266385612,1.0,0.10867211968113323
238,500,725,5897,0.11686541871009348,0.8595392628380353,0.8882850198808567,0.07553534921565593,0.1690308509457033,0.2507747409471313,1.0,0.10868619306289462
239,500,747,5897,0.11686541871009348,0.8597439675363744,0.8882850198808567,0.07470590879942011,0.17149858514250885,0.25078885471090523,1.0,0.10868397373973175
240,500,713,5897,0.11686541871009348,0.8600459565951496,0.8882850198808567,0.07446971221611613,0.17149858514250885,0.24996832875970512,1.0,0.10896134514285816
241,500,758,5897,0.11686541871009348,0.8622116102552453,0.8882850198808567,0.07098528578310391,0.17149858514250885,0.24605107486479283,1.0,0.10549009556844945
242,500,724,5897,0.11686541871009348,0.8593247503236002,0.8882850198808567,0.07767720628102026,0.17149858514250885,0.25039696057043687,1.0,0.10871911731230846
243,500,768,5897,0.11686541871009348,0.8598755151894895,0.8882850198808567,0.07524705169551384,0.17149858514250885,0.25069882001235544,1.0,0.10863930646051484
244,500,749,5897,0.11686541871009348,0.8598713360015575,0.8882850198808567,0.07524465170404053,0.17149858514250885,0.2509315595814804,1.0,0.10855194651839044
245,500,729,5897,0.11686541871009348,0.8599331309333215,0.8882850198808567,0.07507105322907556,0.17149858514250885,0.2510024627401406,1.0,0.10852154421748776
246,500,752,5897,0.11686541871009348,0.8598949145361814,0.8882850198808567,0.0750651529658343,0.17149858514250885,0.25126939449977065,1.0,0.10848371772143106
247,500,750,5897,0.11686541871009348,0.8598873673663701,0.8882850198808567,0.07505537967094292,0.17149858514250885,0.2517079573439218,1.0,0.10824306768918472
248,500,726,5897,0.11686541871009348,0.859968369100564,0.8882850198808567,0.07453537354327218,0.17149858514250885,0.2518605112403877,1.0,0.1081699146213521
249,500,740,5897,0.11686541871009348,0.8599547888536503,0.8882850198808567,0.0745325160499063,0.17149858514250885,0.2519973986436773,1.0,0.10813480221878943
250,500,755,5897,0.11686541871009348,0.8599261142671141,0.8882850198808567,0.07452374817721225,0.17149858514250885,0.25225064992443985,1.0,0.10801860228386258
251,500,759,5897,0.11686541871009348,0.859933862460201,0.8882850198808567,0.07452656484789637,0.17149858514250885,0.25227297130253273,1.0,0.1080199657217418
252,500,744,5897,0.11686541871009348,0.856874059813948,0.8882850198808567,0.07916008859378496,0.17149858514250885,0.25714052442481977,1.0,0.11180751858132361
253,500,749,5897,0.11686541871009348,0.8569981802752912,0.8882850198808567,0.07864273179877443,0.17149858514250885,0.2574397839138357,1.0,0.11184317948103231
254,500,735,5897,0.11686541871009348,0.857126488215157,0.8882850198808567,0.07790985775484231,0.17149858514250885,0.2578817335438542,1.0,0.11176877170714518
255,500,763,5897,0.11686541871009348,0.8575815323919943,0.8882850198808567,0.07795035734158046,0.1690308509457033,0.25648090326443024,1.0,0.11205520669680831
256,500,724,5897,0.11686541871009348,0.8585280097505557,0.8882850198808567,0.07723312249335476,0.1690308509457033,0.2545249089772729,1.0,0.1111028282330156
257,500,764,5897,0.11686541871009348,0.8572799747265776,0.8888942016631312,0.0779259945002174,0.1690308509457033,0.2575956003393398,1.0,0.11185344027234895
258,500,747,5897,0.11686541871009348,0.8573106369116147,0.8888942016631312,0.07790160486019136,0.1690308509457033,0.2577721118744229,1.0,0.11190721596154145
259,500,741,5897,0.11686541871009348,0.8573011072778162,0.8888942016631312,0.07790436690788761,0.17149858514250885,0.2578964385405097,1.0,0.11191962450246004
260,500,736,5897,0.11686541871009348,0.8576301546112017,0.8888942016631312,0.07794384503744453,0.17149858514250885,0.25690071593475805,1.0,0.1120001362810967
261,500,758,5897,0.11686541871009348,0.858006038059626,0.8888942016631312,0.07793198534707153,0.17149858514250885,0.25578116375934945,1.0,0.11189012138093983
262,500,742,5897,0.11686541871009348,0.8577281933918537,0.8888942016631312,0.07795018847497774,0.17149858514250885,0.25645975666582604,1.0,0.11226482696540653
263,500,715,5897,0.11686541871009348,0.8593368279951312,0.8888942016631312,0.07522317228904721,0.17149858514250885,0.25379824921486416,1.0,0.10979983623075404
264,500,737,5897,0.11686541871009348,0.858282227883067,0.8888942016631312,0.07758613552138599,0.17149858514250885,0.25485313285623035,1.0,0.11189751430704627
265,500,763,5897,0.11686541871009348,0.8594844078138547,0.8888942016631312,0.0764179355117566,0.17149858514250885,0.25276096355665656,1.0,0.11039907613873293
266,500,758,5897,0.11686541871009348,0.8604266765905709,0.8888942016631312,0.07387740227376352,0.17149858514250885,0.2518014546891653,1.0,0.10850663872971872
267,500,765,5897,0.11686541871009348,0.8604898142683153,0.8888942016631312,0.07388633803656106,0.1690308509457033,0.2515992493826784,1.0,0.10855818030490272
268,500,726,5897,0.11686541871009348,0.8605222462354204,0.8888942016631312,0.0738967209786177,0.1690308509457033,0.2514717391505607,1.0,0.10864392626694364
269,500,754,5897,0.11686541871009348,0.8605407247612591,0.8888942016631312,0.07389930917977906,0.1690308509457033,0.2513950984515408,1.0,0.10871078544640524
270,500,771,5897,0.11686541871009348,0.8605322625410341,0.8888942016631312,0.07389672779149178,0.1690308509457033,0.25157168748308706,1.0,0.1086192061387676
271,500,757,5897,0.11686541871009348,0.8605420692030422,0.8888942016631312,0.07390102251245691,0.1690308509457033,0.2515041149135793,1.0,0.10867329037876275
272,500,733,5897,0.11686541871009348,0.8605571873310078,0.8888942016631312,0.07390613048915042,0.1690308509457033,0.2515123435985651,1.0,0.10866972190851051
273,500,768,5897,0.11686541871009348,0.8605832904918663,0.8888942016631312,0.07391446394784906,0.1690308509457033,0.2514779806144224,1.0,0.1087029455545107
274,500,745,5897,0.11686541871009348,0.857630521917351,0.8888942016631312,0.07906589456498662,0.1690308509457033,0.25584109386853393,1.0,0.1126807114892755
275,500,767,5897,0.11686541871009348,0.8599512320253005,0.8888942016631312,0.07442762437457362,0.1690308509457033,0.2524542747563055,1.0,0.10963407824038911
276,500,730,5897,0.11686541871009348,0.8606707812621068,0.8888942016631312,0.07394193140933587,0.1690308509457033,0.25110443805161037,1.0,0.10889373414674104
277,500,730,5897,0.11686541871009348,0.860656835404847,0.8888942016631312,0.07393748410993743,0.1690308509457033,0.25131214335777735,1.0,0.1087861638008755
278,500,765,5897,0.11686541871009348,0.8606532552592104,0.8888942016631312,0.0739364457420387,0.1690308509457033,0.2515781153320413,1.0,0.10863721876722862
279,500,756,5897,0.11686541871009348,0.8606483169876056,0.8888942016631312,0.0739349156818759,0.1690308509457033,0.2516401266872439,1.0,0.10860694466392397
280,500,761,5897,0.11686541871009348,0.8577774755373834,0.8888942016631312,0.07779699406911729,0.1690308509457033,0.2562990540781728,1.0,0.11273516058375045
281,500,743,5897,0.11686541871009348,0.859735707093115,0.8888942016631312,0.07510701243434809,0.1690308509457033,0.25262513310344337,1.0,0.11059877706448988
282,500,744,5897,0.11686541871009348,0.8607953743813405,0.8888942016631312,0.07398425713250464,0.1690308509457033,0.2508270039289051,1.0,0.10905866698922
283,500,744,5897,0.11686541871009348,0.860785271990188,0.8888942016631312,0.0739813092139272,0.1690308509457033,0.25102934021661266,1.0,0.10895864153825258
284,500,742,5897,0.11686541871009348,0.8607998943549519,0.8888942016631312,0.07398550219398903,0.1690308509457033,0.25099734222798925,1.0,0.10896380133089786
285,500,732,5897,0.11686541871009348,0.8584539577925748,0.8888942016631312,0.07905565798293497,0.1690308509457033,0.2540346841876265,1.0,0.11293845301320998
286,500,758,5897,0.11686541871009348,0.8608709422691498,0.8889023038314741,0.07401501975362626,0.1690308509457033,0.25078204857650915,1.0,0.1090979527212445
287,500,742,5897,0.11686541871009348,0.8609443206872816,0.8889023038314741,0.07384171751282656,0.1690308509457033,0.2505373078332835,1.0,0.10922872051920834
288,500,700,5897,0.11686541871009348,0.861072219491199,0.8889023038314741,0.07388052707315898,0.16666666666666666,0.24972836105372093,1.0,0.10960917290615843
289,500,746,5897,0.11686541871009348,0.861130408769628,0.8889023038314741,0.07389858068918102,0.16666666666666666,0.24940680599625864,1.0,0.10976442122717882
290,500,736,5897,0.11686541871009348,0.8611816474003897,0.8889023038314741,0.07390930682119941,0.16666666666666666,0.24915159564891864,1.0,0.10990923244175935
291,500,729,5897,0.11686541871009348,0.8612155610515306,0.8889023038314741,0.07392076740406134,0.16666666666666666,0.24900081942403082,1.0,0.10999036449416422
292,500,747,5897,0.11686541871009348,0.8580720537971459,0.8889023038314741,0.0788213526436331,0.16666666666666666,0.25529570749087876,1.0,0.11313690653815979
293,500,752,5897,0.11686541871009348,0.8583188823752835,0.8889023038314741,0.07749072713305219,0.16666666666666666,0.2560129847260823,1.0,0.11291280283906027
294,500,739,5897,0.11686541871009348,0.858272569368265,0.8889023038314741,0.07747153960767386,0.16666666666666666,0.25628603156755764,1.0,0.1128764121433153
295,500,727,5897,0.11686541871009348,0.8582848451660755,0.8889023038314741,0.0774764517427454,0.16666666666666666,0.25634236337410665,1.0,0.11285736554594358
296,500,717,5897,0.11686541871009348,0.8583267566465891,0.8889023038314741,0.07747467100133798,0.1690308509457033,0.2563206734178067,1.0,0.11288631049310846
297,500,723,5897,0.11686541871009348,0.858317565749375,0.8889023038314741,0.07746831265566902,0.1690308509457033,0.25658231517503166,1.0,0.11275090039309844
298,500,757,5897,0.11686541871009348,0.85823310464838,0.8889023038314741,0.07745063225191182,0.1690308509457033,0.25706911165062124,1.0,0.11261684608251839
299,500,789,5897,0.11686541871009348,0.8562129751173189,0.8895464262147268,0.08208912185758035,0.1690308509457033,0.25980174704341696,1.0,0.11531562231061344
300,500,765,5897,0.11686541871009348,0.8582694292127647,0.8895464262147268,0.07742674039759574,0.1690308509457033,0.25733030897738834,1.0,0.11250663046760306
301,500,787,5897,0.11686541871009348,0.8583273284147247,0.8895464262147268,0.07728068285822452,0.1690308509457033,0.2575561237174328,1.0,0.1123859012257123
302,500,755,5897,0.11686541871009348,0.8583197650405766,0.8895464262147268,0.07727810508437896,0.17149858514250885,0.2577035540029342,1.0,0.11229698898261588
303,500,722,5898,0.11686541871009348,0.8583912701855714,0.8895464262147268,0.07728769414440931,0.17149858514250885,0.2577402504688049,1.0,0.11217985120571575
304,500,757,5898,0.11686541871009348,0.8584437722364328,0.8895464262147268,0.0773048928878702,0.17149858514250885,0.25755335156194153,1.0,0.11227993942664792
305,500,773,5898,0.11686541871009348,0.8583926607202131,0.8907809941159615,0.07728520811996928,0.17149858514250885,0.25788839576838846,1.0,0.11220125332103162
306,500,729,5898,0.11686541871009348,0.8584834551967012,0.8907809941159615,0.07713425651676867,0.17149858514250885,0.2578422823416116,1.0,0.11220564273555213
307,500,758,5898,0.11686541871009348,0.8584783072814903,0.8907809941159615,0.0771327463899149,0.17407765595569785,0.257892986628726,1.0,0.11218284399618676
308,500,736,5898,0.11686541871009348,0.8584894559122358,0.8907809941159615,0.07712536577995198,0.17407765595569785,0.2581039390184911,1.0,0.11204416351835028
309,500,748,5898,0.11686541871009348,0.8556901916786219,0.8907809941159615,0.0805788046720022,0.17407765595569785,0.26311056482338474,1.0,0.11546837121847968
310,500,759,5898,0.11686541871009348,0.8557899647943554,0.8907809941159615,0.0804294102791994,0.17407765595569785,0.2631792336441922,1.0,0.11544413552887284
311,500,756,5898,0.11686541871009348,0.855823513824368,0.8907809941159615,0.0804408443334777,0.17407765595569785,0.2631051214728044,1.0,0.11552025181248518
312,500,756,5898,0.11686541871009348,0.8555960581195584,0.8907809941159615,0.08038549778603861,0.17407765595569785,0.2643706227917944,1.0,0.11501831531094946
313,500,741,5898,0.11686541871009348,0.8555541926847982,0.8907809941159615,0.08036287472547575,0.17407765595569785,0.2648967759295717,1.0,0.1147214786843997
314,500,725,5898,0.11686541871009348,0.854117369106923,0.8907809941159615,0.08214202868168939,0.17407765595569785,0.26733793184956545,1.0,0.1158069893701066
315,500,771,5898,0.11686541871009348,0.8555429630323694,0.8907809941159615,0.08034457416888248,0.17407765595569785,0.26529018583493313,1.0,0.11450074563387076
316,500,760,5898,0.11686541871009348,0.8555423427218821,0.8907809941159615,0.0803042199714598,0.17407765595569785,0.2656411602463339,1.0,0.11428853319315277
317,500,761,5898,0.11686541871009348,0.8555038077964727,0.8907809941159615,0.08029075636178072,0.17407765595569785,0.265881430705827,1.0,0.11416311524017109
318,500,742,5898,0.11686541871009348,0.8555045744641522,0.8907809941159615,0.08029271297264744,0.17407765595569785,0.2659254997143249,1.0,0.11416258822386978
319,500,712,5898,0.11686541871009348,0.8555069413100792,0.8907809941159615,0.08029345034735129,0.17407765595569785,0.26602644222363797,1.0,0.11409856942355566
320,500,728,5898,0.11686541871009348,0.8533238553166321,0.8907809941159615,0.08411378068559326,0.17407765595569785,0.2689603304107395,1.0,0.11724271932073095
321,500,707,5898,0.11686541871009348,0.8556384693908051,0.8907809941159615,0.08034043233730308,0.17407765595569785,0.265505923902517,1.0,0.11445018932561772
322,500,763,5898,0.11686541871009348,0.855639252309927,0.8907809941159615,0.08031262683045877,0.17407765595569785,0.26587879558000643,1.0,0.11422373421430113
323,500,744,5898,0.11686541871009348,0.8556849824789866,0.8907809941159615,0.08032427265475549,0.17407765595569785,0.26582013018234857,1.0,0.1142449153944227
324,500,737,5898,0.11686541871009348,0.8557157003193254,0.8907809941159615,0.08033333143030294,0.17407765595569785,0.2656868739324157,1.0,0.11433208925043621
325,500,751,5898,0.11686541871009348,0.8557085025555239,0.8907809941159615,0.08033101429561398,0.17407765595569785,0.2656813503145829,1.0,0.1143453783185567
326,500,741,5898,0.11686541871009348,0.8557838582795764,0.8907809941159615,0.08035770284916953,0.17407765595569785,0.2653807120338596,1.0,0.11450317014355703
327,500,733,5898,0.11686541871009348,0.8560257894031374,0.8907809941159615,0.08021982202230925,0.17407765595569785,0.26466569512837507,1.0,0.11476034075684559
328,500,731,5898,0.11686541871009348,0.856266344853883,0.8907809941159615,0.0802697002062708,0.17407765595569785,0.2638516802363201,1.0,0.11494191650204597
329,500,755,5898,0.11686541871009348,0.8569133938157102,0.8907809941159615,0.08012104827639645,0.17407765595569785,0.262198841628439,1.0,0.1142973481560038
330,500,737,5898,0.11686541871009348,0.8587828437420724,0.8907809941159615,0.07689534698970212,0.17407765595569785,0.25951249493465783,1.0,0.1113465882117619
331,500,731,5898,0.11686541871009348,0.8587038789730795,0.8907809941159615,0.07687507591094131,0.17407765595569785,0.2600002034491562,1.0,0.11116364446527706
332,500,734,5898,0.11686541871009348,0.8586886448710529,0.8907809941159615,0.07687030332277318,0.17407765595569785,0.26031574064967,1.0,0.11098045556722833
333,500,760,5898,0.11686541871009348,0.8587065030864044,0.8907809941159615,0.07687458249205066,0.17407765595569785,0.2603389153942031,1.0,0.11097205785180533
334,500,737,5898,0.11686541871009348,0.858718951055292,0.8907809941159615,0.07687939899929822,0.17407765595569785,0.2602849297360187,1.0,0.11101170399142378
335,500,745,5898,0.11686541871009348,0.8587525102365681,0.8907809941159615,0.07689158643401968,0.17407765595569785,0.2601077679284366,1.0,0.1111156003182279
336,500,739,5898,0.11686541871009348,0.8587749258980594,0.8907809941159615,0.07689968928156407,0.1767766952966369,0.2600643501469075,1.0,0.11114261514334454
337,500,730,5898,0.11686541871009348,0.8588156104417836,0.8907809941159615,0.07691347536341483,0.1767766952966369,0.2599163624133286,1.0,0.11121951718751899
338,500,772,5898,0.11686541871009348,0.8589378822897868,0.8907809941159615,0.0769519508815543,0.1767766952966369,0.2594449632920919,1.0,0.11142403894324261
339,500,737,5898,0.11686541871009348,0.8589886327413533,0.8907809941159615,0.07696920735652524,0.1767766952966369,0.2592097447573364,1.0,0.11155469502341218
340,500,742,5898,0.11686541871009348,0.8591774198820815,0.8907809941159615,0.07701286955070055,0.1767766952966369,0.25847002556050963,1.0,0.11176268057517688
341,500,750,5898,0.11686541871009348,0.8583677274983318,0.8907809941159615,0.07772215011085688,0.1767766952966369,0.26006964927985693,1.0,0.11257695006424541
342,500,721,5898,0.11686541871009348,0.8557989846510272,0.8907809941159615,0.08179077250991848,0.1767766952966369,0.2650416151350025,1.0,0.11456614328243483
343,500,743,5898,0.11686541871009348,0.8558027856043038,0.8907809941159615,0.08133856727051704,0.1767766952966369,0.2655035084266526,1.0,0.11440855194626087
344,500,741,5898,0.11686541871009348,0.8529351218998749,0.8907809941159615,0.08485388652248782,0.1767766952966369,0.27037328666909455,1.0,0.11741032368502413
345,500,756,5898,0.11686541871009348,0.853461298145118,0.8907809941159615,0.08363056542041922,0.1767766952966369,0.2699235512959133,1.0,0.11750081133012812
346,500,749,5898,0.11686541871009348,0.8560845750623937,0.8907809941159615,0.07987779063443166,0.1767766952966369,0.26598523483467656,1.0,0.11416409752167385
347,500,770,5898,0.11686541871009348,0.8560615927672802,0.8907809941159615,0.07986200061790968,0.1767766952966369,0.266196313549164,1.0,0.1140606455100283
348,500,743,5898,0.11686541871009348,0.8560605131769012,0.8907809941159615,0.07985769611971014,0.1767766952966369,0.26637515605818407,1.0,0.1139711881945868
349,500,755,5898,0.11686541871009348,0.8560556498503535,0.8907809941159615,0.07985626553565293,0.1767766952966369,0.2664647462432951,1.0,0.1139208334082857
350,500,727,5898,0.11686541871009348,0.8560659608958936,0.8907809941159615,0.0798600103446405,0.1767766952966369,0.2664668564712764,1.0,0.11393091598783824
351,500,746,5898,0.11686541871009348,0.856049522114488,0.8907809941159615,0.07984217880693158,0.1767766952966369,0.2667235429749086,1.0,0.11378109316271154
352,500,754,5898,0.11686541871009348,0.8560808592760959,0.8907809941159615,0.07985402920457023,0.17407765595569785,0.26663398396655735,1.0,0.1138410620070976
353,500,722,5898,0.11686541871009348,0.8561162946039522,0.8913982780665788,0.0798636467308936,0.17407765595569785,0.2665170860641952,1.0,0.1139144965120415
354,500,732,5898,0.11686541871009348,0.8563066697932284,0.8913982780665788,0.07990522042180073,0.17407765595569785,0.2658996427365824,1.0,0.11407519640562871
355,500,736,5898,0.11686541871009348,0.8562652469629668,0.8913982780665788,0.07979093438327492,0.17407765595569785,0.2660755924945609,1.0,0.11411233994999175
356,500,723,5898,0.11686541871009348,0.8563690317119067,0.8913982780665788,0.07980813430774979,0.17407765595569785,0.26569802843309,1.0,0.11416682985583614
357,500,750,5898,0.11686541871009348,0.8564547972148995,0.8913982780665788,0.07985335819358262,0.17407765595569785,0.2653590975633237,1.0,0.11439737577374633
358,500,740,5898,0.11686541871009348,0.8571346523509559,0.8913982780665788,0.07974228192694836,0.17407765595569785,0.2635858976651432,1.0,0.11411899327395293
359,500,747,5898,0.11686541871009348,0.858752852341205,0.8913982780665788,0.07679492374715186,0.17407765595569785,0.26122567410701947,1.0,0.11141509081320244
360,500,720,5898,0.11686541871009348,0.8591549326200327,0.8913982780665788,0.07673417047548145,0.17407765595569785,0.2601742071329792,1.0,0.1110884733655881
361,500,737,5898,0.11686541871009348,0.8591599195046477,0.8913982780665788,0.0767356924135085,0.17407765595569785,0.2602705717128316,1.0,0.1110317335829182
362,500,759,5898,0.11686541871009348,0.8591837195299433,0.8913982780665788,0.07671762945639904,0.17149858514250885,0.2602290306134522,1.0,0.11106124387891243
363,500,750,5898,0.11686541871009348,0.8570255907822489,0.8913982780665788,0.07782845255682665,0.17149858514250885,0.26494715472809777,1.0,0.11241319100182957
364,500,751,5898,0.11686541871009348,0.8535242502502332,0.8913982780665788,0.08591117907754804,0.1767766952966369,0.26976475134095784,1.0,0.11657197524279396
365,500,733,5898,0.11686541871009348,0.8560095897770148,0.8913982780665788,0.0806262727722592,0.1767766952966369,0.2669772217607605,1.0,0.11357550879354662
366,500,728,5898,0.11686541871009348,0.8560617413855425,0.8913982780665788,0.08055939860447119,0.1767766952966369,0.26736338217231675,1.0,0.11335149663785461
367,500,759,5898,0.11686541871009348,0.8560663439353232,0.8913982780665788,0.08055127682929375,0.1767766952966369,0.2675907095622862,1.0,0.11321528224107984
368,500,748,5898,0.11686541871009348,0.8560124974426787,0.8913982780665788,0.08053093580610496,0.1767766952966369,0.26789368449928297,1.0,0.11307585778167512
369,500,772,5898,0.11686541871009348,0.856076792223116,0.8913982780665788,0.08052489418582597,0.1767766952966369,0.2679113355135073,1.0,0.11303556415174257
370,500,755,5898,0.11686541871009348,0.8560437612137153,0.8913982780665788,0.0805127670142415,0.1767766952966369,0.26811575466484955,1.0,0.11292883972506461
371,500,749,5898,0.11686541871009348,0.8531513832108196,0.8913982780665788,0.08391428011284066,0.1767766952966369,0.2729544009715409,1.0,0.11611898968798935
372,500,757,5898,0.11686541871009348,0.8533201135515794,0.8913982780665788,0.08350103176458433,0.1767766952966369,0.2728668730600872,1.0,0.11613655733966752
373,500,772,5898,0.11686541871009348,0.8546169885876448,0.8913982780665788,0.08250717183649715,0.1767766952966369,0.27062093818705785,1.0,0.11510248303750481
374,500,739,5898,0.11686541871009348,0.854708264530776,0.8913982780665788,0.0831145590762832,0.1767766952966369,0.26978690667931243,1.0,0.11551476578207932
375,500,757,5898,0.11686541871009348,0.8563506632012667,0.8913982780665788,0.07967855524781434,0.1767766952966369,0.2679654643101775,1.0,0.11312318862571454
376,500,733,5898,0.11686541871009348,0.8563357785052499,0.8913982780665788,0.0796728722135258,0.1767766952966369,0.2681426301238539,1.0,0.11301386804309824
377,500,769,5898,0.11686541871009348,0.8563497405668467,0.8913982780665788,0.07968199952371877,0.1767766952966369,0.2680753528435092,1.0,0.11308755163485133
378,500,741,5898,0.11686541871009348,0.8563773203478856,0.8913982780665788,0.07969101919237755,0.1767766952966369,0.2679839357378136,1.0,0.11313480589585807
379,500,741,5898,0.11686541871009348,0.8564988994369428,0.8913982780665788,0.07972340078039565,0.1767766952966369,0.26761815243412784,1.0,0.11327005426912745
380,500,744,5898,0.11686541871009348,0.856525548010337,0.8913982780665788,0.07972856890147086,0.1767766952966369,0.2676284289435242,1.0,0.11326161162274387
381,500,775,5898,0.11686541871009348,0.8565418607135241,0.8913982780665788,0.07973616786139687,0.1767766952966369,0.26757949354276456,1.0,0.11330917059595265
382,500,783,5898,0.11686541871009348,0.8565806052825394,0.8913982780665788,0.07975087236292551,0.1767766952966369,0.26738202332845584,1.0,0.1134263548310051
383,500,756,5898,0.11686541871009348,0.8566177770181252,0.8913982780665788,0.07975796420554937,0.1767766952966369,0.2672459751971464,1.0,0.11350042266780928
384,500,768,5898,0.11686541871009348,0.854929076905048,0.8913982780665788,0.0838118548852644,0.1767766952966369,0.26940208612831257,1.0,0.11557588993208423
385,500,740,5898,0.11686541871009348,0.8566091076979985,0.8913982780665788,0.07975530902328726,0.1767766952966369,0.26735645460364366,1.0,0.11345547701468689
386,500,761,5898,0.11686541871009348,0.856659013498515,0.8913982780665788,0.07977388806795588,0.1767766952966369,0.2672129888950265,1.0,0.11355088211191741
387,500,759,5898,0.11686541871009348,0.8555504400854507,0.8913982780665788,0.08078955955637028,0.1767766952966369,0.2689708740780951,1.0,0.11497635199719111
388,500,765,5898,0.11686541871009348,0.8562302547106654,0.8913982780665788,0.08018031894893239,0.1767766952966369,0.2676908246605197,1.0,0.11445116982503271
389,500,753,5898,0.11686541871009348,0.8568686945769136,0.8913982780665788,0.07981993945629655,0.1767766952966369,0.2665319066552538,1.0,0.11380782012011295
390,500,731,5898,0.11686541871009348,0.8569209333073038,0.8913982780665788,0.07983940234131537,0.1767766952966369,0.2662947244804667,1.0,0.1139451260755296
391,500,730,5898,0.11686541871009348,0.8569468805014216,0.8920155620171961,0.07984726948958222,0.1767766952966369,0.26629560736479996,1.0,0.11392798410853598
392,500,734,5898,0.11686541871009348,0.8571549255306354,0.8920155620171961,0.07989056534723178,0.1767766952966369,0.2656408592433168,1.0,0.11406801952543108
393,500,732,5898,0.11686541871009348,0.8573713602845096,0.8920155620171961,0.0799383068838959,0.1767766952966369,0.2649024570319286,1.0,0.11423407447673882
394,500,766,5898,0.11686541871009348,0.8587954726672372,0.8920155620171961,0.07924678395760779,0.1767766952966369,0.2616647882432433,1.0,0.11261864636352897
395,500,721,5898,0.11686541871009348,0.8599279680385202,0.8920155620171961,0.07675089975518547,0.1767766952966369,0.26014917406173227,1.0,0.11084042453863603
396,500,765,5898,0.11686541871009348,0.8599377422918547,0.8920155620171961,0.076753541738181,0.1767766952966369,0.26018530281281405,1.0,0.1108135785683854
397,500,760,5898,0.11686541871009348,0.8599165986707933,0.8920155620171961,0.07674642491975064,0.1767766952966369,0.2603936181027698,1.0,0.11070201891282921
398,500,751,5898,0.11686541871009348,0.8599645169199146,0.8920155620171961,0.07675996793497196,0.17407765595569785,0.26034342054132936,1.0,0.11069977006683927
399,500,765,5898,0.11686541871009348,0.8600295368208656,0.8920155620171961,0.07678271909951484,0.17407765595569785,0.26001754677504335,1.0,0.11087552174189208
400,500,742,5898,0.11686541871009348,0.8600546849386306,0.8920155620171961,0.07678909354740983,0.17407765595569785,0.2599234263439782,1.0,0.11092706250524825
401,500,728,5898,0.11686541871009348,0.8600423929364835,0.8920155620171961,0.07678490693788567,0.17407765595569785,0.2600467365702332,1.0,0.11085828803690298
402,500,751,5898,0.11686541871009348,0.8600362525527564,0.8920155620171961,0.07677692492722075,0.17407765595569785,0.26018249696644646,1.0,0.11079519019688117
403,500,743,5898,0.11686541871009348,0.8600400099333253,0.8920155620171961,0.07677838316436811,0.17407765595569785,0.2601912807531911,1.0,0.11079072579441694
404,500,723,5898,0.11686541871009348,0.860016483262,0.8920155620171961,0.07677056448141698,0.17407765595569785,0.2603375565113533,1.0,0.11071342555910646
405,500,742,5898,0.11686541871009348,0.8600427474534542,0.8920155620171961,0.07677969086830987,0.17407765595569785,0.26036061640835123,1.0,0.11070429075611375
406,500,751,5898,0.11686541871009348,0.8600516041362238,0.8920155620171961,0.07678316755639335,0.17407765595569785,0.26037875511848413,1.0,0.11069521614967939
407,500,741,5898,0.11686541871009348,0.8580549100093302,0.8920155620171961,0.0810719056238057,0.17407765595569785,0.26296005798545063,1.0,0.1136661210617145
408,500,761,5898,0.11686541871009348,0.8600842882833188,0.8920155620171961,0.07679486057862484,0.17407765595569785,0.260317798139865,1.0,0.1107350494995226
409,500,752,5898,0.11686541871009348,0.8579636280602313,0.8920155620171961,0.08168959548549605,0.17407765595569785,0.26282104940191575,1.0,0.11393257468895086
410,500,778,5898,0.11686541871009348,0.8578117751956085,0.8920155620171961,0.0817004770373692,0.17407765595569785,0.2633674753858634,1.0,0.11401685643965666
411,500,765,5898,0.11686541871009348,0.8570273913007406,0.8920155620171961,0.08122390445429714,0.17407765595569785,0.26581309434232164,1.0,0.11393467611978264
412,500,760,5898,0.11686541871009348,0.8572634064753483,0.8920155620171961,0.08027442252202999,0.17407765595569785,0.2657945969709825,1.0,0.11389785770228926
413,500,758,5898,0.11686541871009348,0.8572347394728184,0.8920155620171961,0.08026349444635547,0.17407765595569785,0.2658914756991953,1.0,0.11396582004502008
414,500,742,5898,0.11686541871009348,0.8572711758895215,0.8920155620171961,0.08026946525794014,0.17407765595569785,0.2658095791003205,1.0,0.11401460297663799
415,500,750,5898,0.11686541871009348,0.8572877580369116,0.8920155620171961,0.08026199895698385,0.17407765595569785,0.26572131956770045,1.0,0.11408122062229074
416,500,754,5898,0.11686541871009348,0.8574053655796535,0.8920155620171961,0.08003791786537755,0.17407765595569785,0.2655823862329227,1.0,0.11421037129969856
417,500,757,5898,0.11686541871009348,0.8575827211025648,0.8920155620171961,0.08008468207361656,0.17407765595569785,0.26505135414574554,1.0,0.11438674043828954
418,500,764,5898,0.11686541871009348,0.8579120094990116,0.8920155620171961,0.08012365448457806,0.17407765595569785,0.26405602366864833,1.0,0.11445326296401598
419,500,720,5898,0.11686541871009348,0.8576424907984299,0.8920155620171961,0.08011586296869819,0.17407765595569785,0.2647643719672244,1.0,0.11455363365239184
420,500,728,5898,0.11686541871009348,0.8576799309183419,0.8920155620171961,0.0801081863911802,0.17407765595569785,0.2646497612250507,1.0,0.11463326499435851
421,500,742,5898,0.11686541871009348,0.8578339607932035,0.8920155620171961,0.08014701827514167,0.17407765595569785,0.26417928863257056,1.0,0.1147881269050068
422,500,738,5898,0.11686541871009348,0.8588858042131476,0.8920155620171961,0.07997883347595906,0.17407765595569785,0.26143461945111857,1.0,0.11411306780414994
423,500,764,5898,0.11686541871009348,0.8604780415350793,0.8920155620171961,0.07692128336334461,0.17407765595569785,0.25926989640501397,1.0,0.11133679680314577
424,500,750,5898,0.11686541871009348,0.8605006556996951,0.8920155620171961,0.0769300334951964,0.17407765595569785,0.259212175442369,1.0,0.11137863110635007
425,500,721,5898,0.11686541871009348,0.8605468015994916,0.8920155620171961,0.07694716513132144,0.17407765595569785,0.25908907193736286,1.0,0.11145506184008283
426,500,726,5898,0.11686541871009348,0.8605494692384184,0.8920155620171961,0.07694885952168566,0.17407765595569785,0.2591175694383865,1.0,0.11145286514920894
427,500,744,5898,0.11686541871009348,0.8605663273070359,0.8920155620171961,0.07696082664031358,0.17407765595569785,0.2590096672672994,1.0,0.11156861391589952
428,500,740,5898,0.11686541871009348,0.8605902722292492,0.8920155620171961,0.07696893170494765,0.17407765595569785,0.25892143561246517,1.0,0.11162297144570799
429,500,736,5898,0.11686541871009348,0.8606735372240898,0.8920155620171961,0.07699572656024577,0.17407765595569785,0.2585837763984236,1.0,0.11179033203461654
430,500,752,5898,0.11686541871009348,0.8606962324103891,0.8920155620171961,0.0770033929319923,0.17407765595569785,0.2584591241170715,1.0,0.11185146776423527
431,500,785,5898,0.11686541871009348,0.8607561256643211,0.8920155620171961,0.07702423027636633,0.17407765595569785,0.2581449178352566,1.0,0.1120154012542911
432,500,766,5898,0.11686541871009348,0.8606461184736468,0.8920155620171961,0.0769950141882525,0.17407765595569785,0.2588210725715245,1.0,0.11171270338898018
433,500,773,5898,0.11686541871009348,0.8607031319248949,0.8920155620171961,0.07701461619825979,0.17149858514250885,0.25854998530216994,1.0,0.11185658340065678
434,500,735,5898,0.11686541871009348,0.8609866450486412,0.8920155620171961,0.07707388442710514,0.17149858514250885,0.2575790626154851,1.0,0.11205762919280332
435,500,729,5898,0.11686541871009348,0.861146922708066,0.8920155620171961,0.0770855123024946,0.17149858514250885,0.25705497507751146,1.0,0.1120310390096799
436,500,747,5898,0.11686541871009348,0.8625751109525264,0.8920155620171961,0.07452289334400988,0.17149858514250885,0.2547639763198847,1.0,0.10959432977054925
437,500,765,5898,0.11686541871009348,0.8634584445096115,0.8920155620171961,0.07386056713031365,0.17149858514250885,0.25304752523839563,1.0,0.1081137963245963
438,500,745,5898,0.11686541871009348,0.8634597651630513,0.8920155620171961,0.07386132310832533,0.17149858514250885,0.25322414742779975,1.0,0.10801574856068921
439,500,747,5898,0.11686541871009348,0.86363811826544,0.8920155620171961,0.07387250292984149,0.17149858514250885,0.25290044077171164,1.0,0.10791042624058578
440,500,766,5898,0.11686541871009348,0.8609572112842206,0.8920155620171961,0.07902671121532417,0.17149858514250885,0.2564693048369546,1.0,0.11216607492545846
441,500,738,5898,0.11686541871009348,0.8608374460445484,0.8920155620171961,0.07886469728897239,0.17149858514250885,0.2572052622442039,1.0,0.11194957313274957
442,500,759,5898,0.11686541871009348,0.8617524975651534,0.8920155620171961,0.07699287105586251,0.17149858514250885,0.25604439819174113,1.0,0.11132970250877125
443,500,733,5898,0.11686541871009348,0.8637284392125835,0.8926328459678132,0.07390982829649667,0.17149858514250885,0.25285723996383835,1.0,0.1079916065989539
444,500,757,5898,0.11686541871009348,0.8637629747051446,0.8926328459678132,0.07391908856851384,0.17149858514250885,0.25280734540189004,1.0,0.1080138368758865
445,500,738,5898,0.11686541871009348,0.8637376594330518,0.8926328459678132,0.07391491020481272,0.17407765595569785,0.2529310555634363,1.0,0.10799457065548469
446,500,762,5898,0.11686541871009348,0.8637568681432597,0.8926328459678132,0.07392147862301013,0.17407765595569785,0.2528437929290603,1.0,0.1080423359286853
447,500,757,5898,0.11686541871009348,0.8637735216321264,0.8926328459678132,0.07392695115832085,0.17407765595569785,0.25282338697404505,1.0,0.10805431659678802
448,500,746,5898,0.11686541871009348,0.8638233823761079,0.8926328459678132,0.07394444601111405,0.17407765595569785,0.2525977268719774,1.0,0.10817646166069686
449,500,727,5898,0.11686541871009348,0.8638220004617965,0.8926328459678132,0.07394450575144697,0.17407765595569785,0.25273696813013874,1.0,0.1081068411076546
450,500,731,5898,0.11686541871009348,0.8638095849015822,0.8926328459678132,0.073940356696042,0.17407765595569785,0.25297773741851365,1.0,0.10796843003090274
451,500,739,5898,0.11686541871009348,0.8638632592231491,0.8926328459678132,0.07391523045219943,0.17407765595569785,0.2530999962013707,1.0,0.10790069024298679
452,500,771,5898,0.11686541871009348,0.8638731357663592,0.8926328459678132,0.07392376278322332,0.17407765595569785,0.25309274274135496,1.0,0.10794226663796676
453,500,764,5898,0.11686541871009348,0.8638743703342603,0.8926328459678132,0.07392420699326833,0.17407765595569785,0.2531184323167612,1.0,0.10792630134416083
454,500,744,5898,0.11686541871009348,0.8638715517924479,0.8926328459678132,0.07392388438577713,0.1767766952966369,0.25322911291341055,1.0,0.10787372828188348
455,500,746,5898,0.11686541871009348,0.8614276086932227,0.8926328459678132,0.0787329286842668,0.1767766952966369,0.2567181836859893,1.0,0.11123171149466266
456,500,750,5898,0.11686541871009348,0.8610185261389576,0.8926328459678132,0.07785631747209648,0.1767766952966369,0.2584769575320246,1.0,0.11134893536193366
457,500,734,5898,0.11686541871009348,0.8631088013229815,0.8926328459678132,0.07430283726273136,0.1767766952966369,0.25532463285959706,1.0,0.10878848717439658
458,500,762,5898,0.11686541871009348,0.8639313538969864,0.8926328459678132,0.0739460018219114,0.1767766952966369,0.2534647054731846,1.0,0.10776078208911331
459,500,762,5898,0.11686541871009348,0.8640430964826189,0.8926328459678132,0.07396764491942044,0.1767766952966369,0.2531702808649818,1.0,0.10788536699438099
460,500,751,5898,0.11686541871009348,0.8640293065920996,0.8926328459678132,0.07396313924014462,0.1767766952966369,0.2534395817305388,1.0,0.10773407427132908
461,500,761,5898,0.11686541871009348,0.8640253932447899,0.8926328459678132,0.07396189609979427,0.1796053020267749,0.25366995827842576,1.0,0.1075977932501463
462,500,734,5898,0.11686541871009348,0.8640165416258755,0.8926328459678132,0.07395892824942406,0.1796053020267749,0.2538853450666644,1.0,0.10747646709483274
463,500,782,5898,0.11686541871009348,0.8640803634422357,0.8926328459678132,0.0739639183430628,0.1796053020267749,0.2539045805002398,1.0,0.10736397195250165
464,500,750,5898,0.11686541871009348,0.8631044370099241,0.8926328459678132,0.07511396263315914,0.1796053020267749,0.25531237362733084,1.0,0.1086649838408257
465,500,794,5898,0.11686541871009348,0.8641788154099201,0.8926328459678132,0.07400030412428633,0.1796053020267749,0.2536031320175937,1.0,0.10753218060718261
466,500,733,5898,0.11686541871009348,0.8642317519160061,0.8926328459678132,0.07401617490522173,0.1796053020267749,0.2535424954186322,1.0,0.10753099832037512
467,500,758,5898,0.11686541871009348,0.8643019561683726,0.8932501299184308,0.07403305710286114,0.1796053020267749,0.25337391407520965,1.0,0.10757596745234711
468,500,753,5898,0.11686541871009348,0.8643564017504181,0.8932501299184308,0.0740427725675782,0.1796053020267749,0.25331912868256207,1.0,0.1075717922651351
469,500,758,5898,0.11686541871009348,0.8643872583639425,0.8932501299184308,0.07405314380582662,0.1796053020267749,0.2532620604150814,1.0,0.10759901919383798
470,500,733,5898,0.11686541871009348,0.8644644229206301,0.8932501299184308,0.07407797681497742,0.1796053020267749,0.25297281132247373,1.0,0.10772860599990512
471,500,767,5898,0.11686541871009348,0.8645979891913035,0.8932501299184308,0.07411849733797424,0.1796053020267749,0.2524385724921463,1.0,0.10794717649437845
472,500,748,5898,0.11686541871009348,0.8648967976779478,0.8932501299184308,0.07417542337325271,0.1796053020267749,0.25137567658973886,1.0,0.10817738419910795
473,500,757,5898,0.11686541871009348,0.8674367012338813,0.8932501299184308,0.07082936987542887,0.1796053020267749,0.2464760002745207,1.0,0.10397272774762638
474,500,754,5898,0.11686541871009348,0.8674787464237251,0.8932501299184308,0.07084338560295571,0.1796053020267749,0.2464759853604615,1.0,0.10398180274179797
475,500,796,5898,0.11686541871009348,0.8675021333326466,0.8932501299184308,0.07085113185118803,0.1796053020267749,0.24659622971760434,1.0,0.10391060540519478
476,500,750,5898,0.11686541871009348,0.8675010385271492,0.8932501299184308,0.07085092339359814,0.1796053020267749,0.2469570449782741,1.0,0.10372678781700091
477,500,752,5898,0.11686541871009348,0.867594645892774,0.8932501299184308,0.07087546747479853,0.1796053020267749,0.24664654865961613,1.0,0.10383745977602078
478,500,726,5898,0.11686541871009348,0.8679175391111414,0.8932501299184308,0.07092816702030412,0.1796053020267749,0.24553817186228372,1.0,0.10399723430889063
479,500,764,5898,0.11686541871009348,0.869561351468691,0.8932501299184308,0.07007425547652124,0.1796053020267749,0.2414480307334997,1.0,0.101601996490599
480,500,758,5898,0.11686541871009348,0.8705625051091201,0.8932501299184308,0.06742857462991886,0.1796053020267749,0.24040487192655616,1.0,0.09921144868709426
481,500,763,5898,0.11686541871009348,0.8705708599756145,0.8932501299184308,0.06743125547379729,0.1796053020267749,0.2405426831399924,1.0,0.09915704481489802
482,500,739,5898,0.11686541871009348,0.8706841353784441,0.8932501299184308,0.06744517606229454,0.1796053020267749,0.24028554524596438,1.0,0.0991924820194767
483,500,738,5898,0.11686541871009348,0.8707049458449383,0.8932501299184308,0.06745261859147406,0.1796053020267749,0.24026804787094003,1.0,0.0992150095147797
484,500,769,5898,0.11686541871009348,0.8708177295592029,0.8932501299184308,0.06748079968789121,0.1796053020267749,0.23993075353970017,1.0,0.09932831051578704
485,500,738,5898,0.11686541871009348,0.870847793149448,0.8932501299184308,0.06735290407999903,0.1796053020267749,0.23992957567050685,1.0,0.09931997174937625
486,500,725,5898,0.11686541871009348,0.870851496853152,0.8932501299184308,0.06735424334834095,0.1796053020267749,0.24012759770944078,1.0,0.09922901491093347
487,500,782,5898,0.11686541871009348,0.8708477232682462,0.8932501299184308,0.06735316628401254,0.1796053020267749,0.24033052624938933,1.0,0.09913396514271165
488,500,762,5898,0.11686541871009348,0.8708776698952122,0.8932501299184308,0.06735862561013323,0.1796053020267749,0.2404134609405099,1.0,0.09907214316203808
489,500,775,5898,0.11686541871009348,0.8708916147632539,0.8932501299184308,0.06735868820175075,0.1796053020267749,0.240534509275268,1.0,0.09901837871776079
490,500,757,5898,0.11686541871009348,0.8708985952994432,0.8932501299184308,0.06736099953651424,0.1796053020267749,0.24065016954886742,1.0,0.09897334041957273
491,500,778,5898,0.11686541871009348,0.8708436241127795,0.8932501299184308,0.0673561342867066,0.1796053020267749,0.2408561051125956,1.0,0.09897111839530247
492,500,749,5898,0.11686541871009348,0.8708357948509036,0.8932501299184308,0.06735293160189218,0.1796053020267749,0.2411220452266247,1.0,0.09884406210529681
493,500,728,5898,0.11686541871009348,0.8709932371989119,0.8932501299184308,0.067393973508188,0.1796053020267749,0.2405343384812118,1.0,0.09905642295253066
494,500,751,5898,0.11686541871009348,0.8718582785093715,0.8932501299184308,0.06733551894211524,0.1796053020267749,0.23782521464630044,1.0,0.09856886406798594
495,500,754,5898,0.11686541871009348,0.8738833390577707,0.8932501299184308,0.06370109008884742,0.1796053020267749,0.2342523005246767,1.0,0.09401578062811507
496,500,762,5898,0.11686541871009348,0.8738758617691613,0.8932501299184308,0.0636993361962621,0.1796053020267749,0.23436223375084048,1.0,0.09397464603870408
497,500,774,5898,0.11686541871009348,0.8739488410377381,0.8932501299184308,0.06371835685015165,0.18257418583505536,0.2340948968036098,1.0,0.09406935267994268
498,500,762,5898,0.11686541871009348,0.8739550138772444,0.8932501299184308,0.06372012471546325,0.18257418583505536,0.23414099948122527,1.0,0.09405130728233986
499,500,752,5898,0.11686541871009348,0.873942528435828,0.8932501299184308,0.06371675578608627,0.18257418583505536,0.2343765275309706,1.0,0.0939575214891819
