0_age_at_initial_pathologic_diagnosis,0_ajcc_pathologic_tumor_stage_Stage IV,1_hsa.let.7b.3p,1_hsa.let.7b.5p,1_hsa.miR.1197,1_hsa.miR.126.3p,1_hsa.miR.126.5p,1_hsa.miR.130b.3p,1_hsa.miR.130b.5p,1_hsa.miR.132.5p,1_hsa.miR.138.5p,1_hsa.miR.153.5p,1_hsa.miR.15b.5p,1_hsa.miR.18a.5p,1_hsa.miR.204.5p,1_hsa.miR.215.5p,1_hsa.miR.224.5p,1_hsa.miR.2355.5p,1_hsa.miR.24.1.5p,1_hsa.miR.27b.3p,1_hsa.miR.296.5p,1_hsa.miR.301b,1_hsa.miR.331.5p,1_hsa.miR.34b.3p,1_hsa.miR.362.3p,1_hsa.miR.3648,1_hsa.miR.3651,1_hsa.miR.376a.3p,1_hsa.miR.3922.3p,1_hsa.miR.425.3p,1_hsa.miR.454.3p,1_hsa.miR.487a.3p,1_hsa.miR.494.3p,1_hsa.miR.511.5p,1_hsa.miR.550a.3p,1_hsa.miR.590.3p,1_hsa.miR.590.5p,1_hsa.miR.625.5p,1_hsa.miR.6503.5p,1_hsa.miR.656.3p,1_hsa.miR.664a.5p,1_hsa.miR.6718.5p,1_hsa.miR.676.3p,1_hsa.miR.7704,1_hsa.miR.885.5p,1_hsa.miR.92b.3p,1_hsa.miR.935,1_hsa.miR.95.3p,1_hsa.miR.99b.3p,1_hsa.miR.302b.3p,1_hsa.miR.519a.3p
1,1,1,0,0,0,1,0,0,0,1,0,1,0,1,1,1,1,1,1,1,1,0,0,1,1,0,0,1,0,1,0,1,1,1,1,0,0,1,0,0,0,1,1,1,0,0,1,0,1,0
1,1,1,0,0,0,1,0,0,0,1,1,1,0,1,1,1,1,1,1,1,1,0,1,1,0,0,0,0,0,1,0,0,1,0,1,0,0,1,0,0,0,1,1,0,0,1,1,0,1,0
1,1,1,0,0,0,1,0,0,1,1,0,1,1,1,1,0,1,1,1,1,1,1,0,1,0,0,0,0,0,1,1,0,1,0,1,1,0,1,0,0,0,0,1,0,0,0,0,0,1,0
1,1,1,0,0,0,1,0,0,0,1,0,1,0,1,1,0,1,1,1,1,1,0,1,1,0,0,0,0,0,1,0,0,1,0,1,1,0,1,0,0,0,1,1,0,0,1,0,0,1,0
1,1,1,0,0,0,0,0,0,0,1,0,1,0,1,1,0,1,1,1,1,1,0,1,1,0,0,0,0,0,1,0,0,1,0,1,1,0,1,0,0,0,1,1,0,0,1,0,0,1,0
1,1,1,0,0,0,0,0,0,0,1,0,1,0,1,1,0,1,1,1,1,1,0,1,1,0,0,0,0,0,1,0,0,1,0,1,1,0,1,0,0,0,0,1,0,0,1,0,0,1,0
1,1,0,1,0,0,0,0,0,1,0,0,0,0,1,1,0,1,1,1,1,0,0,0,1,1,1,0,0,0,0,0,0,0,0,1,0,1,1,0,1,1,0,1,0,0,0,0,0,1,1
1,1,0,0,1,0,0,0,0,0,0,0,0,0,1,1,0,0,0,0,1,1,0,0,1,1,1,1,0,0,0,0,0,0,1,1,0,0,1,1,1,0,0,1,0,0,0,0,1,1,0
0,1,0,0,0,0,0,0,0,0,0,0,0,0,1,1,0,0,0,0,1,1,0,0,1,1,1,1,0,0,0,0,0,0,0,1,0,0,1,1,1,0,0,1,0,0,0,0,1,1,0
1,1,1,0,0,0,0,0,0,0,0,0,0,0,1,1,0,0,0,0,1,0,0,0,1,1,0,0,0,1,0,0,0,0,0,1,0,0,1,0,1,0,0,1,0,0,1,0,0,1,0
1,1,1,0,0,0,0,0,0,0,0,0,0,0,1,1,0,0,0,1,1,1,0,0,1,0,0,0,0,0,0,0,0,0,0,1,0,0,1,0,1,0,0,1,0,0,0,0,0,1,0
0,1,0,0,0,0,0,0,0,0,0,0,0,0,1,1,0,0,0,0,1,0,0,0,1,1,0,1,0,0,0,0,0,0,0,1,0,0,1,1,1,0,0,1,0,0,0,0,0,1,0
1,1,0,0,0,0,0,1,0,0,0,0,0,0,1,1,0,0,0,0,1,0,0,0,1,0,0,0,0,0,0,0,0,0,0,1,0,0,1,0,1,0,0,1,0,0,0,0,0,1,0
0,1,0,0,0,0,0,0,0,0,0,0,0,0,1,1,0,0,0,0,1,0,0,0,1,1,0,0,0,0,0,0,0,0,0,1,0,0,1,0,1,0,0,1,0,0,0,0,0,1,0
0,1,0,0,0,0,0,0,0,0,0,0,0,0,1,1,0,0,0,0,1,0,0,0,1,1,0,0,0,0,0,0,0,0,0,1,0,0,0,0,1,0,0,1,0,0,0,0,0,1,0
1,1,0,0,0,1,0,0,0,0,0,0,0,0,0,1,0,0,0,0,1,0,0,0,0,1,0,0,0,0,0,0,0,0,0,1,0,0,0,0,0,0,0,1,0,0,0,0,0,1,0
1,1,0,0,0,0,0,0,1,0,0,0,0,0,0,1,0,0,0,0,1,0,0,0,0,0,0,0,0,0,0,0,0,0,0,1,0,0,0,0,0,0,0,1,0,0,0,0,0,1,0
1,1,0,0,0,0,0,0,0,0,0,0,0,0,0,1,0,0,0,0,1,0,0,0,0,0,0,0,0,0,0,0,0,0,0,1,0,0,0,0,0,0,0,1,0,0,0,0,0,1,0
1,1,0,0,0,0,0,0,0,0,0,0,0,0,0,1,0,0,0,0,1,0,0,0,0,0,0,0,0,0,0,0,0,0,0,1,0,0,0,0,0,0,0,1,0,0,0,0,0,0,0
0,1,0,0,0,0,0,0,0,0,0,0,0,0,0,1,0,0,0,0,0,0,0,0,0,1,0,0,0,0,0,0,0,0,0,1,0,0,0,0,0,0,0,0,0,0,0,0,0,1,0
0,1,0,0,0,0,0,0,0,0,0,0,0,0,0,1,0,0,0,0,0,0,0,0,0,1,0,0,0,0,0,0,0,0,0,1,0,0,0,0,0,0,0,0,0,0,0,0,0,0,0
0,1,0,0,0,0,0,0,0,0,0,0,0,0,0,1,0,0,0,0,0,0,0,0,0,0,0,0,0,0,0,0,0,0,0,1,0,0,0,0,0,0,0,0,0,0,0,0,0,0,0
1,1,0,0,0,0,0,0,0,0,0,0,0,0,0,0,0,0,0,0,0,0,0,0,0,0,0,0,0,0,0,0,0,0,0,0,0,0,0,0,0,0,0,0,0,0,0,0,0,0,0
0,0,0,0,0,0,0,0,0,0,0,0,0,0,0,0,0,0,0,0,0,0,0,0,0,0,0,0,0,0,0,0,0,0,0,0,0,0,0,0,0,0,0,0,0,1,0,0,0,0,0
0,0,0,0,0,0,0,0,0,0,0,0,0,0,0,0,0,0,0,0,0,0,0,0,0,0,0,0,0,0,0,0,0,0,0,0,0,0,0,0,0,0,0,0,0,0,0,0,0,0,0
