inner_cv_RF4_bal_acc,inner_cv_root_leanness,train_RF4_bal_acc,train_root_leanness,test_RF4_bal_acc,test_root_leanness
0.9602198725934027,0.21320071635561044,0.9863660762211486,0.21320071635561044,0.8577596952723343,0.21320071635561044
0.9601849319924245,0.21320071635561044,0.9745409615248282,0.21320071635561044,0.8407321809748503,0.21320071635561044
0.958993406860511,0.21821789023599236,0.988827109855275,0.21821789023599236,0.8445509065327064,0.21821789023599236
0.9585115751486712,0.21320071635561044,0.9814278046162105,0.21320071635561044,0.8490870474692518,0.21320071635561044
0.9583492844772582,0.15075567228888181,0.9863311356201704,0.15075567228888181,0.824583112651869,0.15075567228888181
0.9571415550086592,0.22360679774997896,0.9819752073648711,0.22360679774997896,0.8404374040369996,0.22360679774997896
0.956516168889699,0.21320071635561044,0.9826274319164666,0.21320071635561044,0.8306145376923941,0.21320071635561044
0.9564462876877424,0.21320071635561044,0.9863660762211486,0.21320071635561044,0.8528367599146163,0.21320071635561044
0.9558720465064463,0.2581988897471611,0.9720368851213805,0.2581988897471611,0.8689398194959368,0.2581988897471611
0.9552198219548507,0.2773500981126146,0.9739236775742108,0.2773500981126146,0.8209024133189958,0.2773500981126146
0.9551767791855295,0.24253562503633297,0.9894793344068706,0.24253562503633297,0.8457241294450597,0.24253562503633297
0.95467241920619,0.2773500981126146,0.9745409615248282,0.2773500981126146,0.8516405326314326,0.2773500981126146
0.9546643170378472,0.2581988897471611,0.980131457681362,0.2581988897471611,0.8370744860128075,0.2581988897471611
0.9546106401725762,0.23570226039551584,0.9757405888250844,0.23570226039551584,0.8428988717158585,0.23570226039551584
0.9540551352555727,0.22360679774997896,0.9770100973272973,0.22360679774997896,0.8516175282606021,0.22360679774997896
0.9534727919059339,0.21821789023599236,0.9850884655505929,0.21821789023599236,0.825530571738863,0.21821789023599236
0.9534378513049555,0.31622776601683794,0.9740322913803527,0.31622776601683794,0.8150780276159446,0.31622776601683794
0.9534029107039771,0.28867513459481287,0.9695758514872542,0.28867513459481287,0.8199549542320017,0.28867513459481287
0.9533760722713417,0.21821789023599236,0.9782715036611673,0.21821789023599236,0.8272056109265412,0.21821789023599236
0.9533679701029989,0.28867513459481287,0.9763847112083373,0.28867513459481287,0.85904794003884,0.28867513459481287
0.9533679701029989,0.2773500981126146,0.9732633508542724,0.2773500981126146,0.8404374040369996,0.2773500981126146
0.9533679701029989,0.22360679774997896,0.9795141737307447,0.22360679774997896,0.8565404636183199,0.22360679774997896
0.9521683428027427,0.24253562503633297,0.9745409615248282,0.24253562503633297,0.8329839878879313,0.24253562503633297
0.952141504370107,0.21821789023599236,0.9844792837683185,0.21821789023599236,0.8321285462842593,0.21821789023599236
0.9521253000334214,0.31622776601683794,0.9620636222769118,0.31622776601683794,0.831764756233917,0.31622776601683794
0.9520984616007858,0.30151134457776363,0.9720019445204022,0.30151134457776363,0.8173137314694443,0.30151134457776363
0.9520285803988292,0.22360679774997896,0.9763578727757016,0.22360679774997896,0.8293032885550581,0.22360679774997896
0.9515510588521252,0.31622776601683794,0.9715980961788621,0.31622776601683794,0.8283788338388944,0.31622776601683794
0.9515510588521252,0.2773500981126146,0.9676971612027669,0.2773500981126146,0.8205846320103145,0.2773500981126146
0.9515080160828042,0.30151134457776363,0.9682982408166986,0.30151134457776363,0.8404374040369996,0.30151134457776363
0.9514892798185114,0.21821789023599236,0.9819321645955499,0.21821789023599236,0.8382707132959913,0.21821789023599236
0.9514811776501686,0.31622776601683794,0.9739236775742108,0.31622776601683794,0.8382937176668218,0.31622776601683794
0.9514730754818258,0.2672612419124244,0.9770019951589545,0.2672612419124244,0.8333707823091039,0.2672612419124244
0.9512127815474057,0.31622776601683794,0.9682982408166986,0.31622776601683794,0.8233868853686852,0.31622776601683794
0.9510692271402854,0.31622776601683794,0.9602467110260383,0.31622776601683794,0.8392181723829854,0.31622776601683794
0.9509606133341435,0.30151134457776363,0.9602467110260383,0.30151134457776363,0.8404374040369996,0.30151134457776363
0.9509418770698508,0.2672612419124244,0.9782715036611673,0.2672612419124244,0.8382937176668218,0.2672612419124244
0.9502815503499124,0.30151134457776363,0.9652199232319549,0.30151134457776363,0.8233868853686852,0.30151134457776363
0.9502385075805913,0.25,0.9738537963722541,0.25,0.8329839878879313,0.25
0.9496642663992951,0.31622776601683794,0.9708721984221027,0.31622776601683794,0.8333017691966125,0.31622776601683794
0.9496374279666595,0.30151134457776363,0.9776542197105501,0.30151134457776363,0.8036951439378133,0.30151134457776363
0.9496374279666595,0.23570226039551584,0.9720368851213805,0.23570226039551584,0.8317877606047475,0.23570226039551584
0.949621223629974,0.30151134457776363,0.9801152533446764,0.30151134457776363,0.8367106959624653,0.30151134457776363
0.9492480057242763,0.3535533905932738,0.9524043066793192,0.3535533905932738,0.8382707132959913,0.3535533905932738
0.9491168636506344,0.30151134457776363,0.9633331307791249,0.30151134457776363,0.8255535761096933,0.30151134457776363
0.9490469824486778,0.31622776601683794,0.9683681220186552,0.31622776601683794,0.819660177294151,0.31622776601683794
0.9490469824486778,0.30151134457776363,0.9732365124216369,0.30151134457776363,0.8206766494936364,0.30151134457776363
0.9490469824486778,0.2581988897471611,0.9794711309614236,0.2581988897471611,0.8283328250972335,0.2581988897471611
0.9490201440160423,0.22360679774997896,0.9770100973272973,0.22360679774997896,0.8391491592704939,0.22360679774997896
0.9489771012467212,0.3333333333333333,0.9577588389592766,0.3333333333333333,0.8618041846555498,0.3333333333333333
0.9484296984980606,0.31622776601683794,0.9738806348048896,0.31622776601683794,0.8345900139631182,0.31622776601683794
0.9484028600654251,0.2581988897471611,0.9795410121633802,0.2581988897471611,0.8466485841612232,0.2581988897471611
0.9483866557287394,0.2581988897471611,0.9739236775742108,0.2581988897471611,0.8391951680121549,0.2581988897471611
0.9483248766951256,0.30151134457776363,0.9719938423520595,0.30151134457776363,0.8184409456401367,0.30151134457776363
0.9479640711229063,0.3333333333333333,0.9726891096729762,0.3333333333333333,0.8354454555667903,0.3333333333333333
0.9479559689545635,0.31622776601683794,0.9677239996354023,0.31622776601683794,0.8441641121115337,0.31622776601683794
0.9479559689545635,0.30151134457776363,0.9813579234142538,0.30151134457776363,0.83217455502592,0.30151134457776363
0.9478473551484216,0.31622776601683794,0.9709458716272664,0.31622776601683794,0.8137437741077782,0.31622776601683794
0.9477506355138294,0.24253562503633297,0.9776273812779145,0.24253562503633297,0.8385654902338422,0.24253562503633297
0.9477506355138294,0.24253562503633297,0.9776273812779145,0.24253562503633297,0.8385654902338422,0.24253562503633297
0.9477506355138294,0.23570226039551584,0.9800884149120408,0.23570226039551584,0.8245601082810385,0.23570226039551584
0.9476377115425516,0.3333333333333333,0.9619588004739767,0.3333333333333333,0.8544197816189728,0.3333333333333333
0.9473386850039462,0.31622776601683794,0.9689854059692726,0.31622776601683794,0.8454063481363784,0.31622776601683794
0.9473386850039462,0.30151134457776363,0.9701850332695287,0.30151134457776363,0.8255535761096933,0.30151134457776363
0.9473037444029678,0.28867513459481287,0.975123304874467,0.28867513459481287,0.8126625686787466,0.28867513459481287
0.9472032327651687,0.31622776601683794,0.9690940197754145,0.31622776601683794,0.8271365978140498,0.31622776601683794
0.9471951305968259,0.31622776601683794,0.9652199232319549,0.31622776601683794,0.8237046666773663,0.31622776601683794
0.9471682921641904,0.23570226039551584,0.9733063936235935,0.23570226039551584,0.8379529319873102,0.23570226039551584
0.9471682921641904,0.23570226039551584,0.9733063936235935,0.23570226039551584,0.8379529319873102,0.23570226039551584
0.9470984109622338,0.22360679774997896,0.9757674272577198,0.22360679774997896,0.8453833437655479,0.22360679774997896
0.9470903087938909,0.31622776601683794,0.9708023172201461,0.31622776601683794,0.8355374730501121,0.31622776601683794
0.9467831800869428,0.3333333333333333,0.9695328087179332,0.3333333333333333,0.814737241936433,0.3333333333333333
0.9466864604523506,0.31622776601683794,0.9676460162651029,0.31622776601683794,0.8162512505282982,0.31622776601683794
0.9466864604523506,0.2672612419124244,0.9770019951589545,0.2672612419124244,0.8407781897165112,0.2672612419124244
0.9465510082135731,0.2773500981126146,0.9863230334518276,0.2773500981126146,0.803626130825322,0.2773500981126146
0.9465348038768875,0.3333333333333333,0.9707324360181893,0.3333333333333333,0.8320825375425983,0.3333333333333333
0.9465160676125949,0.2773500981126146,0.9751501433071026,0.2773500981126146,0.8357172281338106,0.2773500981126146
0.9464380842422953,0.3535533905932738,0.9619588004739767,0.3535533905932738,0.8175394952948036,0.3535533905932738
0.9460423380690978,0.22360679774997896,0.9845061222009541,0.22360679774997896,0.8329839878879313,0.22360679774997896
0.9459955032965697,0.31622776601683794,0.9645676986803593,0.31622776601683794,0.8379529319873102,0.31622776601683794
0.9459686648639343,0.31622776601683794,0.977762833516692,0.31622776601683794,0.8315218728767768,0.31622776601683794
0.9459686648639343,0.2773500981126146,0.9720368851213805,0.2773500981126146,0.8454063481363784,0.2773500981126146
0.9459337242629559,0.3333333333333333,0.9701581948368933,0.3333333333333333,0.8503752922357574,0.3333333333333333
0.9459337242629559,0.21821789023599236,0.9739236775742108,0.21821789023599236,0.8404374040369996,0.21821789023599236
0.9459256220946131,0.31622776601683794,0.9739236775742108,0.31622776601683794,0.8392641811246463,0.31622776601683794
0.9459068858303203,0.28867513459481287,0.9689155247673158,0.28867513459481287,0.8532235543357889,0.28867513459481287
0.9459068858303203,0.24253562503633297,0.9770100973272973,0.24253562503633297,0.8280380481593829,0.24253562503633297
0.9459068858303203,0.21320071635561044,0.9819752073648711,0.21320071635561044,0.8416566356910138,0.21320071635561044
0.9458987836619774,0.31622776601683794,0.9728245619117537,0.31622776601683794,0.8215379759363582,0.31622776601683794
0.9455217737530728,0.3333333333333333,0.9739236775742108,0.3333333333333333,0.8395359536916664,0.3333333333333333
0.945459994719459,0.31622776601683794,0.9690940197754145,0.31622776601683794,0.8271365978140498,0.31622776601683794
0.9454250541184805,0.3333333333333333,0.9683412835860198,0.3333333333333333,0.8408011940873417,0.3333333333333333
0.9453863215142952,0.30151134457776363,0.9677239996354023,0.30151134457776363,0.8330069922587617,0.30151134457776363
0.9453820113491593,0.3333333333333333,0.9694629275159764,0.3333333333333333,0.8457701381867206,0.3333333333333333
0.9453782193459525,0.3333333333333333,0.9751501433071026,0.3333333333333333,0.8395359536916664,0.3333333333333333
0.9453432787449743,0.30151134457776363,0.966481329565825,0.30151134457776363,0.8255535761096933,0.30151134457776363
0.9453164403123386,0.23570226039551584,0.972071825722359,0.23570226039551584,0.8280150437885524,0.23570226039551584
0.9452733975430174,0.3333333333333333,0.9639504147297421,0.3333333333333333,0.8308403015177536,0.3333333333333333
0.9452035163410608,0.3535533905932738,0.9538723300823383,0.3535533905932738,0.8369824685294857,0.3535533905932738
0.9446991563617214,0.3333333333333333,0.9770369357599327,0.3333333333333333,0.8342492282836064,0.3333333333333333
0.9446373773281074,0.2672612419124244,0.9763847112083373,0.2672612419124244,0.8491790649525737,0.2672612419124244
0.9446373773281074,0.2672612419124244,0.9763847112083373,0.2672612419124244,0.8491790649525737,0.2672612419124244
0.9446292751597646,0.31622776601683794,0.968271402384063,0.31622776601683794,0.8085260618122094,0.31622776601683794
0.9446292751597646,0.2672612419124244,0.972654169071998,0.2672612419124244,0.8457011250742292,0.2672612419124244
0.9446211729914218,0.31622776601683794,0.9807406394636364,0.31622776601683794,0.8478678158152375,0.31622776601683794
0.9445862323904436,0.31622776601683794,0.9603553248321802,0.31622776601683794,0.8370514816419771,0.31622776601683794
0.9443958196579801,0.31622776601683794,0.9610156515521187,0.31622776601683794,0.8221906580855013,0.31622776601683794
0.9443608790570017,0.22941573387056177,0.9776542197105501,0.22941573387056177,0.8543967772481423,0.22941573387056177
0.9442872058518382,0.31622776601683794,0.9721723373601581,0.31622776601683794,0.8262351474687166,0.31622776601683794
0.9442335289865671,0.20851441405707477,0.988827109855275,0.20851441405707477,0.8382017001834999,0.20851441405707477
0.9442173246498815,0.3333333333333333,0.9651849826309766,0.3333333333333333,0.8146912331947721,0.3333333333333333
0.944139341279582,0.3333333333333333,0.9763497706073588,0.3333333333333333,0.835786241246302,0.3333333333333333
0.9441087108437396,0.3333333333333333,0.9682633002157204,0.3333333333333333,0.814737241936433,0.3333333333333333
0.944081872411104,0.2773500981126146,0.9763847112083373,0.2773500981126146,0.842020425741356,0.2773500981126146
0.9440469318101258,0.3333333333333333,0.9708023172201461,0.3333333333333333,0.847890820186068,0.3333333333333333
0.9440469318101258,0.21320071635561044,0.9813579234142538,0.21320071635561044,0.8544197816189728,0.21320071635561044
0.9440307274734401,0.3333333333333333,0.9770100973272973,0.3333333333333333,0.8209024133189958,0.3333333333333333
0.9440200933774902,0.3333333333333333,0.9676460162651029,0.3333333333333333,0.8454063481363784,0.3333333333333333
0.9439071694062123,0.3333333333333333,0.9626110250255724,0.3333333333333333,0.8159794779612778,0.3333333333333333
0.9436081428676071,0.30151134457776363,0.9844362409989973,0.30151134457776363,0.8324693319637708,0.30151134457776363
0.9435813044349715,0.2672612419124244,0.9770019951589545,0.2672612419124244,0.8320825375425983,0.2672612419124244
0.9435651000982859,0.31622776601683794,0.9738537963722541,0.31622776601683794,0.8072148126748733,0.31622776601683794
0.9435651000982859,0.31622776601683794,0.9738537963722541,0.31622776601683794,0.8072148126748733,0.31622776601683794
0.9435651000982859,0.31622776601683794,0.9738537963722541,0.31622776601683794,0.8072148126748733,0.31622776601683794
0.9435651000982859,0.30151134457776363,0.9750453215041676,0.30151134457776363,0.8417026444326747,0.30151134457776363
0.9435301594973076,0.28867513459481287,0.9794711309614236,0.28867513459481287,0.8102011009998875,0.28867513459481287
0.9434726906288295,0.24253562503633297,0.9782715036611673,0.24253562503633297,0.8416796400618443,0.24253562503633297
0.9434296478595083,0.3333333333333333,0.9658372071825723,0.3333333333333333,0.8112823064289192,0.3333333333333333
0.9434296478595083,0.2672612419124244,0.9857057495012101,0.2672612419124244,0.8308633058885839,0.2672612419124244
0.9434028094268729,0.3333333333333333,0.9745328593564853,0.3333333333333333,0.8234328941103461,0.3333333333333333
0.9433167238882305,0.3779644730092272,0.9588804828892332,0.3779644730092272,0.841072966654362,0.3779644730092272
0.9429908589169897,0.31622776601683794,0.9684767358247972,0.31622776601683794,0.817152700873631,0.31622776601683794
0.9429478161476685,0.31622776601683794,0.9614463383262946,0.31622776601683794,0.8181001599606251,0.31622776601683794
0.9428510965130764,0.31622776601683794,0.965158144198341,0.31622776601683794,0.8088208387500602,0.31622776601683794
0.9428473045098695,0.22941573387056177,0.9776542197105501,0.22941573387056177,0.8354914643084511,0.22941573387056177
0.9428392023415266,0.31622776601683794,0.9672421679235625,0.31622776601683794,0.8110105338618989,0.31622776601683794
0.9428123639088911,0.3333333333333333,0.9639504147297421,0.3333333333333333,0.8503982966065878,0.3333333333333333
0.9428123639088911,0.31622776601683794,0.9733063936235935,0.31622776601683794,0.8342492282836064,0.31622776601683794
0.9427855254762555,0.3333333333333333,0.958993406860511,0.3333333333333333,0.8354914643084511,0.3333333333333333
0.9427855254762555,0.2672612419124244,0.9770019951589545,0.2672612419124244,0.8441871164823642,0.2672612419124244
0.9427855254762555,0.24253562503633297,0.9794711309614236,0.24253562503633297,0.8261891387270559,0.24253562503633297
0.9427075421059561,0.3333333333333333,0.9751152027061242,0.3333333333333333,0.8552982275934753,0.3333333333333333
0.9423816771347152,0.22360679774997896,0.9782796058295101,0.22360679774997896,0.8293262929258886,0.22360679774997896
0.9423654727980295,0.31622776601683794,0.9690940197754145,0.31622776601683794,0.826841820876199,0.31622776601683794
0.9423305321970513,0.31622776601683794,0.9751931860764238,0.31622776601683794,0.8234098897395157,0.31622776601683794
0.9423036937644158,0.3333333333333333,0.9770019951589545,0.3333333333333333,0.8494508375195938,0.3333333333333333
0.9422568589918876,0.31622776601683794,0.9697113037260318,0.31622776601683794,0.8234328941103461,0.31622776601683794
0.9422381227275949,0.3333333333333333,0.968958567536637,0.3333333333333333,0.8391951680121549,0.3333333333333333
0.9421950799582739,0.3333333333333333,0.9701850332695287,0.3333333333333333,0.8506930735444385,0.3333333333333333
0.9421682415256383,0.31622776601683794,0.9776273812779145,0.31622776601683794,0.8380219450998017,0.31622776601683794
0.9421601393572955,0.3333333333333333,0.9751152027061242,0.3333333333333333,0.8420664344830169,0.3333333333333333
0.9421333009246599,0.3333333333333333,0.9658022665815938,0.3333333333333333,0.8321285462842593,0.3333333333333333
0.9421251987563173,0.3333333333333333,0.9751501433071026,0.3333333333333333,0.8324003188512794,0.3333333333333333
0.9421170965879743,0.31622776601683794,0.9812799400439542,0.31622776601683794,0.8138357915911,0.31622776601683794
0.9421170965879743,0.31622776601683794,0.9812799400439542,0.31622776601683794,0.8138357915911,0.31622776601683794
0.9420902581553389,0.3535533905932738,0.9615979949017577,0.3535533905932738,0.82462912139353,0.3535533905932738
0.9420821559869961,0.3535533905932738,0.961376457124338,0.3535533905932738,0.835786241246302,0.3535533905932738
0.9418649048218972,0.30151134457776363,0.9672421679235625,0.30151134457776363,0.8274773834935616,0.30151134457776363
0.9417562910157551,0.31622776601683794,0.9647461936884578,0.31622776601683794,0.8311810871972651,0.31622776601683794
0.9417562910157551,0.2773500981126146,0.9751931860764238,0.2773500981126146,0.8332557604549515,0.2773500981126146
0.9417562910157551,0.2773500981126146,0.9751931860764238,0.2773500981126146,0.8332557604549515,0.2773500981126146
0.9417294525831197,0.3333333333333333,0.962106665046233,0.3333333333333333,0.8174474778114819,0.3333333333333333
0.9417213504147768,0.22941573387056177,0.968958567536637,0.22941573387056177,0.836687691591635,0.22941573387056177
0.9416783076454557,0.3333333333333333,0.9614463383262946,0.3333333333333333,0.833324773567443,0.3333333333333333
0.9416433670444773,0.3535533905932738,0.9657673259806157,0.3535533905932738,0.8097452934662236,0.3535533905932738
0.9415858981759995,0.31622776601683794,0.9788968897801273,0.31622776601683794,0.8429448804575195,0.31622776601683794
0.9415858981759992,0.2672612419124244,0.9714196011707633,0.2672612419124244,0.8491330562109127,0.2672612419124244
0.9415696938393138,0.31622776601683794,0.9726192284710196,0.31622776601683794,0.8370284772711466,0.31622776601683794
0.9415696938393138,0.30151134457776363,0.9726891096729762,0.30151134457776363,0.8491330562109127,0.30151134457776363
0.9415590597433638,0.2581988897471611,0.9807056988626581,0.2581988897471611,0.8470123742115654,0.2581988897471611
0.9415428554066783,0.31622776601683794,0.9615817905650721,0.31622776601683794,0.8308403015177536,0.31622776601683794
0.9415428554066783,0.2581988897471611,0.975123304874467,0.2581988897471611,0.8267958121345382,0.2581988897471611
0.9415347532383354,0.30151134457776363,0.9676460162651029,0.30151134457776363,0.8122297655159132,0.30151134457776363
0.9415160169740426,0.3535533905932738,0.9614194998936589,0.3535533905932738,0.8471921292952638,0.3535533905932738
0.941499812637357,0.3535533905932738,0.9646601081498156,0.3535533905932738,0.8097452934662236,0.3535533905932738
0.941499812637357,0.31622776601683794,0.9757674272577198,0.31622776601683794,0.814737241936433,0.31622776601683794
0.9414729742047216,0.3535533905932738,0.9619937410749552,0.3535533905932738,0.8221446493438405,0.3535533905932738
0.9414648720363787,0.3535533905932738,0.9632551474088252,0.3535533905932738,0.8223934175400303,0.3535533905932738
0.9411658454977735,0.3333333333333333,0.962742685261143,0.3333333333333333,0.8308403015177535,0.3333333333333333
0.9411309048967951,0.31622776601683794,0.9728245619117537,0.31622776601683794,0.8258943617892051,0.31622776601683794
0.9410959642958167,0.28867513459481287,0.9776273812779145,0.28867513459481287,0.8122067611450827,0.28867513459481287
0.9410959642958167,0.28867513459481287,0.9776273812779145,0.28867513459481287,0.8122067611450827,0.28867513459481287
0.9409992446612245,0.3333333333333333,0.9757674272577198,0.3333333333333333,0.8432166530245399,0.3333333333333333
0.9409954526580175,0.3333333333333333,0.9695758514872542,0.3333333333333333,0.833324773567443,0.3333333333333333
0.9409417757927466,0.3333333333333333,0.9632981901781464,0.3333333333333333,0.8295980654929087,0.3333333333333333
0.9409255714560609,0.3333333333333333,0.9714196011707633,0.3333333333333333,0.8472841467785855,0.3333333333333333
0.9409255714560609,0.3333333333333333,0.962106665046233,0.3333333333333333,0.8578287083848256,0.3333333333333333
0.9409174692877181,0.3333333333333333,0.9739236775742108,0.3333333333333333,0.8385884946046727,0.3333333333333333
0.9409093671193753,0.3333333333333333,0.9695328087179332,0.3333333333333333,0.8237046666773663,0.3333333333333333
0.9408556902541043,0.3535533905932738,0.9613415165233595,0.3535533905932738,0.8481395883822577,0.3535533905932738
0.9408556902541043,0.3333333333333333,0.9594977668398504,0.3333333333333333,0.8159794779612778,0.3333333333333333
0.9408126474847831,0.3535533905932738,0.9582201561692948,0.3535533905932738,0.8246751301351909,0.3535533905932738
0.9406222347523198,0.3333333333333333,0.9726891096729762,0.3333333333333333,0.8457471338158902,0.3333333333333333
0.9404867825135422,0.31622776601683794,0.9726622712403407,0.31622776601683794,0.835786241246302,0.31622776601683794
0.9404437397442212,0.3535533905932738,0.9658291050142294,0.3535533905932738,0.8382937176668218,0.3535533905932738
0.9404006969749,0.3535533905932738,0.9632283089761897,0.3535533905932738,0.8395819624333274,0.3535533905932738
0.940289551241151,0.3333333333333333,0.9657592238122727,0.3333333333333333,0.8429448804575195,0.3333333333333333
0.9402571425677797,0.3535533905932738,0.962637863458208,0.3535533905932738,0.8309093146302449,0.3535533905932738
0.9401054624395015,0.3535533905932738,0.9633062923464891,0.3535533905932738,0.82438035319734,0.3535533905932738
0.93976467675999,0.3535533905932738,0.9644547747090815,0.3535533905932738,0.826795812134538,0.3535533905932738
0.9396130201845269,0.3333333333333333,0.9670287323144857,0.3333333333333333,0.8345440052214572,0.3333333333333333
0.9395942839202341,0.3535533905932738,0.9563333637164646,0.3535533905932738,0.846943361099074,0.3535533905932738
0.9395861817518913,0.3779644730092272,0.9688456435653592,0.3779644730092272,0.8394899449500055,0.3779644730092272
0.9395861817518913,0.3535533905932738,0.9607242325727423,0.3535533905932738,0.8530855281108062,0.3535533905932738
0.9389957362339096,0.3535533905932738,0.9563764064857857,0.3535533905932738,0.8246751301351909,0.3535533905932738
0.938968897801274,0.3535533905932738,0.961376457124338,0.3535533905932738,0.8234328941103461,0.3535533905932738
0.93849137625457,0.3535533905932738,0.9682982408166986,0.3535533905932738,0.8330069922587617,0.3535533905932738
0.9384564356535918,0.3535533905932738,0.96511510142902,0.3535533905932738,0.8506010560611166,0.3535533905932738
0.9384214950526134,0.3535533905932738,0.9628675034039705,0.3535533905932738,0.8398307306295173,0.3535533905932738
0.9384133928842706,0.3535533905932738,0.968958567536637,0.3535533905932738,0.8354914643084511,0.3535533905932738
0.9383516138506568,0.3535533905932738,0.9651069992606771,0.3535533905932738,0.8072838257873647,0.3535533905932738
0.9383247754180213,0.3535533905932738,0.9607242325727423,0.3535533905932738,0.8221676537146709,0.3535533905932738
0.9383166732496784,0.3535533905932738,0.9595327074408289,0.3535533905932738,0.8394899449500055,0.3535533905932738
0.9380525873120515,0.3333333333333333,0.9782715036611673,0.3333333333333333,0.8354914643084511,0.3333333333333333
0.9380482771469156,0.3779644730092272,0.9557591225351685,0.3779644730092272,0.8420664344830169,0.3779644730092272
0.9379746039417519,0.3535533905932738,0.9664544911331895,0.3535533905932738,0.8258943617892051,0.3535533905932738
0.9377961089336534,0.3535533905932738,0.9695328087179332,0.3535533905932738,0.8295980654929087,0.3535533905932738
0.937707491467404,0.3535533905932738,0.9594547240705292,0.3535533905932738,0.8159794779612778,0.3535533905932738
0.9376993892990612,0.3535533905932738,0.9601069486221249,0.3535533905932738,0.8370744860128075,0.3535533905932738
0.9375358149992333,0.3535533905932738,0.9664544911331895,0.3535533905932738,0.8382937176668218,0.3535533905932738
0.9373573199911347,0.3779644730092272,0.9632981901781464,0.3779644730092272,0.8221676537146709,0.3779644730092272
0.9372606003565425,0.3535533905932738,0.9613415165233595,0.3535533905932738,0.8320365288009374,0.3535533905932738
0.9371438843820578,0.3535533905932738,0.9651069992606771,0.3535533905932738,0.8134950059115884,0.3535533905932738
0.9371251481177649,0.3535533905932738,0.9588374401199122,0.3535533905932738,0.820971426431487,0.3535533905932738
0.9371170459494221,0.3535533905932738,0.96511510142902,0.3535533905932738,0.8010726456631412,0.3535533905932738
0.9370821053484439,0.3535533905932738,0.9626110250255724,0.3535533905932738,0.8370284772711466,0.3535533905932738
0.9370552669158083,0.3535533905932738,0.9588374401199122,0.3535533905932738,0.8457241294450597,0.3535533905932738
0.936984102085437,0.3535533905932738,0.9681934190137635,0.3535533905932738,0.8159334692196168,0.3535533905932738
0.9367131976078819,0.3535533905932738,0.9719938423520595,0.3535533905932738,0.8407781897165112,0.3535533905932738
0.9365734352039686,0.3535533905932738,0.9732365124216369,0.3535533905932738,0.8309093146302449,0.3535533905932738
0.936553438864076,0.3779644730092272,0.9601150507904677,0.3779644730092272,0.814737241936433,0.3779644730092272
0.9365428047681261,0.3535533905932738,0.9725842878700413,0.3535533905932738,0.8417026444326747,0.3535533905932738
0.9365347025997833,0.3535533905932738,0.9582201561692948,0.3535533905932738,0.8233868853686852,0.3535533905932738
0.9361883231267211,0.3779644730092272,0.9510998575761279,0.3779644730092272,0.8259173661600355,0.3779644730092272
0.9359336229858515,0.3779644730092272,0.9658372071825723,0.3779644730092272,0.8457011250742292,0.3779644730092272
0.9354006463363479,0.3535533905932738,0.9707243338498465,0.3535533905932738,0.829961855543251,0.3535533905932738
0.9352383556649349,0.3779644730092272,0.9607242325727423,0.3779644730092272,0.8630004119387336,0.3779644730092272
0.9348183029867089,0.3779644730092272,0.9639073719604209,0.3779644730092272,0.8184869543817976,0.3779644730092272
0.934387616212533,0.3779644730092272,0.9645246559110381,0.3779644730092272,0.8271365978140498,0.3779644730092272
0.9340387283646786,0.3779644730092272,0.9701232542359148,0.3779644730092272,0.8496535969741228,0.3779644730092272
0.9327611176941228,0.3779644730092272,0.9551418385845512,0.3779644730092272,0.8246751301351909,0.3779644730092272
0.9326793187678015,0.3779644730092272,0.9608371565440201,0.3779644730092272,0.8330069922587617,0.3779644730092272
0.9324084142902465,0.3779644730092272,0.9677976728405661,0.3779644730092272,0.8200239673444931,0.3779644730092272
0.9323304309199469,0.3779644730092272,0.9640858669685196,0.3779644730092272,0.8209484220606565,0.3779644730092272
0.932221817113805,0.3779644730092272,0.96511510142902,0.3779644730092272,0.8595914851728805,0.3779644730092272
0.9321438337435056,0.3779644730092272,0.9619937410749552,0.3779644730092272,0.8150780276159446,0.3779644730092272
0.9321169953108701,0.3779644730092272,0.9545245546339339,0.3779644730092272,0.8283788338388944,0.3779644730092272
0.9318673354724,0.3779644730092272,0.9608290543756773,0.3779644730092272,0.8218498724059897,0.3779644730092272
0.9317399854019653,0.3779644730092272,0.952412408847662,0.3779644730092272,0.818555967494289,0.3779644730092272
0.9317318832336225,0.3779644730092272,0.9551418385845512,0.3779644730092272,0.820971426431487,0.3779644730092272
0.9316969426326441,0.408248290463863,0.9595246052724861,0.408248290463863,0.7937342513682251,0.408248290463863
0.9316270614306875,0.3779644730092272,0.9553471720252853,0.3779644730092272,0.8271365978140498,0.3779644730092272
0.9316045331631878,0.3779644730092272,0.965158144198341,0.3779644730092272,0.833891323072314,0.3779644730092272
0.9315265497928884,0.3779644730092272,0.9570286310373813,0.3779644730092272,0.8221906580855013,0.3779644730092272
0.9315159156969385,0.3779644730092272,0.9626110250255724,0.3779644730092272,0.8382477089251609,0.3779644730092272
0.9314997113602528,0.3779644730092272,0.9551068979835728,0.3779644730092272,0.8172677227277834,0.3779644730092272
0.9313011964594466,0.3779644730092272,0.9572339644781156,0.3779644730092272,0.8296440742345697,0.3779644730092272
0.9311657442206691,0.3779644730092272,0.9522339138395634,0.3779644730092272,0.8246981345060214,0.3779644730092272
0.9311227014513481,0.3779644730092272,0.9607941137746989,0.3779644730092272,0.8419974213705256,0.3779644730092272
0.9309173680106138,0.3779644730092272,0.9601069486221249,0.3779644730092272,0.8236816623065358,0.3779644730092272
0.9305484602700519,0.3779644730092272,0.9657592238122727,0.3779644730092272,0.8185329631234586,0.3779644730092272
0.9305322559333662,0.3779644730092272,0.9645595965120165,0.3779644730092272,0.8494738418904243,0.3779644730092272
0.9305054175007307,0.408248290463863,0.9504170025886898,0.408248290463863,0.8042386890718539,0.408248290463863
0.9305054175007307,0.3779644730092272,0.9688886863346802,0.3779644730092272,0.8123217829992349,0.3779644730092272
0.9304436384671169,0.3779644730092272,0.9516865110909027,0.3779644730092272,0.8168809283066109,0.3779644730092272
0.9304005956977957,0.3779644730092272,0.9621641339147111,0.3779644730092272,0.813789782849439,0.3779644730092272
0.9303699652619531,0.3779644730092272,0.9607941137746989,0.3779644730092272,0.8383397264084828,0.3779644730092272
0.930335024660975,0.3779644730092272,0.9607242325727423,0.3779644730092272,0.814737241936433,0.3779644730092272
0.9303000840599965,0.3779644730092272,0.9620367838442764,0.3779644730092272,0.8234328941103461,0.3779644730092272
0.9302919818916537,0.3779644730092272,0.9582201561692948,0.3779644730092272,0.8234328941103461,0.3779644730092272
0.9300397901255766,0.3779644730092272,0.9572770072474366,0.3779644730092272,0.824946902702211,0.3779644730092272
0.9297607834796787,0.3779644730092272,0.9570904100709953,0.3779644730092272,0.8122757742575739,0.3779644730092272
0.9296828001093793,0.3779644730092272,0.9588804828892332,0.3779644730092272,0.8271826065557107,0.3779644730092272
0.9296478595084009,0.3779644730092272,0.9657673259806157,0.3779644730092272,0.844435884678554,0.3779644730092272
0.9294412424392521,0.3779644730092272,0.9641289097378406,0.3779644730092272,0.8320825375425983,0.3779644730092272
0.9292708495994961,0.3779644730092272,0.9622421172850105,0.3779644730092272,0.8222366668271622,0.3779644730092272
0.9284482322081447,0.408248290463863,0.9545513930665696,0.408248290463863,0.807398847641517,0.408248290463863
0.9280013410972833,0.408248290463863,0.9539153728516595,0.408248290463863,0.8175164909239733,0.408248290463863
0.9278658888585058,0.408248290463863,0.942186977789931,0.408248290463863,0.8014364357134832,0.408248290463863
0.9267748753643914,0.408248290463863,0.9615549521324365,0.408248290463863,0.8126165599370857,0.408248290463863
0.9260877102118176,0.408248290463863,0.9509294647363722,0.408248290463863,0.797801745122271,0.408248290463863
0.9258972974793542,0.408248290463863,0.9560074987452237,0.408248290463863,0.829961855543251,0.408248290463863
0.9257188024712555,0.408248290463863,0.9560074987452237,0.408248290463863,0.8089128562333819,0.408248290463863
0.9255428158379491,0.408248290463863,0.9504476330245323,0.408248290463863,0.8131831094419567,0.408248290463863
0.9253618124550582,0.408248290463863,0.9514300327125046,0.408248290463863,0.8172907270986138,0.408248290463863
0.9251015185206383,0.408248290463863,0.9646763124865012,0.408248290463863,0.8101550922582268,0.408248290463863
0.925058475751317,0.408248290463863,0.9484871673665385,0.408248290463863,0.8172907270986138,0.408248290463863
0.9250235351503389,0.408248290463863,0.9454169519501378,0.408248290463863,0.7942777965022657,0.408248290463863
0.9248693466472686,0.408248290463863,0.964059028535884,0.408248290463863,0.8299388511724205,0.408248290463863
0.9247095879034626,0.408248290463863,0.9533517657663133,0.408248290463863,0.8219648942601421,0.408248290463863
0.924484234570021,0.408248290463863,0.9589503640911898,0.408248290463863,0.803626130825322,0.408248290463863
0.9244330896323569,0.408248290463863,0.9534416433081624,0.408248290463863,0.7992697449724749,0.408248290463863
0.9244062511997215,0.408248290463863,0.9435220573289648,0.408248290463863,0.8188277400613092,0.408248290463863
0.9243325779945579,0.408248290463863,0.9521253000334214,0.408248290463863,0.7989979724054547,0.408248290463863
0.9242707989609441,0.408248290463863,0.9526458643494464,0.408248290463863,0.7964444872432739,0.408248290463863
0.9241353467221666,0.408248290463863,0.9539503134526377,0.408248290463863,0.7892858480320564,0.408248290463863
0.9240535477958451,0.408248290463863,0.9541207062923936,0.408248290463863,0.8225544481358436,0.408248290463863
0.923797069417447,0.408248290463863,0.9676541184334457,0.408248290463863,0.8187357225779875,0.408248290463863
0.9237889672491042,0.408248290463863,0.9489689990783784,0.408248290463863,0.8122987786284044,0.408248290463863
0.9236884556113051,0.408248290463863,0.9566516211284766,0.408248290463863,0.8371204947544685,0.408248290463863
0.9236535150103267,0.408248290463863,0.9571909217087944,0.408248290463863,0.8110565426035597,0.408248290463863
0.9232147260678081,0.408248290463863,0.9523037950415201,0.408248290463863,0.817608508407295,0.408248290463863
0.9231410528626445,0.408248290463863,0.9585303114129641,0.408248290463863,0.8234328941103461,0.408248290463863
0.9230792738290307,0.408248290463863,0.9508557915312086,0.408248290463863,0.809525414479914,0.408248290463863
0.923052435396395,0.408248290463863,0.9532550461317211,0.408248290463863,0.8097913022078845,0.408248290463863
0.9230362310597094,0.408248290463863,0.9464649226749309,0.408248290463863,0.8011876675172933,0.408248290463863
0.9229438215902531,0.408248290463863,0.9514730754818258,0.408248290463863,0.8296670786054001,0.408248290463863
0.9229007788209319,0.408248290463863,0.9497566758687516,0.408248290463863,0.8185329631234586,0.408248290463863
0.9225974421171909,0.408248290463863,0.9342790024063911,0.408248290463863,0.8014594400843137,0.408248290463863
0.9225543993478696,0.408248290463863,0.9590427735606463,0.408248290463863,0.8010956500339717,0.408248290463863
0.922427049277435,0.408248290463863,0.954629376436869,0.408248290463863,0.8054809250966987,0.408248290463863
0.9223409637387927,0.408248290463863,0.9497566758687516,0.408248290463863,0.7961957190470841,0.408248290463863
0.9222055115000153,0.408248290463863,0.9514300327125046,0.408248290463863,0.8036721395669829,0.408248290463863
0.9219452175655952,0.408248290463863,0.9466783582840078,0.408248290463863,0.8225314437650131,0.408248290463863
0.9218877486971172,0.408248290463863,0.9572339644781156,0.408248290463863,0.8150780276159446,0.408248290463863
0.9218528080961388,0.408248290463863,0.959738040881563,0.408248290463863,0.8274083703810702,0.408248290463863
0.9217935609901321,0.408248290463863,0.9584847367160357,0.408248290463863,0.8237276710481968,0.408248290463863
0.9217667225574966,0.408248290463863,0.9578244099960973,0.408248290463863,0.8052091525296783,0.408248290463863
0.9193056889233702,0.408248290463863,0.9441823840489032,0.408248290463863,0.8110795469743902,0.408248290463863
0.917632332079617,0.4472135954999579,0.9311576420523263,0.4472135954999579,0.808011405888049,0.4472135954999579
0.9174538370715183,0.4472135954999579,0.9398264557936038,0.4472135954999579,0.7993157537141359,0.4472135954999579
0.9163628235774042,0.4472135954999579,0.9546949474736897,0.4472135954999579,0.8188277400613092,0.4472135954999579
0.9154396945482535,0.4472135954999579,0.9516166298889461,0.4472135954999579,0.8275463966060528,0.4472135954999579
0.9145028695572094,0.4472135954999579,0.9522607522721989,0.4472135954999579,0.796854286035277,0.4472135954999579
0.9143486810541391,0.4472135954999579,0.9495862830289956,0.4472135954999579,0.809860315320376,0.4472135954999579
0.9142894339481324,0.4472135954999579,0.9392172740113294,0.4472135954999579,0.8027246804799889,0.4472135954999579
0.9136453115648797,0.4472135954999579,0.9495943851973385,0.4472135954999579,0.8113743239122411,0.4472135954999579
0.9133850176304597,0.4472135954999579,0.949772880205437,0.4472135954999579,0.802678671738328,0.4472135954999579
0.9132065226223609,0.4472135954999579,0.9404356375758784,0.4472135954999579,0.8052091525296783,0.4472135954999579
0.9124806248656018,0.4472135954999579,0.9565898420948628,0.4472135954999579,0.8064283841836926,0.4472135954999579
0.9119063836843055,0.4472135954999579,0.9491125534854987,0.4472135954999579,0.8113743239122411,0.4472135954999579
0.9117572354836347,0.4472135954999579,0.9466783582840078,0.4472135954999579,0.8237506754190272,0.4472135954999579
0.9113977135398302,0.4472135954999579,0.9417132482464341,0.4472135954999579,0.8076706202085372,0.4472135954999579
0.9112766874002096,0.4472135954999579,0.9484871673665385,0.4472135954999579,0.8089128562333819,0.4472135954999579
0.9106100367494572,0.4472135954999579,0.9404437397442212,0.4472135954999579,0.8113743239122411,0.4472135954999579
0.9105938324127715,0.4472135954999579,0.9577813672267762,0.4472135954999579,0.8027246804799889,0.4472135954999579
0.9105669939801361,0.4472135954999579,0.9522258116712206,0.4472135954999579,0.8255995848513542,0.4472135954999579
0.910155043470253,0.4472135954999579,0.9460529721650477,0.4472135954999579,0.8067691698632042,0.4472135954999579
0.9095458616879786,0.4472135954999579,0.9466434176830294,0.4472135954999579,0.8100400704040744,0.4472135954999579
0.9094023072808582,0.4472135954999579,0.9379746039417519,0.4472135954999579,0.7919083463067285,0.4472135954999579
0.9093754688482226,0.4472135954999579,0.9489608969100356,0.4472135954999579,0.8039439121340031,0.4472135954999579
0.9093324260789014,0.4472135954999579,0.9428779349457119,0.4472135954999579,0.8064283841836926,0.4472135954999579
0.9093243239105586,0.4472135954999579,0.9373573199911347,0.4472135954999579,0.8039669165048335,0.4472135954999579
0.9092050760084668,0.4472135954999579,0.9558209015687822,0.4472135954999579,0.8052091525296783,0.4472135954999579
0.9088586965354045,0.4472135954999579,0.9404786803451994,0.4472135954999579,0.807965397146388,0.4472135954999579
0.9086802015273058,0.4472135954999579,0.947252599465304,0.4472135954999579,0.8151240363576056,0.4472135954999579
0.9086452609263276,0.4472135954999579,0.9367131976078819,0.4472135954999579,0.7918623375650676,0.4472135954999579
0.9086333432019629,0.4472135954999579,0.9491555962548197,0.4472135954999579,0.814783250678094,0.4472135954999579
0.9082682510174227,0.4472135954999579,0.9367400360405174,0.4472135954999579,0.7989749680346242,0.4472135954999579
0.9082414125847873,0.5,0.9423224300287085,0.5,0.8076706202085372,0.5
0.9082333104164444,0.4472135954999579,0.9472688038019896,0.4472135954999579,0.8298698380599291,0.4472135954999579
0.9081059603460098,0.4472135954999579,0.9429746545803042,0.4472135954999579,0.8039669165048335,0.4472135954999579
0.9078294620749041,0.4472135954999579,0.9464730248432737,0.4472135954999579,0.802678671738328,0.4472135954999579
0.9078026236422685,0.4472135954999579,0.9491393919181341,0.4472135954999579,0.8054809250966987,0.4472135954999579
0.9076940098361266,0.4472135954999579,0.9479129261852425,0.4472135954999579,0.8052091525296783,0.4472135954999579
0.9076509670668054,0.4472135954999579,0.9360878114889217,0.4472135954999579,0.8052091525296783,0.4472135954999579
0.9076241286341699,0.4472135954999579,0.9410878621274741,0.4472135954999579,0.8030194574178395,0.4472135954999579
0.9075891880331917,0.4472135954999579,0.9422793872593873,0.4472135954999579,0.8169729457899326,0.4472135954999579
0.9071853396916513,0.4472135954999579,0.9367400360405174,0.4472135954999579,0.7906201015402228,0.4472135954999579
0.9071197686548305,0.4472135954999579,0.9516434683215816,0.4472135954999579,0.8076246114668763,0.4472135954999579
0.9070498874528738,0.4472135954999579,0.9417051460780913,0.4472135954999579,0.8067231611215433,0.4472135954999579
0.906980006250917,0.4472135954999579,0.9447297867975639,0.4472135954999579,0.8249699070730415,0.4472135954999579
0.9069144352140963,0.4472135954999579,0.9535034223417764,0.4472135954999579,0.8116691008500917,0.4472135954999579
0.9069063330457535,0.4472135954999579,0.9391661290736654,0.4472135954999579,0.8213122121109988,0.4472135954999579
0.9068632902764323,0.4472135954999579,0.9435919385309214,0.4472135954999579,0.8076706202085372,0.4472135954999579
0.8970067434064483,0.5,0.9334870154508821,0.5,0.8126625686787466,0.5
0.8967732879046639,0.5,0.9308892459495635,0.5,0.8078503752922357,0.5
0.8946811620110996,0.5,0.9331998830838266,0.5,0.8333017691966125,0.5
0.8913894088172789,0.5,0.9322605497179903,0.5,0.8296210698637392,0.5
0.8886893494406325,0.5,0.9323841077852182,0.5,0.7942317877606048,0.5
0.8877543026871171,0.5,0.9393876668510852,0.5,0.810426864825247,0.5
0.8863506255745415,0.5,0.9341005073982924,0.5,0.7775161699327524,0.5
0.8847347375992662,0.5,0.9254192813235363,0.5,0.7782897587750975,0.5
0.8846073875288315,0.5,0.9160139357295496,0.5,0.8070120532203443,0.5
0.8836493178987027,0.5,0.9296746979410365,0.5,0.8026096586258366,0.5
0.8831231597891269,0.5,0.9329826554715426,0.5,0.8133152508278899,0.5
0.8824641166976033,0.5,0.9359050063156873,0.5,0.8012106718881238,0.5
0.8824066478291253,0.5,0.9340655667973141,0.5,0.7912037705768747,0.5
0.8822818061334828,0.5,0.9335649988211816,0.5,0.8360810181841526,0.5
0.8811720799278907,0.5,0.928378351006188,0.5,0.8110335382327293,0.5
0.8809598690651912,0.5,0.9418137598842332,0.5,0.79775573638061,0.5
0.8807195950234787,0.5,0.9170806191658205,0.5,0.7677912059105183,0.5
0.8804729970509519,0.5,0.9415079148056998,0.5,0.7788964321825798,0.5
0.8804648948826092,0.5,0.9306920146771722,0.5,0.7934624788012048,0.5
0.8793551686770172,0.5,0.9358125968462311,0.5,0.8013674226009918,0.5
0.8776762180397133,0.5,0.9326362759984803,0.5,0.7844319257868297,0.5
0.8773997197686076,0.5,0.9300154836205481,0.5,0.7625504892441192,0.5
0.876520917137193,0.5,0.9267748753643914,0.5,0.772980028996207,0.5
0.8764991190069568,0.5,0.944139341279582,0.5,0.7987031954676039,0.5
0.8764267294302079,0.5,0.9359748875176439,0.5,0.7525665923037005,0.5
0.8761639035681809,0.5,0.9217130456922256,0.5,0.8063823754420316,0.5
0.8760740260263316,0.5,0.9321088931425272,0.5,0.8287196195184062,0.5
0.8758937527807042,0.5,0.9228721621507677,0.5,0.7672476607764778,0.5
0.8753600224411221,0.5,0.9359336229858517,0.5,0.8008698862086122,0.5
0.8752164680340018,0.5,0.9190304742806793,0.5,0.8092076331712328,0.5
0.8751559137467654,0.5,0.9289713048989621,0.5,0.7767987545540629,0.5
0.8749318675945533,0.5,0.9484871673665385,0.5,0.8348847909009688,0.5
0.8748556624617827,0.5,0.9238239078500825,0.5,0.7849754709208703,0.5
0.8745829797466989,0.5,0.9366271120692395,0.5,0.803626130825322,0.5
0.8745604514791993,0.5,0.9351872107272708,0.5,0.7791912091204305,0.5
0.8741441908041804,0.5,0.9176672726805954,0.5,0.7849294621792093,0.5
0.8739737979644244,0.5,0.9217011515206757,0.5,0.775887139486735,0.5
0.8738801048665532,0.5,0.9356140819454248,0.5,0.7977097276389491,0.5
0.8738464478939898,0.5,0.9272136643069102,0.5,0.7965365047265957,0.5
0.8737297083666901,0.5,0.9297564733145428,0.5,0.7753724835625746,0.5
0.8737178141951402,0.5,0.9377143100073321,0.5,0.8053659032425463,0.5
0.8735243749259558,0.5,0.9341042994014994,0.5,0.8110105338618989,0.5
0.8732909429769864,0.5,0.9253618124550582,0.5,0.7937342513682251,0.5
0.8731567154845863,0.5,0.9270338856703967,0.5,0.7619379309975872,0.5
0.8573352298059931,0.5773502691896257,0.9195459629650827,0.5773502691896257,0.7737723423264373,0.5773502691896257
0.8454240060182153,0.5773502691896257,0.8880933454583225,0.5773502691896257,0.8159564735904473,0.5773502691896257
0.8399327378710657,0.5773502691896257,0.9052823193493206,0.5773502691896257,0.7540806008955655,0.5773502691896257
0.8319673171718629,0.5773502691896257,0.8829796053820067,0.5773502691896257,0.7568079563023951,0.5773502691896257
0.8310803888192904,0.5773502691896257,0.8980197735302632,0.5773502691896257,0.7670866301806646,0.5773502691896257
0.8299169504192048,0.5773502691896257,0.9029998042761077,0.5773502691896257,0.767722192798027,0.5773502691896257
0.8211053241844779,0.5773502691896257,0.8740231411117447,0.5773502691896257,0.7001556807421316,0.5773502691896257
0.8203637402529619,0.5773502691896257,0.8869316852957656,0.5773502691896257,0.7590265406241139,0.5773502691896257
0.8195373073055887,0.5773502691896257,0.8649185649646697,0.5773502691896257,0.7288549708165482,0.5773502691896257
0.8190817958644555,0.5773502691896257,0.8707113915780316,0.5773502691896257,0.7669068750969661,0.5773502691896257
0.813823253081827,0.5773502691896257,0.8839308329193927,0.5773502691896257,0.6866751194354834,0.5773502691896257
0.8114645210994359,0.5773502691896257,0.8639205026547556,0.5773502691896257,0.7476206525751521,0.5773502691896257
0.809766351365133,0.5773502691896257,0.9132720936591818,0.5773502691896257,0.7237752847459622,0.5773502691896257
0.8085629320616696,0.5773502691896257,0.871143856589736,0.5773502691896257,0.7335291379780763,0.5773502691896257
0.807407619382742,0.5773502691896257,0.882229377567404,0.5773502691896257,0.7092322424981676,0.5773502691896257
0.8061661858359495,0.5773502691896257,0.8842678265956974,0.5773502691896257,0.7523178241075106,0.5773502691896257
0.8056200667157036,0.5773502691896257,0.8762793594670658,0.5773502691896257,0.7616848829184522,0.5773502691896257
0.801171728990948,0.5773502691896257,0.8861827411095777,0.5773502691896257,0.7391737685974288,0.5773502691896257
0.8007810466729648,0.5773502691896257,0.8614564424839081,0.5773502691896257,0.7655726215887995,0.5773502691896257
0.7997905212638347,0.5773502691896257,0.8795629869397287,0.5773502691896257,0.7314774690912204,0.5773502691896257
0.7983749264268943,0.5773502691896257,0.8851735265417849,0.5773502691896257,0.7131788295590116,0.5773502691896257
0.7962192432621873,0.5773502691896257,0.8609596429581676,0.5773502691896257,0.7137453790638826,0.5773502691896257
0.7939453485192464,0.5773502691896257,0.8877193620861388,0.5773502691896257,0.7281605598086893,0.5773502691896257
0.792587198997969,0.5773502691896257,0.8539029251889584,0.5773502691896257,0.6941873839750483,0.5773502691896257
0.7924074439142705,0.5773502691896257,0.8415635701074267,0.5773502691896257,0.7215625852632931,0.5773502691896257
0.7919962588708733,0.5773502691896257,0.8926226930900987,0.5773502691896257,0.7384750777066247,0.5773502691896257
0.7910207601576814,0.5773502691896257,0.8887417780067111,0.5773502691896257,0.7073902878756266,0.5773502691896257
0.7892230444509922,0.5773502691896257,0.8672360677444907,0.5773502691896257,0.7668838707261356,0.5773502691896257
0.7866059969706369,0.5773502691896257,0.85641332552322,0.5773502691896257,0.7132537275105526,0.5773502691896257
0.7863594814329626,0.5773502691896257,0.8889676259492667,0.5773502691896257,0.7206910940985765,0.5773502691896257
0.7851268213097391,0.5773502691896257,0.8646739807578212,0.5773502691896257,0.684959956345194,0.5773502691896257
0.784936962068427,0.5773502691896257,0.9009281928843649,0.5773502691896257,0.7659321317561965,0.5773502691896257
0.7844901180631956,0.5773502691896257,0.8565743678954405,0.5773502691896257,0.7232964728414678,0.5773502691896257
0.7841330809413684,0.5773502691896257,0.869398086616419,0.5773502691896257,0.748881613087882,0.5773502691896257
0.7837342964550423,0.5773502691896257,0.8669096846113209,0.5773502691896257,0.7295365421755715,0.5773502691896257
0.7834558433002958,0.5773502691896257,0.8754959928418284,0.5773502691896257,0.7566528105456316,0.5773502691896257
0.7813712660839229,0.5773502691896257,0.8705103447496182,0.5773502691896257,0.6822379507920459,0.5773502691896257
0.7812540083946943,0.5773502691896257,0.8761109568401733,0.5773502691896257,0.6743806206900241,0.5773502691896257
0.7804924398996933,0.5773502691896257,0.8671611226873196,0.5773502691896257,0.6836026984661969,0.5773502691896257
0.7798533342660248,0.5773502691896257,0.8876264344547534,0.5773502691896257,0.6768190839980527,0.5773502691896257
0.7797634567241756,0.5773502691896257,0.8407877639357885,0.5773502691896257,0.7203492384483284,0.5773502691896257
0.7765228720208339,0.5773502691896257,0.8558834107396598,0.5773502691896257,0.6945912979280017,0.5773502691896257
0.7764367864821916,0.5773502691896257,0.8649811094647694,0.5773502691896257,0.7177379748663875,0.5773502691896257
0.7761577562834788,0.5773502691896257,0.841226576431122,0.5773502691896257,0.6601323553800803,0.5773502691896257
0.7758980629458401,0.5773502691896257,0.8743350981457576,0.5773502691896257,0.7405037422226501,0.5773502691896257
0.6797579335890698,0.7071067811865476,0.8262738010027375,0.7071067811865476,0.6339244921651392,0.7071067811865476
0.6270467455073594,0.7071067811865476,0.7855231563033104,0.7071067811865476,0.6345873390362773,0.7071067811865476
0.6029145430859888,0.7071067811865476,0.7592513101842137,0.7071067811865476,0.5001128819126797,0.7071067811865476
0.6024373866079166,0.7071067811865476,0.7637404649372777,0.7071067811865476,0.5644887412329272,0.7071067811865476
0.598896150221738,0.7071067811865476,0.7830945077897402,0.7071067811865476,0.5825300528030558,0.7071067811865476
0.5981199200994306,0.7071067811865476,0.7858183672858937,0.7071067811865476,0.5809111870790333,0.7071067811865476
0.5971540191583308,0.7071067811865476,0.782361296883939,0.7071067811865476,0.6183403683909245,0.7071067811865476
0.5947347446651108,0.7071067811865476,0.7420980305842723,0.7071067811865476,0.5974010410815265,0.7071067811865476
0.5930047079721803,0.7071067811865476,0.7656004189574723,0.7071067811865476,0.5850589286383018,0.7071067811865476
0.5909007350126961,0.7071067811865476,0.7911762205127589,0.7071067811865476,0.5470412634214454,0.7071067811865476
0.5907582640350635,0.7071067811865476,0.74447599344007,0.7071067811865476,0.5744111148560087,0.7071067811865476
0.5862053400355223,0.7071067811865476,0.7128993114805605,0.7071067811865476,0.5206413404593384,0.7071067811865476
0.5830065969079394,0.7071067811865476,0.7608560812308325,0.7071067811865476,0.5310837198602618,0.7071067811865476
0.58149277505625,0.7071067811865476,0.7710192621986505,0.7071067811865476,0.560590837840585,0.7071067811865476
0.5810307865910056,0.7071067811865476,0.7509771709630535,0.7071067811865476,0.5303090610471803,0.7071067811865476
0.5797402336486348,0.7071067811865476,0.7911767151218728,0.7071067811865476,0.5520562162624852,0.7071067811865476
0.5738481672494811,0.7071067811865476,0.7507668914311798,0.7071067811865476,0.5223805778911947,0.7071067811865476
0.5669116041657393,0.7071067811865476,0.7587897809988607,0.7071067811865476,0.534877836091183,0.7071067811865476
0.5654854223384789,0.7071067811865476,0.7748310615465673,0.7071067811865476,0.510697567421531,0.7071067811865476
0.5608689292913877,0.7071067811865476,0.7276713779362411,0.7071067811865476,0.4986229476623814,0.7071067811865476
0.5586326601703292,0.7071067811865476,0.7343437019890587,0.7071067811865476,0.5309157344546627,0.7071067811865476
0.5584354288979378,0.7071067811865476,0.7587360805807748,0.7071067811865476,0.5051636787733855,0.7071067811865476
0.5552067854717759,0.7071067811865476,0.7053301315636691,0.7071067811865476,0.5603811235762701,0.7071067811865476
0.5542033295672383,0.7071067811865476,0.7419498951546443,0.7071067811865476,0.5611520374917746,0.7071067811865476
0.5538706931616992,0.7071067811865476,0.7328418214145491,0.7071067811865476,0.47125791109613147,0.7071067811865476
0.5528890118345828,0.7071067811865476,0.7357271707864073,0.7071067811865476,0.5865804270253209,0.7071067811865476
0.5525268166462818,0.7071067811865476,0.7873383128694701,0.7071067811865476,0.5104370295472419,0.7071067811865476
0.5520632854716581,0.7071067811865476,0.7447917307008823,0.7071067811865476,0.49514554276940526,0.7071067811865476
0.5513387184489436,0.7071067811865476,0.7297447675655128,0.7071067811865476,0.6048844164112112,0.7071067811865476
0.5506239022916183,0.7071067811865476,0.720157817991854,0.7071067811865476,0.4570171355813418,0.7071067811865476
0.5496313984460324,0.7071067811865476,0.7153011215614951,0.7071067811865476,0.5192423537216257,0.7071067811865476
0.5485458020993567,0.7071067811865476,0.7376752947693672,0.7071067811865476,0.5057441378978285,0.7071067811865476
0.5476317880095916,0.7071067811865476,0.7463096625187805,0.7071067811865476,0.5097902322371484,0.7071067811865476
0.5465005816367652,0.7071067811865476,0.7135502052981115,0.7071067811865476,0.46623760840141026,0.7071067811865476
0.5464957650861079,0.7071067811865476,0.7163543210112071,0.7071067811865476,0.5505657470268188,0.7071067811865476
0.545698101902196,0.7071067811865476,0.7220907739619863,0.7071067811865476,0.47645261902086977,0.7071067811865476
0.545275941247032,0.7071067811865476,0.7498099758889833,0.7071067811865476,0.5175271906313362,0.7071067811865476
0.5440051962220342,0.7071067811865476,0.6991585403566886,0.7071067811865476,0.4707780292209008,0.7071067811865476
0.5430217955394265,0.7071067811865476,0.7227748419193942,0.7071067811865476,0.48541576387885793,0.7071067811865476
0.5401665937707044,0.7071067811865476,0.7487901507780554,0.7071067811865476,0.5193761000636632,0.7071067811865476
0.5386344713817989,0.7071067811865476,0.7139971435146029,0.7071067811865476,0.5016557797144248,0.7071067811865476
0.5382517734680837,0.7071067811865476,0.719470205335796,0.7071067811865476,0.4450200887005741,0.7071067811865476
0.5377949548457208,0.7071067811865476,0.7207379356004802,0.7071067811865476,0.4939589452228482,0.7071067811865476
0.5328497469367798,0.7071067811865476,0.734809329364213,0.7071067811865476,0.5171173918393331,0.7071067811865476
0.5200457301455069,0.7071067811865476,0.7318388130134955,0.7071067811865476,0.4945217498301422,0.7071067811865476
0.2,1.0,0.2,1.0,0.2,1.0
